(node:62554) Warning: SECURITY WARNING: The SSL modes 'prefer', 'require', and 'verify-ca' are treated as aliases for 'verify-full'.
In the next major version (pg-connection-string v3.0.0 and pg v9.0.0), these modes will adopt standard libpq semantics, which have weaker security guarantees.

To prepare for this change:
- If you want the current behavior, explicitly use 'sslmode=verify-full'
- If you want libpq compatibility now, use 'uselibpqcompat=true&sslmode=require'

See https://www.postgresql.org/docs/current/libpq-ssl.html for libpq SSL mode definitions.
(Use `node --trace-warnings ...` to show where the warning was created)
detector version : 2.1.0
target           : ep-tiny-hat-atdgpisx.c-9.us-east-1.aws.neon.tech (read-only txn; credentials not printed)
slug file        : docs/evidence/adr029-scan-2026-09-06/input-slugs.txt (133 works)

PASS  adeney-expositorsonglament               29 sections  —                      no findings
FAIL  bacon-lw-history                        854 sections  §1…§851 (15 findings)  apparatus-title=14, word-index-title=1
FAIL  baird-huguenots                        1213 sections  §1…§42 (39 findings)   apparatus-title=39
PASS  bangs-alphabetic                          2 sections  —                      no findings
FAIL  bangs-history1                          682 sections  §1…§64 (4 findings)    apparatus-title=4, foreign-work-banner=3
FAIL  bangs-history2                          791 sections  §1…§2 (2 findings)     apparatus-title=2, foreign-work-banner=1
FAIL  bangs-history3                          864 sections  §1…§10 (2 findings)    apparatus-title=2
FAIL  bangs-history4                          900 sections  §1…§900 (3 findings)   apparatus-title=1, foreign-work-banner=1, word-index-title=2
PASS  barnes-crosswire-nt                    7431 sections  —                      foreign-work-banner=2
FAIL  bede-history                            912 sections  §1…§34 (34 findings)   apparatus-title=34
FAIL  bennett-expositor10                      30 sections  §30 (1 finding)        word-index-title=1
PASS  bernard-song-sermons                     86 sections  —                      no findings
PASS  boethius-trinity                          2 sections  —                      no findings
FAIL  bunyan-badman                             5 sections  §1…§2 (2 findings)     apparatus-title=2
PASS  bunyan-grace                              6 sections  —                      no findings
PASS  bunyan-holy-war                          20 sections  —                      no findings
PASS  bunyan-miscellaneous                      4 sections  —                      no findings
PASS  bunyan-pilgrim                           22 sections  —                      no findings
PASS  bushnell-character                        2 sections  —                      no findings
PASS  charnock-cleansing                        1 sections  —                      no findings
PASS  charnock-efficient-regeneration           2 sections  —                      no findings
PASS  charnock-instr-regen                      1 sections  —                      no findings
PASS  charnock-nat-regen                        1 sections  —                      no findings
PASS  charnock-nec-regen                        1 sections  —                      no findings
PASS  chesterton-aquinas                        8 sections  —                      foreign-work-banner=1
PASS  chesterton-historyengland               399 sections  —                      foreign-work-banner=1
PASS  chesterton-rightworld                     1 sections  —                      no findings
PASS  clarke-entire-sanct                       1 sections  —                      no findings
PASS  clarkson-owenfuneral                      1 sections  —                      no findings
PASS  cranmer-doctrine                          1 sections  —                      no findings
PASS  cripplegate-puritan-sermons              70 sections  —                      foreign-work-banner=2
FAIL  dickinson-musicchurch                   781 sections  §1…§5 (5 findings)     apparatus-title=5, foreign-work-byline=1
PASS  donne-deaths-duel                         1 sections  —                      no findings
FAIL  donne-devotions                          95 sections  §1 (1 finding)         foreign-work-attribution=1
PASS  donne-divine-poems                       41 sections  —                      no findings
PASS  donne-easter                              1 sections  —                      no findings
PASS  donne-spital                              1 sections  —                      no findings
FAIL  edersheim-lifetimes                    4579 sections  §1…§4578 (12 findings) apparatus-title=3, foreign-work-banner=34, word-index-title=8
PASS  edwards-charity-fruits                   16 sections  —                      no findings
PASS  edwards-trinity                           1 sections  —                      no findings
PASS  erasmus-against-war                       1 sections  —                      no findings
FAIL  flavel-life                               1 sections  §1 (1 finding)         foreign-work-banner=1
FAIL  foxe-martyrs                           1334 sections  §1…§24 (24 findings)   apparatus-title=24, foreign-work-banner=28
PASS  herrick-noble-numbers                   270 sections  —                      no findings
FAIL  hort-ecclesia                           437 sections  §1…§435 (8 findings)   apparatus-title=1, word-index-title=7
PASS  ignatius-autobiography                   10 sections  —                      no findings
PASS  ignatius-exercises                       96 sections  —                      no findings
PASS  jfb                                   15473 sections  —                      foreign-work-banner=2
PASS  jowett-brooks                            27 sections  —                      no findings
PASS  julian-revelations                       86 sections  —                      no findings
PASS  kempis-imitation-benham                 114 sections  —                      no findings
PASS  kierkegaard-untruth                       1 sections  —                      no findings
PASS  knox-prayer                               2 sections  —                      no findings
PASS  kronstadt-christlife                      2 sections  —                      no findings
FAIL  lardner-n-mosaic                          2 sections  §2 (1 finding)         publisher-blurb-body=1
PASS  law-clergy                                1 sections  —                      no findings
PASS  law-errors                                2 sections  —                      no findings
PASS  law-grounds                               2 sections  —                      no findings
FAIL  luther-bondage                          172 sections  §172 (1 finding)       word-index-title=1
PASS  luther-christianliberty                   2 sections  —                      no findings
FAIL  luther-first-prin                        27 sections  §26…§27 (2 findings)   foreign-work-byline=2, word-index-title=2
PASS  luther-galatians                          6 sections  —                      no findings
PASS  luther-good-works                         8 sections  —                      no findings
PASS  luther-prefacetoromans                    2 sections  —                      no findings
PASS  luther-sermons                           47 sections  —                      no findings
PASS  luther-smalcald                           6 sections  —                      no findings
PASS  luther-stpeter-stjude                     9 sections  —                      no findings
PASS  luther-tabletalk                         46 sections  —                      no findings
PASS  luther-theses                             2 sections  —                      no findings
FAIL  luther-translating                        1 sections  §1 (1 finding)         apparatus-title=1
PASS  luther-works1                             8 sections  —                      no findings
PASS  luther-works2                             8 sections  —                      no findings
FAIL  manton-manton01                          38 sections  §38 (1 finding)        foreign-work-byline=1, word-index-title=1
FAIL  manton-manton02                          47 sections  §3…§47 (3 findings)    foreign-work-byline=1, apparatus-title=2, word-index-title=1
FAIL  manton-manton03                          33 sections  §33 (1 finding)        word-index-title=1
FAIL  manton-manton04                          10 sections  §2…§10 (2 findings)    apparatus-title=1, word-index-title=1
FAIL  manton-manton05                          37 sections  §2…§37 (4 findings)    apparatus-title=3, word-index-title=1
FAIL  manton-manton06                          54 sections  §54 (1 finding)        word-index-title=1
FAIL  manton-manton07                          53 sections  §53 (1 finding)        word-index-title=1
FAIL  manton-manton08                          57 sections  §57 (1 finding)        word-index-title=1
FAIL  manton-manton20                          53 sections  §53 (1 finding)        word-index-title=1
FAIL  miller-history                         1103 sections  §1…§22 (22 findings)   apparatus-title=22, foreign-work-banner=1
PASS  neander-a-expo-phil                       2 sections  —                      foreign-work-banner=1
PASS  newman-apologia                           5 sections  —                      foreign-work-banner=4
FAIL  origen-commentary                      1224 sections  §1…§101 (2 findings)   foreign-work-banner=2
PASS  pascal-memorial                           1 sections  —                      no findings
PASS  pascal-pensees                           15 sections  —                      no findings
PASS  pascal-provincial                        20 sections  —                      no findings
PASS  penn-sermon                               2 sections  —                      no findings
PASS  pink-law                                  2 sections  —                      no findings
PASS  pnt-crosswire                          6067 sections  —                      foreign-work-banner=2
PASS  poole-tcp                             24104 sections  —                      foreign-work-banner=3
FAIL  robertson-history                       636 sections  §1 (1 finding)         apparatus-title=1
FAIL  rutherford-triumph                      813 sections  §1…§813 (2 findings)   apparatus-title=1, word-index-title=1
FAIL  schaff-anf06                            563 sections  §16…§139 (3 findings)  foreign-work-banner=3
FAIL  schaff-anf07                            477 sections  §367…§477 (3 findings) foreign-work-banner=5, word-index-title=1
FAIL  schaff-anf08                           1255 sections  §543…§1037 (3 findings) apparatus-title=1, foreign-work-banner=4, foreign-work-byline=1
FAIL  schaff-hcc1                            2159 sections  §13…§2159 (116 findings) apparatus-title=2, foreign-work-byline=2, foreign-work-banner=3, word-index-title=115
FAIL  schaff-hcc2                            2082 sections  §1…§2082 (106 findings) apparatus-title=11, foreign-work-byline=6, foreign-work-banner=34, word-index-title=93
FAIL  schaff-hcc3                            2325 sections  §1…§2325 (55 findings) apparatus-title=3, foreign-work-banner=63, foreign-work-byline=1, word-index-title=50
FAIL  schaff-hcc4                            1755 sections  §517…§1755 (39 findings) foreign-work-banner=19, foreign-work-byline=1, apparatus-title=1, word-index-title=38
FAIL  schaff-hcc5                            1725 sections  §1…§1725 (14 findings) apparatus-title=1, foreign-work-byline=4, foreign-work-banner=14, word-index-title=13
FAIL  schaff-hcc6                            1861 sections  §1…§1861 (21 findings) apparatus-title=6, foreign-work-byline=5, foreign-work-banner=26, word-index-title=14
FAIL  schaff-hcc7                            1672 sections  §1…§1672 (82 findings) apparatus-title=1, foreign-work-banner=9, foreign-work-byline=2, word-index-title=81
FAIL  schaff-hcc8                            2053 sections  §1…§2053 (98 findings) apparatus-title=13, foreign-work-byline=2, foreign-work-banner=123, word-index-title=82
PASS  schaff-npnf106                          198 sections  —                      no findings
PASS  schaff-npnf107                          143 sections  —                      no findings
PASS  schaff-npnf108                            7 sections  —                      no findings
FAIL  schaff-npnf109                           14 sections  §1…§12 (2 findings)    apparatus-title=1, foreign-work-banner=1
FAIL  schaff-npnf110                           88 sections  §3 (1 finding)         foreign-work-banner=1
FAIL  schaff-npnf111                           91 sections  §59 (1 finding)        foreign-work-banner=1, apparatus-title=1
FAIL  schaff-npnf112                           76 sections  §2…§47 (2 findings)    apparatus-title=1, foreign-work-banner=1
PASS  schaff-npnf113                            6 sections  —                      no findings
FAIL  schaff-npnf114                          125 sections  §1…§89 (2 findings)    foreign-work-banner=1, apparatus-title=1
FAIL  schaff-npnf201                          588 sections  §2…§478 (22 findings)  foreign-work-banner=25, apparatus-title=1
FAIL  schaff-npnf202                          495 sections  §41…§329 (8 findings)  foreign-work-banner=11
FAIL  schaff-npnf203                          584 sections  §3…§50 (7 findings)    foreign-work-banner=10
FAIL  schaff-npnf204                          238 sections  §1…§205 (2 findings)   apparatus-title=1, foreign-work-banner=3
FAIL  schaff-person                           512 sections  §1…§509 (31 findings)  apparatus-title=1, foreign-work-banner=1, word-index-title=30
PASS  scofield-crosswire                     3207 sections  —                      no findings
PASS  shepard-sabbath                           1 sections  —                      no findings
PASS  spurgeon-catechism                        1 sections  —                      no findings
PASS  thayers-lexicon                        5507 sections  —                      foreign-work-banner=1
PASS  thompson-chain-reference               1650 sections  —                      foreign-work-banner=1, foreign-work-byline=3
PASS  tolstoy-kreutzer                          1 sections  —                      no findings
FAIL  tolstoy-maupassant                        2 sections  §1…§2 (2 findings)     foreign-work-banner=1, word-index-title=1
PASS  tulloch-religion                          1 sections  —                      no findings
FAIL  vanbraght-mirror                       7080 sections  §1…§6951 (7 findings)  apparatus-title=28, foreign-work-byline=2, foreign-work-banner=34
PASS  whitefield-works                         59 sections  —                      no findings
PASS  whyte-behmen                              2 sections  —                      no findings
FAIL  winkworth-tauler                        731 sections  §1…§153 (9 findings)   apparatus-title=40, foreign-work-byline=1, foreign-work-banner=170
FAIL  wuttke-ethics1                         1135 sections  §1…§1132 (6 findings)  apparatus-title=1, foreign-work-banner=1, word-index-title=4
FAIL  young-j-christ                          409 sections  §1…§407 (12 findings)  apparatus-title=4, word-index-title=8

=== SCAN VERDICT — 133 works: 75 PASS, 58 FAIL, 0 EMPTY ===

JSON_DETAIL_BEGIN
{
 "detectorVersion": "2.1.0",
 "slugFile": "docs/evidence/adr029-scan-2026-09-06/input-slugs.txt",
 "works": [
  {
   "slug": "adeney-expositorsonglament",
   "verdict": "PASS",
   "author": "Adeney, Walter Frederic",
   "scanned": 29,
   "findings": []
  },
  {
   "slug": "bacon-lw-history",
   "verdict": "FAIL",
   "author": "Bacon, Leonard Woolsey",
   "scanned": 854,
   "findings": [
    {
     "ordinal": 1,
     "position": "head",
     "kind": "apparatus-title",
     "strength": "strong",
     "evidence": "Title Page",
     "reason": null
    },
    {
     "ordinal": 2,
     "position": "head",
     "kind": "apparatus-title",
     "strength": "strong",
     "evidence": "Contents (1/13)",
     "reason": null
    },
    {
     "ordinal": 3,
     "position": "head",
     "kind": "apparatus-title",
     "strength": "strong",
     "evidence": "Contents (2/13)",
     "reason": null
    },
    {
     "ordinal": 4,
     "position": "head",
     "kind": "apparatus-title",
     "strength": "strong",
     "evidence": "Contents (3/13)",
     "reason": null
    },
    {
     "ordinal": 5,
     "position": "head",
     "kind": "apparatus-title",
     "strength": "strong",
     "evidence": "Contents (4/13)",
     "reason": null
    },
    {
     "ordinal": 6,
     "position": "head",
     "kind": "apparatus-title",
     "strength": "strong",
     "evidence": "Contents (5/13)",
     "reason": null
    },
    {
     "ordinal": 7,
     "position": "head",
     "kind": "apparatus-title",
     "strength": "strong",
     "evidence": "Contents (6/13)",
     "reason": null
    },
    {
     "ordinal": 8,
     "position": "head",
     "kind": "apparatus-title",
     "strength": "strong",
     "evidence": "Contents (7/13)",
     "reason": null
    },
    {
     "ordinal": 9,
     "position": "head",
     "kind": "apparatus-title",
     "strength": "strong",
     "evidence": "Contents (8/13)",
     "reason": null
    },
    {
     "ordinal": 10,
     "position": "head",
     "kind": "apparatus-title",
     "strength": "strong",
     "evidence": "Contents (9/13)",
     "reason": null
    },
    {
     "ordinal": 11,
     "position": "head",
     "kind": "apparatus-title",
     "strength": "strong",
     "evidence": "Contents (10/13)",
     "reason": null
    },
    {
     "ordinal": 12,
     "position": "head",
     "kind": "apparatus-title",
     "strength": "strong",
     "evidence": "Contents (11/13)",
     "reason": null
    },
    {
     "ordinal": 13,
     "position": "middle",
     "kind": "apparatus-title",
     "strength": "strong",
     "evidence": "Contents (12/13)",
     "reason": null
    },
    {
     "ordinal": 14,
     "position": "middle",
     "kind": "apparatus-title",
     "strength": "strong",
     "evidence": "Contents (13/13)",
     "reason": null
    },
    {
     "ordinal": 851,
     "position": "tail",
     "kind": "word-index-title",
     "strength": "strong",
     "evidence": "Indexes — Latin Words and Phrases",
     "reason": null
    }
   ]
  },
  {
   "slug": "baird-huguenots",
   "verdict": "FAIL",
   "author": "Baird, Henry M.",
   "scanned": 1213,
   "findings": [
    {
     "ordinal": 1,
     "position": "head",
     "kind": "apparatus-title",
     "strength": "strong",
     "evidence": "Title Page",
     "reason": null
    },
    {
     "ordinal": 5,
     "position": "head",
     "kind": "apparatus-title",
     "strength": "strong",
     "evidence": "PREFACE (1/16)",
     "reason": null
    },
    {
     "ordinal": 6,
     "position": "head",
     "kind": "apparatus-title",
     "strength": "strong",
     "evidence": "PREFACE (2/16)",
     "reason": null
    },
    {
     "ordinal": 7,
     "position": "head",
     "kind": "apparatus-title",
     "strength": "strong",
     "evidence": "PREFACE (3/16)",
     "reason": null
    },
    {
     "ordinal": 8,
     "position": "head",
     "kind": "apparatus-title",
     "strength": "strong",
     "evidence": "PREFACE (4/16)",
     "reason": null
    },
    {
     "ordinal": 9,
     "position": "head",
     "kind": "apparatus-title",
     "strength": "strong",
     "evidence": "PREFACE (5/16)",
     "reason": null
    },
    {
     "ordinal": 10,
     "position": "head",
     "kind": "apparatus-title",
     "strength": "strong",
     "evidence": "PREFACE (6/16)",
     "reason": null
    },
    {
     "ordinal": 11,
     "position": "head",
     "kind": "apparatus-title",
     "strength": "strong",
     "evidence": "PREFACE (7/16)",
     "reason": null
    },
    {
     "ordinal": 12,
     "position": "head",
     "kind": "apparatus-title",
     "strength": "strong",
     "evidence": "PREFACE (8/16)",
     "reason": null
    },
    {
     "ordinal": 13,
     "position": "middle",
     "kind": "apparatus-title",
     "strength": "strong",
     "evidence": "PREFACE (9/16)",
     "reason": null
    },
    {
     "ordinal": 14,
     "position": "middle",
     "kind": "apparatus-title",
     "strength": "strong",
     "evidence": "PREFACE (10/16)",
     "reason": null
    },
    {
     "ordinal": 15,
     "position": "middle",
     "kind": "apparatus-title",
     "strength": "strong",
     "evidence": "PREFACE (11/16)",
     "reason": null
    },
    {
     "ordinal": 16,
     "position": "middle",
     "kind": "apparatus-title",
     "strength": "strong",
     "evidence": "PREFACE (12/16)",
     "reason": null
    },
    {
     "ordinal": 17,
     "position": "middle",
     "kind": "apparatus-title",
     "strength": "strong",
     "evidence": "PREFACE (13/16)",
     "reason": null
    },
    {
     "ordinal": 18,
     "position": "middle",
     "kind": "apparatus-title",
     "strength": "strong",
     "evidence": "PREFACE (14/16)",
     "reason": null
    },
    {
     "ordinal": 19,
     "position": "middle",
     "kind": "apparatus-title",
     "strength": "strong",
     "evidence": "PREFACE (15/16)",
     "reason": null
    },
    {
     "ordinal": 20,
     "position": "middle",
     "kind": "apparatus-title",
     "strength": "strong",
     "evidence": "PREFACE (16/16)",
     "reason": null
    },
    {
     "ordinal": 21,
     "position": "middle",
     "kind": "apparatus-title",
     "strength": "strong",
     "evidence": "CONTENTS (1/22)",
     "reason": null
    },
    {
     "ordinal": 22,
     "position": "middle",
     "kind": "apparatus-title",
     "strength": "strong",
     "evidence": "CONTENTS (2/22)",
     "reason": null
    },
    {
     "ordinal": 23,
     "position": "middle",
     "kind": "apparatus-title",
     "strength": "strong",
     "evidence": "CONTENTS (3/22)",
     "reason": null
    },
    {
     "ordinal": 24,
     "position": "middle",
     "kind": "apparatus-title",
     "strength": "strong",
     "evidence": "CONTENTS (4/22)",
     "reason": null
    },
    {
     "ordinal": 25,
     "position": "middle",
     "kind": "apparatus-title",
     "strength": "strong",
     "evidence": "CONTENTS (5/22)",
     "reason": null
    },
    {
     "ordinal": 26,
     "position": "middle",
     "kind": "apparatus-title",
     "strength": "strong",
     "evidence": "CONTENTS (6/22)",
     "reason": null
    },
    {
     "ordinal": 27,
     "position": "middle",
     "kind": "apparatus-title",
     "strength": "strong",
     "evidence": "CONTENTS (7/22)",
     "reason": null
    },
    {
     "ordinal": 28,
     "position": "middle",
     "kind": "apparatus-title",
     "strength": "strong",
     "evidence": "CONTENTS (8/22)",
     "reason": null
    },
    {
     "ordinal": 29,
     "position": "middle",
     "kind": "apparatus-title",
     "strength": "strong",
     "evidence": "CONTENTS (9/22)",
     "reason": null
    },
    {
     "ordinal": 30,
     "position": "middle",
     "kind": "apparatus-title",
     "strength": "strong",
     "evidence": "CONTENTS (10/22)",
     "reason": null
    },
    {
     "ordinal": 31,
     "position": "middle",
     "kind": "apparatus-title",
     "strength": "strong",
     "evidence": "CONTENTS (11/22)",
     "reason": null
    },
    {
     "ordinal": 32,
     "position": "middle",
     "kind": "apparatus-title",
     "strength": "strong",
     "evidence": "CONTENTS (12/22)",
     "reason": null
    },
    {
     "ordinal": 33,
     "position": "middle",
     "kind": "apparatus-title",
     "strength": "strong",
     "evidence": "CONTENTS (13/22)",
     "reason": null
    },
    {
     "ordinal": 34,
     "position": "middle",
     "kind": "apparatus-title",
     "strength": "strong",
     "evidence": "CONTENTS (14/22)",
     "reason": null
    },
    {
     "ordinal": 35,
     "position": "middle",
     "kind": "apparatus-title",
     "strength": "strong",
     "evidence": "CONTENTS (15/22)",
     "reason": null
    },
    {
     "ordinal": 36,
     "position": "middle",
     "kind": "apparatus-title",
     "strength": "strong",
     "evidence": "CONTENTS (16/22)",
     "reason": null
    },
    {
     "ordinal": 37,
     "position": "middle",
     "kind": "apparatus-title",
     "strength": "strong",
     "evidence": "CONTENTS (17/22)",
     "reason": null
    },
    {
     "ordinal": 38,
     "position": "middle",
     "kind": "apparatus-title",
     "strength": "strong",
     "evidence": "CONTENTS (18/22)",
     "reason": null
    },
    {
     "ordinal": 39,
     "position": "middle",
     "kind": "apparatus-title",
     "strength": "strong",
     "evidence": "CONTENTS (19/22)",
     "reason": null
    },
    {
     "ordinal": 40,
     "position": "middle",
     "kind": "apparatus-title",
     "strength": "strong",
     "evidence": "CONTENTS (20/22)",
     "reason": null
    },
    {
     "ordinal": 41,
     "position": "middle",
     "kind": "apparatus-title",
     "strength": "strong",
     "evidence": "CONTENTS (21/22)",
     "reason": null
    },
    {
     "ordinal": 42,
     "position": "middle",
     "kind": "apparatus-title",
     "strength": "strong",
     "evidence": "CONTENTS (22/22)",
     "reason": null
    }
   ]
  },
  {
   "slug": "bangs-alphabetic",
   "verdict": "PASS",
   "author": "Bangs, Nathan",
   "scanned": 2,
   "findings": []
  },
  {
   "slug": "bangs-history1",
   "verdict": "FAIL",
   "author": "Bangs, Nathan",
   "scanned": 682,
   "findings": [
    {
     "ordinal": 1,
     "position": "head",
     "kind": "apparatus-title",
     "strength": "strong",
     "evidence": "Title Page",
     "reason": null
    },
    {
     "ordinal": 3,
     "position": "head",
     "kind": "apparatus-title",
     "strength": "strong",
     "evidence": "PREFACE",
     "reason": null
    },
    {
     "ordinal": 8,
     "position": "head",
     "kind": "foreign-work-banner",
     "strength": "weak",
     "evidence": "Lee’s History",
     "reason": "names 'Lee', not the declared author 'Bangs, Nathan'"
    },
    {
     "ordinal": 13,
     "position": "middle",
     "kind": "apparatus-title",
     "strength": "strong",
     "evidence": "INTRODUCTION",
     "reason": null
    },
    {
     "ordinal": 64,
     "position": "middle",
     "kind": "apparatus-title",
     "strength": "strong",
     "evidence": "CONTENTS",
     "reason": null
    },
    {
     "ordinal": 321,
     "position": "middle",
     "kind": "foreign-work-banner",
     "strength": "weak",
     "evidence": "Memoir of Bishop Asbury",
     "reason": "names 'Asbury', not the declared author 'Bangs, Nathan'"
    },
    {
     "ordinal": 328,
     "position": "middle",
     "kind": "foreign-work-banner",
     "strength": "weak",
     "evidence": "Works of Supererogation\nVoluntary",
     "reason": "names 'Voluntary', not the declared author 'Bangs, Nathan'"
    }
   ]
  },
  {
   "slug": "bangs-history2",
   "verdict": "FAIL",
   "author": "Bangs, Nathan",
   "scanned": 791,
   "findings": [
    {
     "ordinal": 1,
     "position": "head",
     "kind": "apparatus-title",
     "strength": "strong",
     "evidence": "Title Page",
     "reason": null
    },
    {
     "ordinal": 2,
     "position": "head",
     "kind": "apparatus-title",
     "strength": "strong",
     "evidence": "CONTENTS",
     "reason": null
    },
    {
     "ordinal": 605,
     "position": "middle",
     "kind": "foreign-work-banner",
     "strength": "weak",
     "evidence": "Lee’s History",
     "reason": "names 'Lee', not the declared author 'Bangs, Nathan'"
    }
   ]
  },
  {
   "slug": "bangs-history3",
   "verdict": "FAIL",
   "author": "Bangs, Nathan",
   "scanned": 864,
   "findings": [
    {
     "ordinal": 1,
     "position": "head",
     "kind": "apparatus-title",
     "strength": "strong",
     "evidence": "Title Page",
     "reason": null
    },
    {
     "ordinal": 10,
     "position": "head",
     "kind": "apparatus-title",
     "strength": "strong",
     "evidence": "CONTENTS",
     "reason": null
    }
   ]
  },
  {
   "slug": "bangs-history4",
   "verdict": "FAIL",
   "author": "Bangs, Nathan",
   "scanned": 900,
   "findings": [
    {
     "ordinal": 1,
     "position": "head",
     "kind": "apparatus-title",
     "strength": "strong",
     "evidence": "Title Page",
     "reason": null
    },
    {
     "ordinal": 46,
     "position": "middle",
     "kind": "foreign-work-banner",
     "strength": "weak",
     "evidence": "Clarke’s Commentary",
     "reason": "names 'Clarke', not the declared author 'Bangs, Nathan'"
    },
    {
     "ordinal": 899,
     "position": "tail",
     "kind": "word-index-title",
     "strength": "strong",
     "evidence": "Indexes — Latin Words and Phrases",
     "reason": null
    },
    {
     "ordinal": 900,
     "position": "tail",
     "kind": "word-index-title",
     "strength": "strong",
     "evidence": "Indexes — French Words and Phrases",
     "reason": null
    }
   ]
  },
  {
   "slug": "barnes-crosswire-nt",
   "verdict": "PASS",
   "author": "Albert Barnes",
   "scanned": 7431,
   "findings": [
    {
     "ordinal": 5797,
     "position": "middle",
     "kind": "foreign-work-banner",
     "strength": "weak",
     "evidence": "THE EPISTLE OF PAUL TO THE",
     "reason": "names 'THE', not the declared author 'Albert Barnes'"
    },
    {
     "ordinal": 6270,
     "position": "middle",
     "kind": "foreign-work-banner",
     "strength": "weak",
     "evidence": "EPISTLE OF PAUL TO PHILEMON",
     "reason": "names 'PHILEMON', not the declared author 'Albert Barnes'"
    }
   ]
  },
  {
   "slug": "bede-history",
   "verdict": "FAIL",
   "author": "Bede, St.",
   "scanned": 912,
   "findings": [
    {
     "ordinal": 1,
     "position": "head",
     "kind": "apparatus-title",
     "strength": "strong",
     "evidence": "Title Page",
     "reason": null
    },
    {
     "ordinal": 2,
     "position": "head",
     "kind": "apparatus-title",
     "strength": "strong",
     "evidence": "Preface (1/3)",
     "reason": null
    },
    {
     "ordinal": 3,
     "position": "head",
     "kind": "apparatus-title",
     "strength": "strong",
     "evidence": "Preface (2/3)",
     "reason": null
    },
    {
     "ordinal": 4,
     "position": "head",
     "kind": "apparatus-title",
     "strength": "strong",
     "evidence": "Preface (3/3)",
     "reason": null
    },
    {
     "ordinal": 5,
     "position": "head",
     "kind": "apparatus-title",
     "strength": "strong",
     "evidence": "Introduction (1/30)",
     "reason": null
    },
    {
     "ordinal": 6,
     "position": "head",
     "kind": "apparatus-title",
     "strength": "strong",
     "evidence": "Introduction (2/30)",
     "reason": null
    },
    {
     "ordinal": 7,
     "position": "head",
     "kind": "apparatus-title",
     "strength": "strong",
     "evidence": "Introduction (3/30)",
     "reason": null
    },
    {
     "ordinal": 8,
     "position": "head",
     "kind": "apparatus-title",
     "strength": "strong",
     "evidence": "Introduction (4/30)",
     "reason": null
    },
    {
     "ordinal": 9,
     "position": "head",
     "kind": "apparatus-title",
     "strength": "strong",
     "evidence": "Introduction (5/30)",
     "reason": null
    },
    {
     "ordinal": 10,
     "position": "head",
     "kind": "apparatus-title",
     "strength": "strong",
     "evidence": "Introduction (6/30)",
     "reason": null
    },
    {
     "ordinal": 11,
     "position": "head",
     "kind": "apparatus-title",
     "strength": "strong",
     "evidence": "Introduction (7/30)",
     "reason": null
    },
    {
     "ordinal": 12,
     "position": "head",
     "kind": "apparatus-title",
     "strength": "strong",
     "evidence": "Introduction (8/30)",
     "reason": null
    },
    {
     "ordinal": 13,
     "position": "middle",
     "kind": "apparatus-title",
     "strength": "strong",
     "evidence": "Introduction (9/30)",
     "reason": null
    },
    {
     "ordinal": 14,
     "position": "middle",
     "kind": "apparatus-title",
     "strength": "strong",
     "evidence": "Introduction (10/30)",
     "reason": null
    },
    {
     "ordinal": 15,
     "position": "middle",
     "kind": "apparatus-title",
     "strength": "strong",
     "evidence": "Introduction (11/30)",
     "reason": null
    },
    {
     "ordinal": 16,
     "position": "middle",
     "kind": "apparatus-title",
     "strength": "strong",
     "evidence": "Introduction (12/30)",
     "reason": null
    },
    {
     "ordinal": 17,
     "position": "middle",
     "kind": "apparatus-title",
     "strength": "strong",
     "evidence": "Introduction (13/30)",
     "reason": null
    },
    {
     "ordinal": 18,
     "position": "middle",
     "kind": "apparatus-title",
     "strength": "strong",
     "evidence": "Introduction (14/30)",
     "reason": null
    },
    {
     "ordinal": 19,
     "position": "middle",
     "kind": "apparatus-title",
     "strength": "strong",
     "evidence": "Introduction (15/30)",
     "reason": null
    },
    {
     "ordinal": 20,
     "position": "middle",
     "kind": "apparatus-title",
     "strength": "strong",
     "evidence": "Introduction (16/30)",
     "reason": null
    },
    {
     "ordinal": 21,
     "position": "middle",
     "kind": "apparatus-title",
     "strength": "strong",
     "evidence": "Introduction (17/30)",
     "reason": null
    },
    {
     "ordinal": 22,
     "position": "middle",
     "kind": "apparatus-title",
     "strength": "strong",
     "evidence": "Introduction (18/30)",
     "reason": null
    },
    {
     "ordinal": 23,
     "position": "middle",
     "kind": "apparatus-title",
     "strength": "strong",
     "evidence": "Introduction (19/30)",
     "reason": null
    },
    {
     "ordinal": 24,
     "position": "middle",
     "kind": "apparatus-title",
     "strength": "strong",
     "evidence": "Introduction (20/30)",
     "reason": null
    },
    {
     "ordinal": 25,
     "position": "middle",
     "kind": "apparatus-title",
     "strength": "strong",
     "evidence": "Introduction (21/30)",
     "reason": null
    },
    {
     "ordinal": 26,
     "position": "middle",
     "kind": "apparatus-title",
     "strength": "strong",
     "evidence": "Introduction (22/30)",
     "reason": null
    },
    {
     "ordinal": 27,
     "position": "middle",
     "kind": "apparatus-title",
     "strength": "strong",
     "evidence": "Introduction (23/30)",
     "reason": null
    },
    {
     "ordinal": 28,
     "position": "middle",
     "kind": "apparatus-title",
     "strength": "strong",
     "evidence": "Introduction (24/30)",
     "reason": null
    },
    {
     "ordinal": 29,
     "position": "middle",
     "kind": "apparatus-title",
     "strength": "strong",
     "evidence": "Introduction (25/30)",
     "reason": null
    },
    {
     "ordinal": 30,
     "position": "middle",
     "kind": "apparatus-title",
     "strength": "strong",
     "evidence": "Introduction (26/30)",
     "reason": null
    },
    {
     "ordinal": 31,
     "position": "middle",
     "kind": "apparatus-title",
     "strength": "strong",
     "evidence": "Introduction (27/30)",
     "reason": null
    },
    {
     "ordinal": 32,
     "position": "middle",
     "kind": "apparatus-title",
     "strength": "strong",
     "evidence": "Introduction (28/30)",
     "reason": null
    },
    {
     "ordinal": 33,
     "position": "middle",
     "kind": "apparatus-title",
     "strength": "strong",
     "evidence": "Introduction (29/30)",
     "reason": null
    },
    {
     "ordinal": 34,
     "position": "middle",
     "kind": "apparatus-title",
     "strength": "strong",
     "evidence": "Introduction (30/30)",
     "reason": null
    }
   ]
  },
  {
   "slug": "bennett-expositor10",
   "verdict": "FAIL",
   "author": "Bennett, William H.",
   "scanned": 30,
   "findings": [
    {
     "ordinal": 30,
     "position": "tail",
     "kind": "word-index-title",
     "strength": "strong",
     "evidence": "Latin Words and Phrases",
     "reason": null
    }
   ]
  },
  {
   "slug": "bernard-song-sermons",
   "verdict": "PASS",
   "author": "Bernard of Clairvaux, trans. Samuel J. Eales",
   "scanned": 86,
   "findings": []
  },
  {
   "slug": "boethius-trinity",
   "verdict": "PASS",
   "author": "Boethius, Anicius Manlius Torquatus Severinus",
   "scanned": 2,
   "findings": []
  },
  {
   "slug": "bunyan-badman",
   "verdict": "FAIL",
   "author": "Bunyan, John",
   "scanned": 5,
   "findings": [
    {
     "ordinal": 1,
     "position": "head",
     "kind": "apparatus-title",
     "strength": "strong",
     "evidence": "Title",
     "reason": null
    },
    {
     "ordinal": 2,
     "position": "head",
     "kind": "apparatus-title",
     "strength": "strong",
     "evidence": "Publisher's Note",
     "reason": null
    }
   ]
  },
  {
   "slug": "bunyan-grace",
   "verdict": "PASS",
   "author": "Bunyan, John",
   "scanned": 6,
   "findings": []
  },
  {
   "slug": "bunyan-holy-war",
   "verdict": "PASS",
   "author": "Bunyan, John",
   "scanned": 20,
   "findings": []
  },
  {
   "slug": "bunyan-miscellaneous",
   "verdict": "PASS",
   "author": "Bunyan, John",
   "scanned": 4,
   "findings": []
  },
  {
   "slug": "bunyan-pilgrim",
   "verdict": "PASS",
   "author": "Bunyan, John",
   "scanned": 22,
   "findings": []
  },
  {
   "slug": "bushnell-character",
   "verdict": "PASS",
   "author": "Bushnell, Horace",
   "scanned": 2,
   "findings": []
  },
  {
   "slug": "charnock-cleansing",
   "verdict": "PASS",
   "author": "Charnock, Stephen",
   "scanned": 1,
   "findings": []
  },
  {
   "slug": "charnock-efficient-regeneration",
   "verdict": "PASS",
   "author": "Charnock, Stephen",
   "scanned": 2,
   "findings": []
  },
  {
   "slug": "charnock-instr-regen",
   "verdict": "PASS",
   "author": "Charnock, Stephen",
   "scanned": 1,
   "findings": []
  },
  {
   "slug": "charnock-nat-regen",
   "verdict": "PASS",
   "author": "Charnock, Stephen",
   "scanned": 1,
   "findings": []
  },
  {
   "slug": "charnock-nec-regen",
   "verdict": "PASS",
   "author": "Charnock, Stephen",
   "scanned": 1,
   "findings": []
  },
  {
   "slug": "chesterton-aquinas",
   "verdict": "PASS",
   "author": "Chesterton, Gilbert Keith",
   "scanned": 8,
   "findings": [
    {
     "ordinal": 5,
     "position": "head",
     "kind": "foreign-work-banner",
     "strength": "weak",
     "evidence": "LIFE OF ST. THOMAS",
     "reason": "names 'THOMAS', not the declared author 'Chesterton, Gilbert Keith'"
    }
   ]
  },
  {
   "slug": "chesterton-historyengland",
   "verdict": "PASS",
   "author": "Chesterton, Gilbert Keith",
   "scanned": 399,
   "findings": [
    {
     "ordinal": 1,
     "position": "head",
     "kind": "foreign-work-banner",
     "strength": "weak",
     "evidence": "HISTORY OF ENGLAND",
     "reason": "names 'ENGLAND', not the declared author 'Chesterton, Gilbert Keith'"
    }
   ]
  },
  {
   "slug": "chesterton-rightworld",
   "verdict": "PASS",
   "author": "Chesterton, Gilbert Keith",
   "scanned": 1,
   "findings": []
  },
  {
   "slug": "clarke-entire-sanct",
   "verdict": "PASS",
   "author": "Clarke, Adam C.",
   "scanned": 1,
   "findings": []
  },
  {
   "slug": "clarkson-owenfuneral",
   "verdict": "PASS",
   "author": "Clarkson, David",
   "scanned": 1,
   "findings": []
  },
  {
   "slug": "cranmer-doctrine",
   "verdict": "PASS",
   "author": "Cranmer, Thomas",
   "scanned": 1,
   "findings": []
  },
  {
   "slug": "cripplegate-puritan-sermons",
   "verdict": "PASS",
   "author": "Seventy-five Puritan ministers; ed. James Nichols",
   "scanned": 70,
   "findings": [
    {
     "ordinal": 58,
     "position": "middle",
     "kind": "foreign-work-banner",
     "strength": "weak",
     "evidence": "WORKS OF BELIEVERS BE MERITORIOUS",
     "reason": "names 'MERITORIOUS', not the declared author 'Seventy-five Puritan ministers; ed. James Nichols'"
    },
    {
     "ordinal": 59,
     "position": "tail",
     "kind": "foreign-work-banner",
     "strength": "weak",
     "evidence": "WORKS OF SUPER",
     "reason": "names 'SUPER', not the declared author 'Seventy-five Puritan ministers; ed. James Nichols'"
    }
   ]
  },
  {
   "slug": "dickinson-musicchurch",
   "verdict": "FAIL",
   "author": "Dickinson, Edward",
   "scanned": 781,
   "findings": [
    {
     "ordinal": 1,
     "position": "head",
     "kind": "apparatus-title",
     "strength": "strong",
     "evidence": "Title Page",
     "reason": null
    },
    {
     "ordinal": 2,
     "position": "head",
     "kind": "apparatus-title",
     "strength": "strong",
     "evidence": "Preface (1/3)",
     "reason": null
    },
    {
     "ordinal": 3,
     "position": "head",
     "kind": "apparatus-title",
     "strength": "strong",
     "evidence": "Preface (2/3)",
     "reason": null
    },
    {
     "ordinal": 4,
     "position": "head",
     "kind": "apparatus-title",
     "strength": "strong",
     "evidence": "Preface (3/3)",
     "reason": null
    },
    {
     "ordinal": 5,
     "position": "head",
     "kind": "apparatus-title",
     "strength": "strong",
     "evidence": "Contents",
     "reason": null
    },
    {
     "ordinal": 753,
     "position": "middle",
     "kind": "foreign-work-byline",
     "strength": "weak",
     "evidence": ". by Pougin. Paris",
     "reason": "names 'Paris', not the declared author 'Dickinson, Edward'"
    }
   ]
  },
  {
   "slug": "donne-deaths-duel",
   "verdict": "PASS",
   "author": "Donne, John",
   "scanned": 1,
   "findings": []
  },
  {
   "slug": "donne-devotions",
   "verdict": "FAIL",
   "author": "Donne, John",
   "scanned": 95,
   "findings": [
    {
     "ordinal": 1,
     "position": "head",
     "kind": "foreign-work-attribution",
     "strength": "strong",
     "evidence": "(Taken from the life by Izaak Walton)",
     "reason": "names 'Walton', not the declared author 'Donne, John'"
    }
   ]
  },
  {
   "slug": "donne-divine-poems",
   "verdict": "PASS",
   "author": "John Donne",
   "scanned": 41,
   "findings": []
  },
  {
   "slug": "donne-easter",
   "verdict": "PASS",
   "author": "Donne, John",
   "scanned": 1,
   "findings": []
  },
  {
   "slug": "donne-spital",
   "verdict": "PASS",
   "author": "Donne, John",
   "scanned": 1,
   "findings": []
  },
  {
   "slug": "edersheim-lifetimes",
   "verdict": "FAIL",
   "author": "Alfred Edersheim",
   "scanned": 4579,
   "findings": [
    {
     "ordinal": 1,
     "position": "head",
     "kind": "apparatus-title",
     "strength": "strong",
     "evidence": "Title Page",
     "reason": null
    },
    {
     "ordinal": 2,
     "position": "head",
     "kind": "apparatus-title",
     "strength": "strong",
     "evidence": "PREFACE",
     "reason": null
    },
    {
     "ordinal": 29,
     "position": "middle",
     "kind": "apparatus-title",
     "strength": "strong",
     "evidence": "PREFACE",
     "reason": null
    },
    {
     "ordinal": 383,
     "position": "middle",
     "kind": "foreign-work-banner",
     "strength": "strong",
     "evidence": "HISTORY OF HEROD",
     "reason": "names 'HEROD', not the declared author 'Alfred Edersheim'"
    },
    {
     "ordinal": 384,
     "position": "middle",
     "kind": "foreign-work-banner",
     "strength": "weak",
     "evidence": "HISTORY OF HEROD",
     "reason": "names 'HEROD', not the declared author 'Alfred Edersheim'"
    },
    {
     "ordinal": 385,
     "position": "middle",
     "kind": "foreign-work-banner",
     "strength": "weak",
     "evidence": "HISTORY OF HEROD",
     "reason": "names 'HEROD', not the declared author 'Alfred Edersheim'"
    },
    {
     "ordinal": 386,
     "position": "middle",
     "kind": "foreign-work-banner",
     "strength": "weak",
     "evidence": "HISTORY OF HEROD",
     "reason": "names 'HEROD', not the declared author 'Alfred Edersheim'"
    },
    {
     "ordinal": 387,
     "position": "middle",
     "kind": "foreign-work-banner",
     "strength": "weak",
     "evidence": "HISTORY OF HEROD",
     "reason": "names 'HEROD', not the declared author 'Alfred Edersheim'"
    },
    {
     "ordinal": 388,
     "position": "middle",
     "kind": "foreign-work-banner",
     "strength": "weak",
     "evidence": "HISTORY OF HEROD",
     "reason": "names 'HEROD', not the declared author 'Alfred Edersheim'"
    },
    {
     "ordinal": 389,
     "position": "middle",
     "kind": "foreign-work-banner",
     "strength": "weak",
     "evidence": "HISTORY OF HEROD",
     "reason": "names 'HEROD', not the declared author 'Alfred Edersheim'"
    },
    {
     "ordinal": 390,
     "position": "middle",
     "kind": "foreign-work-banner",
     "strength": "weak",
     "evidence": "HISTORY OF HEROD",
     "reason": "names 'HEROD', not the declared author 'Alfred Edersheim'"
    },
    {
     "ordinal": 391,
     "position": "middle",
     "kind": "foreign-work-banner",
     "strength": "weak",
     "evidence": "HISTORY OF HEROD",
     "reason": "names 'HEROD', not the declared author 'Alfred Edersheim'"
    },
    {
     "ordinal": 392,
     "position": "middle",
     "kind": "foreign-work-banner",
     "strength": "weak",
     "evidence": "HISTORY OF HEROD",
     "reason": "names 'HEROD', not the declared author 'Alfred Edersheim'"
    },
    {
     "ordinal": 393,
     "position": "middle",
     "kind": "foreign-work-banner",
     "strength": "weak",
     "evidence": "HISTORY OF HEROD",
     "reason": "names 'HEROD', not the declared author 'Alfred Edersheim'"
    },
    {
     "ordinal": 394,
     "position": "middle",
     "kind": "foreign-work-banner",
     "strength": "weak",
     "evidence": "HISTORY OF HEROD",
     "reason": "names 'HEROD', not the declared author 'Alfred Edersheim'"
    },
    {
     "ordinal": 395,
     "position": "middle",
     "kind": "foreign-work-banner",
     "strength": "weak",
     "evidence": "HISTORY OF HEROD",
     "reason": "names 'HEROD', not the declared author 'Alfred Edersheim'"
    },
    {
     "ordinal": 396,
     "position": "middle",
     "kind": "foreign-work-banner",
     "strength": "weak",
     "evidence": "HISTORY OF HEROD",
     "reason": "names 'HEROD', not the declared author 'Alfred Edersheim'"
    },
    {
     "ordinal": 397,
     "position": "middle",
     "kind": "foreign-work-banner",
     "strength": "weak",
     "evidence": "HISTORY OF HEROD",
     "reason": "names 'HEROD', not the declared author 'Alfred Edersheim'"
    },
    {
     "ordinal": 398,
     "position": "middle",
     "kind": "foreign-work-banner",
     "strength": "weak",
     "evidence": "HISTORY OF HEROD",
     "reason": "names 'HEROD', not the declared author 'Alfred Edersheim'"
    },
    {
     "ordinal": 399,
     "position": "middle",
     "kind": "foreign-work-banner",
     "strength": "weak",
     "evidence": "HISTORY OF HEROD",
     "reason": "names 'HEROD', not the declared author 'Alfred Edersheim'"
    },
    {
     "ordinal": 400,
     "position": "middle",
     "kind": "foreign-work-banner",
     "strength": "weak",
     "evidence": "HISTORY OF HEROD",
     "reason": "names 'HEROD', not the declared author 'Alfred Edersheim'"
    },
    {
     "ordinal": 401,
     "position": "middle",
     "kind": "foreign-work-banner",
     "strength": "weak",
     "evidence": "HISTORY OF HEROD",
     "reason": "names 'HEROD', not the declared author 'Alfred Edersheim'"
    },
    {
     "ordinal": 402,
     "position": "middle",
     "kind": "foreign-work-banner",
     "strength": "weak",
     "evidence": "HISTORY OF HEROD",
     "reason": "names 'HEROD', not the declared author 'Alfred Edersheim'"
    },
    {
     "ordinal": 403,
     "position": "middle",
     "kind": "foreign-work-banner",
     "strength": "weak",
     "evidence": "HISTORY OF HEROD",
     "reason": "names 'HEROD', not the declared author 'Alfred Edersheim'"
    },
    {
     "ordinal": 404,
     "position": "middle",
     "kind": "foreign-work-banner",
     "strength": "weak",
     "evidence": "HISTORY OF HEROD",
     "reason": "names 'HEROD', not the declared author 'Alfred Edersheim'"
    },
    {
     "ordinal": 405,
     "position": "middle",
     "kind": "foreign-work-banner",
     "strength": "weak",
     "evidence": "HISTORY OF HEROD",
     "reason": "names 'HEROD', not the declared author 'Alfred Edersheim'"
    },
    {
     "ordinal": 406,
     "position": "middle",
     "kind": "foreign-work-banner",
     "strength": "weak",
     "evidence": "HISTORY OF HEROD",
     "reason": "names 'HEROD', not the declared author 'Alfred Edersheim'"
    },
    {
     "ordinal": 407,
     "position": "middle",
     "kind": "foreign-work-banner",
     "strength": "weak",
     "evidence": "HISTORY OF HEROD",
     "reason": "names 'HEROD', not the declared author 'Alfred Edersheim'"
    },
    {
     "ordinal": 408,
     "position": "middle",
     "kind": "foreign-work-banner",
     "strength": "weak",
     "evidence": "HISTORY OF HEROD",
     "reason": "names 'HEROD', not the declared author 'Alfred Edersheim'"
    },
    {
     "ordinal": 409,
     "position": "middle",
     "kind": "foreign-work-banner",
     "strength": "weak",
     "evidence": "HISTORY OF HEROD",
     "reason": "names 'HEROD', not the declared author 'Alfred Edersheim'"
    },
    {
     "ordinal": 410,
     "position": "middle",
     "kind": "foreign-work-banner",
     "strength": "weak",
     "evidence": "HISTORY OF HEROD",
     "reason": "names 'HEROD', not the declared author 'Alfred Edersheim'"
    },
    {
     "ordinal": 411,
     "position": "middle",
     "kind": "foreign-work-banner",
     "strength": "weak",
     "evidence": "HISTORY OF HEROD",
     "reason": "names 'HEROD', not the declared author 'Alfred Edersheim'"
    },
    {
     "ordinal": 412,
     "position": "middle",
     "kind": "foreign-work-banner",
     "strength": "weak",
     "evidence": "HISTORY OF HEROD",
     "reason": "names 'HEROD', not the declared author 'Alfred Edersheim'"
    },
    {
     "ordinal": 413,
     "position": "middle",
     "kind": "foreign-work-banner",
     "strength": "weak",
     "evidence": "HISTORY OF HEROD",
     "reason": "names 'HEROD', not the declared author 'Alfred Edersheim'"
    },
    {
     "ordinal": 414,
     "position": "middle",
     "kind": "foreign-work-banner",
     "strength": "weak",
     "evidence": "HISTORY OF HEROD",
     "reason": "names 'HEROD', not the declared author 'Alfred Edersheim'"
    },
    {
     "ordinal": 415,
     "position": "middle",
     "kind": "foreign-work-banner",
     "strength": "weak",
     "evidence": "HISTORY OF HEROD",
     "reason": "names 'HEROD', not the declared author 'Alfred Edersheim'"
    },
    {
     "ordinal": 416,
     "position": "middle",
     "kind": "foreign-work-banner",
     "strength": "weak",
     "evidence": "HISTORY OF HEROD",
     "reason": "names 'HEROD', not the declared author 'Alfred Edersheim'"
    },
    {
     "ordinal": 4571,
     "position": "tail",
     "kind": "word-index-title",
     "strength": "strong",
     "evidence": "Indexes — Greek Words and Phrases (1/8)",
     "reason": null
    },
    {
     "ordinal": 4572,
     "position": "tail",
     "kind": "word-index-title",
     "strength": "strong",
     "evidence": "Indexes — Greek Words and Phrases (2/8)",
     "reason": null
    },
    {
     "ordinal": 4573,
     "position": "tail",
     "kind": "word-index-title",
     "strength": "strong",
     "evidence": "Indexes — Greek Words and Phrases (3/8)",
     "reason": null
    },
    {
     "ordinal": 4574,
     "position": "tail",
     "kind": "word-index-title",
     "strength": "strong",
     "evidence": "Indexes — Greek Words and Phrases (4/8)",
     "reason": null
    },
    {
     "ordinal": 4575,
     "position": "tail",
     "kind": "word-index-title",
     "strength": "strong",
     "evidence": "Indexes — Greek Words and Phrases (5/8)",
     "reason": null
    },
    {
     "ordinal": 4576,
     "position": "tail",
     "kind": "word-index-title",
     "strength": "strong",
     "evidence": "Indexes — Greek Words and Phrases (6/8)",
     "reason": null
    },
    {
     "ordinal": 4577,
     "position": "tail",
     "kind": "word-index-title",
     "strength": "strong",
     "evidence": "Indexes — Greek Words and Phrases (7/8)",
     "reason": null
    },
    {
     "ordinal": 4578,
     "position": "tail",
     "kind": "word-index-title",
     "strength": "strong",
     "evidence": "Indexes — Greek Words and Phrases (8/8)",
     "reason": null
    }
   ]
  },
  {
   "slug": "edwards-charity-fruits",
   "verdict": "PASS",
   "author": "Jonathan Edwards",
   "scanned": 16,
   "findings": []
  },
  {
   "slug": "edwards-trinity",
   "verdict": "PASS",
   "author": "Edwards, Jonathan",
   "scanned": 1,
   "findings": []
  },
  {
   "slug": "erasmus-against-war",
   "verdict": "PASS",
   "author": "Erasmus, Desiderius",
   "scanned": 1,
   "findings": []
  },
  {
   "slug": "flavel-life",
   "verdict": "FAIL",
   "author": "Flavel, John",
   "scanned": 1,
   "findings": [
    {
     "ordinal": 1,
     "position": "head",
     "kind": "foreign-work-banner",
     "strength": "strong",
     "evidence": "The Life of the late Rev. Mr. John Flavel",
     "reason": "names 'Flavel', not the declared author 'Flavel, John'"
    }
   ]
  },
  {
   "slug": "foxe-martyrs",
   "verdict": "FAIL",
   "author": "Foxe, John",
   "scanned": 1334,
   "findings": [
    {
     "ordinal": 1,
     "position": "head",
     "kind": "apparatus-title",
     "strength": "strong",
     "evidence": "Introduction — Edited by William Byron Forbush (1/24)",
     "reason": null
    },
    {
     "ordinal": 2,
     "position": "head",
     "kind": "apparatus-title",
     "strength": "strong",
     "evidence": "Introduction — Edited by William Byron Forbush (2/24)",
     "reason": null
    },
    {
     "ordinal": 3,
     "position": "head",
     "kind": "apparatus-title",
     "strength": "strong",
     "evidence": "Introduction — Edited by William Byron Forbush (3/24)",
     "reason": null
    },
    {
     "ordinal": 4,
     "position": "head",
     "kind": "apparatus-title",
     "strength": "strong",
     "evidence": "Introduction — Edited by William Byron Forbush (4/24)",
     "reason": null
    },
    {
     "ordinal": 5,
     "position": "head",
     "kind": "apparatus-title",
     "strength": "strong",
     "evidence": "Introduction — Edited by William Byron Forbush (5/24)",
     "reason": null
    },
    {
     "ordinal": 6,
     "position": "head",
     "kind": "apparatus-title",
     "strength": "strong",
     "evidence": "Introduction — Edited by William Byron Forbush (6/24)",
     "reason": null
    },
    {
     "ordinal": 7,
     "position": "head",
     "kind": "apparatus-title",
     "strength": "strong",
     "evidence": "Introduction — Edited by William Byron Forbush (7/24)",
     "reason": null
    },
    {
     "ordinal": 8,
     "position": "head",
     "kind": "apparatus-title",
     "strength": "strong",
     "evidence": "Introduction — Edited by William Byron Forbush (8/24)",
     "reason": null
    },
    {
     "ordinal": 9,
     "position": "head",
     "kind": "apparatus-title",
     "strength": "strong",
     "evidence": "Introduction — Edited by William Byron Forbush (9/24)",
     "reason": null
    },
    {
     "ordinal": 10,
     "position": "head",
     "kind": "apparatus-title",
     "strength": "strong",
     "evidence": "Introduction — Edited by William Byron Forbush (10/24)",
     "reason": null
    },
    {
     "ordinal": 11,
     "position": "head",
     "kind": "apparatus-title",
     "strength": "strong",
     "evidence": "Introduction — Edited by William Byron Forbush (11/24)",
     "reason": null
    },
    {
     "ordinal": 12,
     "position": "head",
     "kind": "apparatus-title",
     "strength": "strong",
     "evidence": "Introduction — Edited by William Byron Forbush (12/24)",
     "reason": null
    },
    {
     "ordinal": 13,
     "position": "middle",
     "kind": "apparatus-title",
     "strength": "strong",
     "evidence": "Introduction — Edited by William Byron Forbush (13/24)",
     "reason": null
    },
    {
     "ordinal": 14,
     "position": "middle",
     "kind": "apparatus-title",
     "strength": "strong",
     "evidence": "Introduction — Edited by William Byron Forbush (14/24)",
     "reason": null
    },
    {
     "ordinal": 15,
     "position": "middle",
     "kind": "apparatus-title",
     "strength": "strong",
     "evidence": "Introduction — Edited by William Byron Forbush (15/24)",
     "reason": null
    },
    {
     "ordinal": 16,
     "position": "middle",
     "kind": "apparatus-title",
     "strength": "strong",
     "evidence": "Introduction — Edited by William Byron Forbush (16/24)",
     "reason": null
    },
    {
     "ordinal": 17,
     "position": "middle",
     "kind": "apparatus-title",
     "strength": "strong",
     "evidence": "Introduction — Edited by William Byron Forbush (17/24)",
     "reason": null
    },
    {
     "ordinal": 18,
     "position": "middle",
     "kind": "apparatus-title",
     "strength": "strong",
     "evidence": "Introduction — Edited by William Byron Forbush (18/24)",
     "reason": null
    },
    {
     "ordinal": 19,
     "position": "middle",
     "kind": "apparatus-title",
     "strength": "strong",
     "evidence": "Introduction — Edited by William Byron Forbush (19/24)",
     "reason": null
    },
    {
     "ordinal": 20,
     "position": "middle",
     "kind": "apparatus-title",
     "strength": "strong",
     "evidence": "Introduction — Edited by William Byron Forbush (20/24)",
     "reason": null
    },
    {
     "ordinal": 21,
     "position": "middle",
     "kind": "apparatus-title",
     "strength": "strong",
     "evidence": "Introduction — Edited by William Byron Forbush (21/24)",
     "reason": null
    },
    {
     "ordinal": 22,
     "position": "middle",
     "kind": "apparatus-title",
     "strength": "strong",
     "evidence": "Introduction — Edited by William Byron Forbush (22/24)",
     "reason": null
    },
    {
     "ordinal": 23,
     "position": "middle",
     "kind": "apparatus-title",
     "strength": "strong",
     "evidence": "Introduction — Edited by William Byron Forbush (23/24)",
     "reason": null
    },
    {
     "ordinal": 24,
     "position": "middle",
     "kind": "apparatus-title",
     "strength": "strong",
     "evidence": "Introduction — Edited by William Byron Forbush (24/24)",
     "reason": null
    },
    {
     "ordinal": 285,
     "position": "middle",
     "kind": "foreign-work-banner",
     "strength": "weak",
     "evidence": "The Life of William Gardiner",
     "reason": "names 'Gardiner', not the declared author 'Foxe, John'"
    },
    {
     "ordinal": 286,
     "position": "middle",
     "kind": "foreign-work-banner",
     "strength": "weak",
     "evidence": "The Life of William Gardiner",
     "reason": "names 'Gardiner', not the declared author 'Foxe, John'"
    },
    {
     "ordinal": 287,
     "position": "middle",
     "kind": "foreign-work-banner",
     "strength": "weak",
     "evidence": "The Life of William Gardiner",
     "reason": "names 'Gardiner', not the declared author 'Foxe, John'"
    },
    {
     "ordinal": 288,
     "position": "middle",
     "kind": "foreign-work-banner",
     "strength": "weak",
     "evidence": "The Life of William Gardiner",
     "reason": "names 'Gardiner', not the declared author 'Foxe, John'"
    },
    {
     "ordinal": 289,
     "position": "middle",
     "kind": "foreign-work-banner",
     "strength": "weak",
     "evidence": "The Life of William Gardiner",
     "reason": "names 'Gardiner', not the declared author 'Foxe, John'"
    },
    {
     "ordinal": 290,
     "position": "middle",
     "kind": "foreign-work-banner",
     "strength": "weak",
     "evidence": "The Life of William Gardiner",
     "reason": "names 'Gardiner', not the declared author 'Foxe, John'"
    },
    {
     "ordinal": 291,
     "position": "middle",
     "kind": "foreign-work-banner",
     "strength": "weak",
     "evidence": "The Life of William Gardiner",
     "reason": "names 'Gardiner', not the declared author 'Foxe, John'"
    },
    {
     "ordinal": 682,
     "position": "middle",
     "kind": "foreign-work-banner",
     "strength": "weak",
     "evidence": "Life of John Calvin",
     "reason": "names 'Calvin', not the declared author 'Foxe, John'"
    },
    {
     "ordinal": 683,
     "position": "middle",
     "kind": "foreign-work-banner",
     "strength": "weak",
     "evidence": "Life of John Calvin",
     "reason": "names 'Calvin', not the declared author 'Foxe, John'"
    },
    {
     "ordinal": 684,
     "position": "middle",
     "kind": "foreign-work-banner",
     "strength": "weak",
     "evidence": "Life of John Calvin",
     "reason": "names 'Calvin', not the declared author 'Foxe, John'"
    },
    {
     "ordinal": 685,
     "position": "middle",
     "kind": "foreign-work-banner",
     "strength": "weak",
     "evidence": "Life of John Calvin",
     "reason": "names 'Calvin', not the declared author 'Foxe, John'"
    },
    {
     "ordinal": 686,
     "position": "middle",
     "kind": "foreign-work-banner",
     "strength": "weak",
     "evidence": "Life of John Calvin",
     "reason": "names 'Calvin', not the declared author 'Foxe, John'"
    },
    {
     "ordinal": 687,
     "position": "middle",
     "kind": "foreign-work-banner",
     "strength": "weak",
     "evidence": "Life of John Calvin",
     "reason": "names 'Calvin', not the declared author 'Foxe, John'"
    },
    {
     "ordinal": 688,
     "position": "middle",
     "kind": "foreign-work-banner",
     "strength": "weak",
     "evidence": "Life of John Calvin",
     "reason": "names 'Calvin', not the declared author 'Foxe, John'"
    },
    {
     "ordinal": 689,
     "position": "middle",
     "kind": "foreign-work-banner",
     "strength": "weak",
     "evidence": "Life of John Calvin",
     "reason": "names 'Calvin', not the declared author 'Foxe, John'"
    },
    {
     "ordinal": 690,
     "position": "middle",
     "kind": "foreign-work-banner",
     "strength": "weak",
     "evidence": "Life of John Calvin",
     "reason": "names 'Calvin', not the declared author 'Foxe, John'"
    },
    {
     "ordinal": 691,
     "position": "middle",
     "kind": "foreign-work-banner",
     "strength": "weak",
     "evidence": "Life of John Calvin",
     "reason": "names 'Calvin', not the declared author 'Foxe, John'"
    },
    {
     "ordinal": 692,
     "position": "middle",
     "kind": "foreign-work-banner",
     "strength": "weak",
     "evidence": "Life of John Calvin",
     "reason": "names 'Calvin', not the declared author 'Foxe, John'"
    },
    {
     "ordinal": 693,
     "position": "middle",
     "kind": "foreign-work-banner",
     "strength": "weak",
     "evidence": "Life of John Calvin",
     "reason": "names 'Calvin', not the declared author 'Foxe, John'"
    },
    {
     "ordinal": 694,
     "position": "middle",
     "kind": "foreign-work-banner",
     "strength": "weak",
     "evidence": "Life of John Calvin",
     "reason": "names 'Calvin', not the declared author 'Foxe, John'"
    },
    {
     "ordinal": 1193,
     "position": "middle",
     "kind": "foreign-work-banner",
     "strength": "weak",
     "evidence": "Life of John Wesley",
     "reason": "names 'Wesley', not the declared author 'Foxe, John'"
    },
    {
     "ordinal": 1194,
     "position": "middle",
     "kind": "foreign-work-banner",
     "strength": "weak",
     "evidence": "Life of John Wesley",
     "reason": "names 'Wesley', not the declared author 'Foxe, John'"
    },
    {
     "ordinal": 1195,
     "position": "middle",
     "kind": "foreign-work-banner",
     "strength": "weak",
     "evidence": "Life of John Wesley",
     "reason": "names 'Wesley', not the declared author 'Foxe, John'"
    },
    {
     "ordinal": 1196,
     "position": "middle",
     "kind": "foreign-work-banner",
     "strength": "weak",
     "evidence": "Life of John Wesley",
     "reason": "names 'Wesley', not the declared author 'Foxe, John'"
    },
    {
     "ordinal": 1197,
     "position": "middle",
     "kind": "foreign-work-banner",
     "strength": "weak",
     "evidence": "Life of John Wesley",
     "reason": "names 'Wesley', not the declared author 'Foxe, John'"
    },
    {
     "ordinal": 1198,
     "position": "middle",
     "kind": "foreign-work-banner",
     "strength": "weak",
     "evidence": "Life of John Wesley",
     "reason": "names 'Wesley', not the declared author 'Foxe, John'"
    },
    {
     "ordinal": 1199,
     "position": "middle",
     "kind": "foreign-work-banner",
     "strength": "weak",
     "evidence": "Life of John Wesley",
     "reason": "names 'Wesley', not the declared author 'Foxe, John'"
    },
    {
     "ordinal": 1200,
     "position": "middle",
     "kind": "foreign-work-banner",
     "strength": "weak",
     "evidence": "Life of John Wesley",
     "reason": "names 'Wesley', not the declared author 'Foxe, John'"
    }
   ]
  },
  {
   "slug": "herrick-noble-numbers",
   "verdict": "PASS",
   "author": "Robert Herrick",
   "scanned": 270,
   "findings": []
  },
  {
   "slug": "hort-ecclesia",
   "verdict": "FAIL",
   "author": "Hort, Fenton John Anthony",
   "scanned": 437,
   "findings": [
    {
     "ordinal": 1,
     "position": "head",
     "kind": "apparatus-title",
     "strength": "strong",
     "evidence": "Title Page",
     "reason": null
    },
    {
     "ordinal": 429,
     "position": "tail",
     "kind": "word-index-title",
     "strength": "strong",
     "evidence": "Indexes — Greek Words and Phrases (1/7)",
     "reason": null
    },
    {
     "ordinal": 430,
     "position": "tail",
     "kind": "word-index-title",
     "strength": "strong",
     "evidence": "Indexes — Greek Words and Phrases (2/7)",
     "reason": null
    },
    {
     "ordinal": 431,
     "position": "tail",
     "kind": "word-index-title",
     "strength": "strong",
     "evidence": "Indexes — Greek Words and Phrases (3/7)",
     "reason": null
    },
    {
     "ordinal": 432,
     "position": "tail",
     "kind": "word-index-title",
     "strength": "strong",
     "evidence": "Indexes — Greek Words and Phrases (4/7)",
     "reason": null
    },
    {
     "ordinal": 433,
     "position": "tail",
     "kind": "word-index-title",
     "strength": "strong",
     "evidence": "Indexes — Greek Words and Phrases (5/7)",
     "reason": null
    },
    {
     "ordinal": 434,
     "position": "tail",
     "kind": "word-index-title",
     "strength": "strong",
     "evidence": "Indexes — Greek Words and Phrases (6/7)",
     "reason": null
    },
    {
     "ordinal": 435,
     "position": "tail",
     "kind": "word-index-title",
     "strength": "strong",
     "evidence": "Indexes — Greek Words and Phrases (7/7)",
     "reason": null
    }
   ]
  },
  {
   "slug": "ignatius-autobiography",
   "verdict": "PASS",
   "author": "Ignatius of Loyola, St",
   "scanned": 10,
   "findings": []
  },
  {
   "slug": "ignatius-exercises",
   "verdict": "PASS",
   "author": "Ignatius of Loyola, St",
   "scanned": 96,
   "findings": []
  },
  {
   "slug": "jfb",
   "verdict": "PASS",
   "author": "Jamieson, Fausset & Brown",
   "scanned": 15473,
   "findings": [
    {
     "ordinal": 245,
     "position": "middle",
     "kind": "foreign-work-banner",
     "strength": "weak",
     "evidence": "HISTORY OF ISAAC",
     "reason": "names 'ISAAC', not the declared author 'Jamieson, Fausset & Brown'"
    },
    {
     "ordinal": 2736,
     "position": "middle",
     "kind": "foreign-work-banner",
     "strength": "weak",
     "evidence": "HIRAM'S WORKS",
     "reason": "names 'HIRAM', not the declared author 'Jamieson, Fausset & Brown'"
    }
   ]
  },
  {
   "slug": "jowett-brooks",
   "verdict": "PASS",
   "author": "Jowett, John Henry",
   "scanned": 27,
   "findings": []
  },
  {
   "slug": "julian-revelations",
   "verdict": "PASS",
   "author": "Julian of Norwich, ed. Grace Warrack",
   "scanned": 86,
   "findings": []
  },
  {
   "slug": "kempis-imitation-benham",
   "verdict": "PASS",
   "author": "Thomas à Kempis, trans. William Benham",
   "scanned": 114,
   "findings": []
  },
  {
   "slug": "kierkegaard-untruth",
   "verdict": "PASS",
   "author": "Kierkegaard, Soren",
   "scanned": 1,
   "findings": []
  },
  {
   "slug": "knox-prayer",
   "verdict": "PASS",
   "author": "Knox, John",
   "scanned": 2,
   "findings": []
  },
  {
   "slug": "kronstadt-christlife",
   "verdict": "PASS",
   "author": "Sergieff, Archpriest John Iliytch",
   "scanned": 2,
   "findings": []
  },
  {
   "slug": "lardner-n-mosaic",
   "verdict": "FAIL",
   "author": "Lardner, Nathaniel",
   "scanned": 2,
   "findings": [
    {
     "ordinal": 2,
     "position": "head",
     "kind": "publisher-blurb-body",
     "strength": "strong",
     "evidence": "Just Published ,\nPrinted for J. Bouquet , at the White-Hart , in Pater-Noster Ro",
     "reason": null
    }
   ]
  },
  {
   "slug": "law-clergy",
   "verdict": "PASS",
   "author": "Law, William",
   "scanned": 1,
   "findings": []
  },
  {
   "slug": "law-errors",
   "verdict": "PASS",
   "author": "Law, William",
   "scanned": 2,
   "findings": []
  },
  {
   "slug": "law-grounds",
   "verdict": "PASS",
   "author": "Law, William",
   "scanned": 2,
   "findings": []
  },
  {
   "slug": "luther-bondage",
   "verdict": "FAIL",
   "author": "Luther, Martin",
   "scanned": 172,
   "findings": [
    {
     "ordinal": 172,
     "position": "tail",
     "kind": "word-index-title",
     "strength": "strong",
     "evidence": "Latin Words and Phrases",
     "reason": null
    }
   ]
  },
  {
   "slug": "luther-christianliberty",
   "verdict": "PASS",
   "author": "Luther, Martin",
   "scanned": 2,
   "findings": []
  },
  {
   "slug": "luther-first-prin",
   "verdict": "FAIL",
   "author": "Luther, Martin",
   "scanned": 27,
   "findings": [
    {
     "ordinal": 1,
     "position": "head",
     "kind": "foreign-work-byline",
     "strength": "weak",
     "evidence": "By Dr. WACE",
     "reason": "names 'WACE', not the declared author 'Luther, Martin'"
    },
    {
     "ordinal": 2,
     "position": "head",
     "kind": "foreign-work-byline",
     "strength": "weak",
     "evidence": "By PROFESSOR BUCHHEIM.",
     "reason": "names 'BUCHHEIM', not the declared author 'Luther, Martin'"
    },
    {
     "ordinal": 26,
     "position": "tail",
     "kind": "word-index-title",
     "strength": "strong",
     "evidence": "Latin Words and Phrases",
     "reason": null
    },
    {
     "ordinal": 27,
     "position": "tail",
     "kind": "word-index-title",
     "strength": "strong",
     "evidence": "German Words and Phrases",
     "reason": null
    }
   ]
  },
  {
   "slug": "luther-galatians",
   "verdict": "PASS",
   "author": "Luther, Martin",
   "scanned": 6,
   "findings": []
  },
  {
   "slug": "luther-good-works",
   "verdict": "PASS",
   "author": "Luther, Martin",
   "scanned": 8,
   "findings": []
  },
  {
   "slug": "luther-prefacetoromans",
   "verdict": "PASS",
   "author": "Luther, Martin",
   "scanned": 2,
   "findings": []
  },
  {
   "slug": "luther-sermons",
   "verdict": "PASS",
   "author": "Luther, Martin",
   "scanned": 47,
   "findings": []
  },
  {
   "slug": "luther-smalcald",
   "verdict": "PASS",
   "author": "Luther, Martin",
   "scanned": 6,
   "findings": []
  },
  {
   "slug": "luther-stpeter-stjude",
   "verdict": "PASS",
   "author": "Luther, Martin",
   "scanned": 9,
   "findings": []
  },
  {
   "slug": "luther-tabletalk",
   "verdict": "PASS",
   "author": "Luther, Martin",
   "scanned": 46,
   "findings": []
  },
  {
   "slug": "luther-theses",
   "verdict": "PASS",
   "author": "Luther, Martin",
   "scanned": 2,
   "findings": []
  },
  {
   "slug": "luther-translating",
   "verdict": "FAIL",
   "author": "Luther, Martin",
   "scanned": 1,
   "findings": [
    {
     "ordinal": 1,
     "position": "head",
     "kind": "apparatus-title",
     "strength": "strong",
     "evidence": "Preface",
     "reason": null
    }
   ]
  },
  {
   "slug": "luther-works1",
   "verdict": "PASS",
   "author": "Luther, Martin",
   "scanned": 8,
   "findings": []
  },
  {
   "slug": "luther-works2",
   "verdict": "PASS",
   "author": "Luther, Martin",
   "scanned": 8,
   "findings": []
  },
  {
   "slug": "manton-manton01",
   "verdict": "FAIL",
   "author": "Manton, Thomas",
   "scanned": 38,
   "findings": [
    {
     "ordinal": 1,
     "position": "head",
     "kind": "foreign-work-byline",
     "strength": "weak",
     "evidence": "BY WILLIAM HARRIS, D.D.",
     "reason": "names 'HARRIS', not the declared author 'Manton, Thomas'"
    },
    {
     "ordinal": 38,
     "position": "tail",
     "kind": "word-index-title",
     "strength": "strong",
     "evidence": "Latin Words and Phrases",
     "reason": null
    }
   ]
  },
  {
   "slug": "manton-manton02",
   "verdict": "FAIL",
   "author": "Manton, Thomas",
   "scanned": 47,
   "findings": [
    {
     "ordinal": 1,
     "position": "head",
     "kind": "foreign-work-byline",
     "strength": "weak",
     "evidence": ".\nBY THE REV",
     "reason": "names 'REV', not the declared author 'Manton, Thomas'"
    },
    {
     "ordinal": 3,
     "position": "head",
     "kind": "apparatus-title",
     "strength": "strong",
     "evidence": "The Epistle Dedicatory.",
     "reason": null
    },
    {
     "ordinal": 45,
     "position": "tail",
     "kind": "apparatus-title",
     "strength": "strong",
     "evidence": "THE EPISTLE DEDICATORY.",
     "reason": null
    },
    {
     "ordinal": 47,
     "position": "tail",
     "kind": "word-index-title",
     "strength": "strong",
     "evidence": "Latin Words and Phrases",
     "reason": null
    }
   ]
  },
  {
   "slug": "manton-manton03",
   "verdict": "FAIL",
   "author": "Manton, Thomas",
   "scanned": 33,
   "findings": [
    {
     "ordinal": 33,
     "position": "tail",
     "kind": "word-index-title",
     "strength": "strong",
     "evidence": "Latin Words and Phrases",
     "reason": null
    }
   ]
  },
  {
   "slug": "manton-manton04",
   "verdict": "FAIL",
   "author": "Manton, Thomas",
   "scanned": 10,
   "findings": [
    {
     "ordinal": 2,
     "position": "head",
     "kind": "apparatus-title",
     "strength": "strong",
     "evidence": "The Epistle Dedicatory.",
     "reason": null
    },
    {
     "ordinal": 10,
     "position": "head",
     "kind": "word-index-title",
     "strength": "strong",
     "evidence": "Latin Words and Phrases",
     "reason": null
    }
   ]
  },
  {
   "slug": "manton-manton05",
   "verdict": "FAIL",
   "author": "Manton, Thomas",
   "scanned": 37,
   "findings": [
    {
     "ordinal": 2,
     "position": "head",
     "kind": "apparatus-title",
     "strength": "strong",
     "evidence": "The Epistle Dedicatory.",
     "reason": null
    },
    {
     "ordinal": 27,
     "position": "tail",
     "kind": "apparatus-title",
     "strength": "strong",
     "evidence": "The Epistle Dedicatory.",
     "reason": null
    },
    {
     "ordinal": 30,
     "position": "tail",
     "kind": "apparatus-title",
     "strength": "strong",
     "evidence": "The Epistle Dedicatory.",
     "reason": null
    },
    {
     "ordinal": 37,
     "position": "tail",
     "kind": "word-index-title",
     "strength": "strong",
     "evidence": "Latin Words and Phrases",
     "reason": null
    }
   ]
  },
  {
   "slug": "manton-manton06",
   "verdict": "FAIL",
   "author": "Manton, Thomas",
   "scanned": 54,
   "findings": [
    {
     "ordinal": 54,
     "position": "tail",
     "kind": "word-index-title",
     "strength": "strong",
     "evidence": "Latin Words and Phrases",
     "reason": null
    }
   ]
  },
  {
   "slug": "manton-manton07",
   "verdict": "FAIL",
   "author": "Manton, Thomas",
   "scanned": 53,
   "findings": [
    {
     "ordinal": 53,
     "position": "tail",
     "kind": "word-index-title",
     "strength": "strong",
     "evidence": "Latin Words and Phrases",
     "reason": null
    }
   ]
  },
  {
   "slug": "manton-manton08",
   "verdict": "FAIL",
   "author": "Manton, Thomas",
   "scanned": 57,
   "findings": [
    {
     "ordinal": 57,
     "position": "tail",
     "kind": "word-index-title",
     "strength": "strong",
     "evidence": "Latin Words and Phrases",
     "reason": null
    }
   ]
  },
  {
   "slug": "manton-manton20",
   "verdict": "FAIL",
   "author": "Manton, Thomas",
   "scanned": 53,
   "findings": [
    {
     "ordinal": 53,
     "position": "tail",
     "kind": "word-index-title",
     "strength": "strong",
     "evidence": "Latin Words and Phrases",
     "reason": null
    }
   ]
  },
  {
   "slug": "miller-history",
   "verdict": "FAIL",
   "author": "Miller, Andrew",
   "scanned": 1103,
   "findings": [
    {
     "ordinal": 1,
     "position": "head",
     "kind": "apparatus-title",
     "strength": "strong",
     "evidence": "Preface (1/5)",
     "reason": null
    },
    {
     "ordinal": 2,
     "position": "head",
     "kind": "apparatus-title",
     "strength": "strong",
     "evidence": "Preface (2/5)",
     "reason": null
    },
    {
     "ordinal": 3,
     "position": "head",
     "kind": "apparatus-title",
     "strength": "strong",
     "evidence": "Preface (3/5)",
     "reason": null
    },
    {
     "ordinal": 4,
     "position": "head",
     "kind": "apparatus-title",
     "strength": "strong",
     "evidence": "Preface (4/5)",
     "reason": null
    },
    {
     "ordinal": 5,
     "position": "head",
     "kind": "apparatus-title",
     "strength": "strong",
     "evidence": "Preface (5/5)",
     "reason": null
    },
    {
     "ordinal": 6,
     "position": "head",
     "kind": "apparatus-title",
     "strength": "strong",
     "evidence": "Introduction (1/17)",
     "reason": null
    },
    {
     "ordinal": 7,
     "position": "head",
     "kind": "apparatus-title",
     "strength": "strong",
     "evidence": "Introduction (2/17)",
     "reason": null
    },
    {
     "ordinal": 8,
     "position": "head",
     "kind": "apparatus-title",
     "strength": "strong",
     "evidence": "Introduction (3/17)",
     "reason": null
    },
    {
     "ordinal": 9,
     "position": "head",
     "kind": "apparatus-title",
     "strength": "strong",
     "evidence": "Introduction (4/17)",
     "reason": null
    },
    {
     "ordinal": 10,
     "position": "head",
     "kind": "apparatus-title",
     "strength": "strong",
     "evidence": "Introduction (5/17)",
     "reason": null
    },
    {
     "ordinal": 11,
     "position": "head",
     "kind": "apparatus-title",
     "strength": "strong",
     "evidence": "Introduction (6/17)",
     "reason": null
    },
    {
     "ordinal": 12,
     "position": "head",
     "kind": "apparatus-title",
     "strength": "strong",
     "evidence": "Introduction (7/17)",
     "reason": null
    },
    {
     "ordinal": 13,
     "position": "middle",
     "kind": "apparatus-title",
     "strength": "strong",
     "evidence": "Introduction (8/17)",
     "reason": null
    },
    {
     "ordinal": 14,
     "position": "middle",
     "kind": "apparatus-title",
     "strength": "strong",
     "evidence": "Introduction (9/17)",
     "reason": null
    },
    {
     "ordinal": 15,
     "position": "middle",
     "kind": "apparatus-title",
     "strength": "strong",
     "evidence": "Introduction (10/17)",
     "reason": null
    },
    {
     "ordinal": 16,
     "position": "middle",
     "kind": "apparatus-title",
     "strength": "strong",
     "evidence": "Introduction (11/17)",
     "reason": null
    },
    {
     "ordinal": 17,
     "position": "middle",
     "kind": "apparatus-title",
     "strength": "strong",
     "evidence": "Introduction (12/17)",
     "reason": null
    },
    {
     "ordinal": 18,
     "position": "middle",
     "kind": "apparatus-title",
     "strength": "strong",
     "evidence": "Introduction (13/17)",
     "reason": null
    },
    {
     "ordinal": 19,
     "position": "middle",
     "kind": "apparatus-title",
     "strength": "strong",
     "evidence": "Introduction (14/17)",
     "reason": null
    },
    {
     "ordinal": 20,
     "position": "middle",
     "kind": "apparatus-title",
     "strength": "strong",
     "evidence": "Introduction (15/17)",
     "reason": null
    },
    {
     "ordinal": 21,
     "position": "middle",
     "kind": "apparatus-title",
     "strength": "strong",
     "evidence": "Introduction (16/17)",
     "reason": null
    },
    {
     "ordinal": 22,
     "position": "middle",
     "kind": "apparatus-title",
     "strength": "strong",
     "evidence": "Introduction (17/17)",
     "reason": null
    },
    {
     "ordinal": 739,
     "position": "middle",
     "kind": "foreign-work-banner",
     "strength": "weak",
     "evidence": "THE HISTORY OF\nATHANASIUS",
     "reason": "names 'ATHANASIUS', not the declared author 'Miller, Andrew'"
    }
   ]
  },
  {
   "slug": "neander-a-expo-phil",
   "verdict": "PASS",
   "author": "Neander, Augustus Johann",
   "scanned": 2,
   "findings": [
    {
     "ordinal": 1,
     "position": "head",
     "kind": "foreign-work-banner",
     "strength": "weak",
     "evidence": "EPISTLE OF PAUL\nTO\nTHE",
     "reason": "names 'THE', not the declared author 'Neander, Augustus Johann'"
    }
   ]
  },
  {
   "slug": "newman-apologia",
   "verdict": "PASS",
   "author": "Newman, John Henry",
   "scanned": 5,
   "findings": [
    {
     "ordinal": 1,
     "position": "head",
     "kind": "foreign-work-banner",
     "strength": "weak",
     "evidence": "HISTORY OF MY RELIGIOUS OPINIONS",
     "reason": "names 'OPINIONS', not the declared author 'Newman, John Henry'"
    },
    {
     "ordinal": 2,
     "position": "head",
     "kind": "foreign-work-banner",
     "strength": "weak",
     "evidence": "HISTORY OF MY RELIGIOUS OPINIONS",
     "reason": "names 'OPINIONS', not the declared author 'Newman, John Henry'"
    },
    {
     "ordinal": 3,
     "position": "head",
     "kind": "foreign-work-banner",
     "strength": "weak",
     "evidence": "HISTORY OF MY RELIGIOUS OPINIONS",
     "reason": "names 'OPINIONS', not the declared author 'Newman, John Henry'"
    },
    {
     "ordinal": 4,
     "position": "head",
     "kind": "foreign-work-banner",
     "strength": "weak",
     "evidence": "HISTORY OF MY RELIGIOUS OPINIONS",
     "reason": "names 'OPINIONS', not the declared author 'Newman, John Henry'"
    }
   ]
  },
  {
   "slug": "origen-commentary",
   "verdict": "FAIL",
   "author": "Origen of Alexandria",
   "scanned": 1224,
   "findings": [
    {
     "ordinal": 1,
     "position": "head",
     "kind": "foreign-work-banner",
     "strength": "strong",
     "evidence": "The First\nEpistle of Clement",
     "reason": "names 'Clement', not the declared author 'Origen of Alexandria'"
    },
    {
     "ordinal": 101,
     "position": "middle",
     "kind": "foreign-work-banner",
     "strength": "strong",
     "evidence": "The Second Epistle of\nClement",
     "reason": "names 'Clement', not the declared author 'Origen of Alexandria'"
    }
   ]
  },
  {
   "slug": "pascal-memorial",
   "verdict": "PASS",
   "author": "Pascal, Blaise",
   "scanned": 1,
   "findings": []
  },
  {
   "slug": "pascal-pensees",
   "verdict": "PASS",
   "author": "Pascal, Blaise",
   "scanned": 15,
   "findings": []
  },
  {
   "slug": "pascal-provincial",
   "verdict": "PASS",
   "author": "Pascal, Blaise",
   "scanned": 20,
   "findings": []
  },
  {
   "slug": "penn-sermon",
   "verdict": "PASS",
   "author": "Penn, William",
   "scanned": 2,
   "findings": []
  },
  {
   "slug": "pink-law",
   "verdict": "PASS",
   "author": "Pink, Arthur Walkington",
   "scanned": 2,
   "findings": []
  },
  {
   "slug": "pnt-crosswire",
   "verdict": "PASS",
   "author": "B.W. Johnson",
   "scanned": 6067,
   "findings": [
    {
     "ordinal": 3890,
     "position": "middle",
     "kind": "foreign-work-banner",
     "strength": "weak",
     "evidence": "Letter of Commendation",
     "reason": "names 'Commendation', not the declared author 'B.W. Johnson'"
    },
    {
     "ordinal": 3907,
     "position": "middle",
     "kind": "foreign-work-banner",
     "strength": "weak",
     "evidence": "Letters of Commendation",
     "reason": "names 'Commendation', not the declared author 'B.W. Johnson'"
    }
   ]
  },
  {
   "slug": "poole-tcp",
   "verdict": "PASS",
   "author": "Matthew Poole",
   "scanned": 24104,
   "findings": [
    {
     "ordinal": 6797,
     "position": "middle",
     "kind": "foreign-work-banner",
     "strength": "weak",
     "evidence": "Iehu's Life",
     "reason": "names 'Iehu', not the declared author 'Matthew Poole'"
    },
    {
     "ordinal": 12903,
     "position": "middle",
     "kind": "foreign-work-banner",
     "strength": "weak",
     "evidence": "Work of Creation",
     "reason": "names 'Creation', not the declared author 'Matthew Poole'"
    },
    {
     "ordinal": 15937,
     "position": "middle",
     "kind": "foreign-work-banner",
     "strength": "weak",
     "evidence": "Life of Innocents",
     "reason": "names 'Innocents', not the declared author 'Matthew Poole'"
    }
   ]
  },
  {
   "slug": "robertson-history",
   "verdict": "FAIL",
   "author": "Robertson, James Craigie, Canon of Canterbury",
   "scanned": 636,
   "findings": [
    {
     "ordinal": 1,
     "position": "head",
     "kind": "apparatus-title",
     "strength": "strong",
     "evidence": "Title Page",
     "reason": null
    }
   ]
  },
  {
   "slug": "rutherford-triumph",
   "verdict": "FAIL",
   "author": "Rutherford, Samuel",
   "scanned": 813,
   "findings": [
    {
     "ordinal": 1,
     "position": "head",
     "kind": "apparatus-title",
     "strength": "strong",
     "evidence": "Title Page",
     "reason": null
    },
    {
     "ordinal": 813,
     "position": "tail",
     "kind": "word-index-title",
     "strength": "strong",
     "evidence": "Indexes — Latin Words and Phrases",
     "reason": null
    }
   ]
  },
  {
   "slug": "schaff-anf06",
   "verdict": "FAIL",
   "author": "Schaff, Philip",
   "scanned": 563,
   "findings": [
    {
     "ordinal": 16,
     "position": "middle",
     "kind": "foreign-work-banner",
     "strength": "strong",
     "evidence": "Writings of Julius Africanus",
     "reason": "names 'Africanus', not the declared author 'Schaff, Philip'"
    },
    {
     "ordinal": 39,
     "position": "middle",
     "kind": "foreign-work-banner",
     "strength": "strong",
     "evidence": "The Epistle of Theonas",
     "reason": "names 'Theonas', not the declared author 'Schaff, Philip'"
    },
    {
     "ordinal": 139,
     "position": "middle",
     "kind": "foreign-work-banner",
     "strength": "strong",
     "evidence": "Work of God Therein Set",
     "reason": "names 'Set', not the declared author 'Schaff, Philip'"
    }
   ]
  },
  {
   "slug": "schaff-anf07",
   "verdict": "FAIL",
   "author": "Schaff, Philip",
   "scanned": 477,
   "findings": [
    {
     "ordinal": 365,
     "position": "middle",
     "kind": "foreign-work-banner",
     "strength": "weak",
     "evidence": "Poem of Venantius Honorius Clementianus",
     "reason": "names 'Clementianus', not the declared author 'Schaff, Philip'"
    },
    {
     "ordinal": 367,
     "position": "middle",
     "kind": "foreign-work-banner",
     "strength": "strong",
     "evidence": "Writings of Asterius Urbanus",
     "reason": "names 'Urbanus', not the declared author 'Schaff, Philip'"
    },
    {
     "ordinal": 391,
     "position": "middle",
     "kind": "foreign-work-banner",
     "strength": "weak",
     "evidence": "Speaker's Commentary",
     "reason": "names 'Speaker', not the declared author 'Schaff, Philip'"
    },
    {
     "ordinal": 467,
     "position": "tail",
     "kind": "foreign-work-banner",
     "strength": "strong",
     "evidence": "THE SECOND EPISTLE OF CLEMENT",
     "reason": "names 'CLEMENT', not the declared author 'Schaff, Philip'"
    },
    {
     "ordinal": 468,
     "position": "tail",
     "kind": "foreign-work-banner",
     "strength": "weak",
     "evidence": "Second Epistle of Clement",
     "reason": "names 'Clement', not the declared author 'Schaff, Philip'"
    },
    {
     "ordinal": 477,
     "position": "tail",
     "kind": "word-index-title",
     "strength": "strong",
     "evidence": "Latin Words and Phrases",
     "reason": null
    }
   ]
  },
  {
   "slug": "schaff-anf08",
   "verdict": "FAIL",
   "author": "Schaff, Philip",
   "scanned": 1255,
   "findings": [
    {
     "ordinal": 142,
     "position": "middle",
     "kind": "apparatus-title",
     "strength": "weak",
     "evidence": "Argument for Polytheism.",
     "reason": null
    },
    {
     "ordinal": 543,
     "position": "middle",
     "kind": "foreign-work-banner",
     "strength": "strong",
     "evidence": "Epistle of Clement",
     "reason": "names 'Clement', not the declared author 'Schaff, Philip'"
    },
    {
     "ordinal": 563,
     "position": "middle",
     "kind": "foreign-work-byline",
     "strength": "weak",
     "evidence": ". by Peter Peterso",
     "reason": "names 'Peterso', not the declared author 'Schaff, Philip'"
    },
    {
     "ordinal": 669,
     "position": "middle",
     "kind": "foreign-work-banner",
     "strength": "strong",
     "evidence": "Works of Creation",
     "reason": "names 'Creation', not the declared author 'Schaff, Philip'"
    },
    {
     "ordinal": 981,
     "position": "middle",
     "kind": "foreign-work-banner",
     "strength": "weak",
     "evidence": "Life of Faustus",
     "reason": "names 'Faustus', not the declared author 'Schaff, Philip'"
    },
    {
     "ordinal": 1037,
     "position": "middle",
     "kind": "foreign-work-banner",
     "strength": "strong",
     "evidence": "The Work\nof Revelation Belongs",
     "reason": "names 'Belongs', not the declared author 'Schaff, Philip'"
    }
   ]
  },
  {
   "slug": "schaff-hcc1",
   "verdict": "FAIL",
   "author": "Schaff, Philip",
   "scanned": 2159,
   "findings": [
    {
     "ordinal": 1,
     "position": "head",
     "kind": "apparatus-title",
     "strength": "weak",
     "evidence": "PREFACE TO THE REVISED EDITION",
     "reason": null
    },
    {
     "ordinal": 13,
     "position": "middle",
     "kind": "apparatus-title",
     "strength": "strong",
     "evidence": "PREFACE TO THIRD REVISION",
     "reason": null
    },
    {
     "ordinal": 138,
     "position": "middle",
     "kind": "foreign-work-byline",
     "strength": "weak",
     "evidence": ". by W. L. Alexander",
     "reason": "names 'Alexander', not the declared author 'Schaff, Philip'"
    },
    {
     "ordinal": 594,
     "position": "middle",
     "kind": "foreign-work-banner",
     "strength": "weak",
     "evidence": "Life of\nIrving",
     "reason": "names 'Irving', not the declared author 'Schaff, Philip'"
    },
    {
     "ordinal": 979,
     "position": "middle",
     "kind": "foreign-work-byline",
     "strength": "weak",
     "evidence": ". by W. B. Pope",
     "reason": "names 'Pope', not the declared author 'Schaff, Philip'"
    },
    {
     "ordinal": 1478,
     "position": "middle",
     "kind": "foreign-work-banner",
     "strength": "weak",
     "evidence": "Life of Mark\n\nThe",
     "reason": "names 'The', not the declared author 'Schaff, Philip'"
    },
    {
     "ordinal": 1893,
     "position": "middle",
     "kind": "foreign-work-banner",
     "strength": "weak",
     "evidence": "Commentaries of Hengstenberg",
     "reason": "names 'Hengstenberg', not the declared author 'Schaff, Philip'"
    },
    {
     "ordinal": 2045,
     "position": "middle",
     "kind": "word-index-title",
     "strength": "strong",
     "evidence": "Indexes — Greek Words and Phrases (1/36)",
     "reason": null
    },
    {
     "ordinal": 2046,
     "position": "middle",
     "kind": "word-index-title",
     "strength": "strong",
     "evidence": "Indexes — Greek Words and Phrases (2/36)",
     "reason": null
    },
    {
     "ordinal": 2047,
     "position": "middle",
     "kind": "word-index-title",
     "strength": "strong",
     "evidence": "Indexes — Greek Words and Phrases (3/36)",
     "reason": null
    },
    {
     "ordinal": 2048,
     "position": "middle",
     "kind": "word-index-title",
     "strength": "strong",
     "evidence": "Indexes — Greek Words and Phrases (4/36)",
     "reason": null
    },
    {
     "ordinal": 2049,
     "position": "middle",
     "kind": "word-index-title",
     "strength": "strong",
     "evidence": "Indexes — Greek Words and Phrases (5/36)",
     "reason": null
    },
    {
     "ordinal": 2050,
     "position": "middle",
     "kind": "word-index-title",
     "strength": "strong",
     "evidence": "Indexes — Greek Words and Phrases (6/36)",
     "reason": null
    },
    {
     "ordinal": 2051,
     "position": "middle",
     "kind": "word-index-title",
     "strength": "strong",
     "evidence": "Indexes — Greek Words and Phrases (7/36)",
     "reason": null
    },
    {
     "ordinal": 2052,
     "position": "middle",
     "kind": "word-index-title",
     "strength": "strong",
     "evidence": "Indexes — Greek Words and Phrases (8/36)",
     "reason": null
    },
    {
     "ordinal": 2053,
     "position": "middle",
     "kind": "word-index-title",
     "strength": "strong",
     "evidence": "Indexes — Greek Words and Phrases (9/36)",
     "reason": null
    },
    {
     "ordinal": 2054,
     "position": "middle",
     "kind": "word-index-title",
     "strength": "strong",
     "evidence": "Indexes — Greek Words and Phrases (10/36)",
     "reason": null
    },
    {
     "ordinal": 2055,
     "position": "middle",
     "kind": "word-index-title",
     "strength": "strong",
     "evidence": "Indexes — Greek Words and Phrases (11/36)",
     "reason": null
    },
    {
     "ordinal": 2056,
     "position": "middle",
     "kind": "word-index-title",
     "strength": "strong",
     "evidence": "Indexes — Greek Words and Phrases (12/36)",
     "reason": null
    },
    {
     "ordinal": 2057,
     "position": "middle",
     "kind": "word-index-title",
     "strength": "strong",
     "evidence": "Indexes — Greek Words and Phrases (13/36)",
     "reason": null
    },
    {
     "ordinal": 2058,
     "position": "middle",
     "kind": "word-index-title",
     "strength": "strong",
     "evidence": "Indexes — Greek Words and Phrases (14/36)",
     "reason": null
    },
    {
     "ordinal": 2059,
     "position": "middle",
     "kind": "word-index-title",
     "strength": "strong",
     "evidence": "Indexes — Greek Words and Phrases (15/36)",
     "reason": null
    },
    {
     "ordinal": 2060,
     "position": "middle",
     "kind": "word-index-title",
     "strength": "strong",
     "evidence": "Indexes — Greek Words and Phrases (16/36)",
     "reason": null
    },
    {
     "ordinal": 2061,
     "position": "middle",
     "kind": "word-index-title",
     "strength": "strong",
     "evidence": "Indexes — Greek Words and Phrases (17/36)",
     "reason": null
    },
    {
     "ordinal": 2062,
     "position": "middle",
     "kind": "word-index-title",
     "strength": "strong",
     "evidence": "Indexes — Greek Words and Phrases (18/36)",
     "reason": null
    },
    {
     "ordinal": 2063,
     "position": "middle",
     "kind": "word-index-title",
     "strength": "strong",
     "evidence": "Indexes — Greek Words and Phrases (19/36)",
     "reason": null
    },
    {
     "ordinal": 2064,
     "position": "middle",
     "kind": "word-index-title",
     "strength": "strong",
     "evidence": "Indexes — Greek Words and Phrases (20/36)",
     "reason": null
    },
    {
     "ordinal": 2065,
     "position": "middle",
     "kind": "word-index-title",
     "strength": "strong",
     "evidence": "Indexes — Greek Words and Phrases (21/36)",
     "reason": null
    },
    {
     "ordinal": 2066,
     "position": "middle",
     "kind": "word-index-title",
     "strength": "strong",
     "evidence": "Indexes — Greek Words and Phrases (22/36)",
     "reason": null
    },
    {
     "ordinal": 2067,
     "position": "middle",
     "kind": "word-index-title",
     "strength": "strong",
     "evidence": "Indexes — Greek Words and Phrases (23/36)",
     "reason": null
    },
    {
     "ordinal": 2068,
     "position": "middle",
     "kind": "word-index-title",
     "strength": "strong",
     "evidence": "Indexes — Greek Words and Phrases (24/36)",
     "reason": null
    },
    {
     "ordinal": 2069,
     "position": "middle",
     "kind": "word-index-title",
     "strength": "strong",
     "evidence": "Indexes — Greek Words and Phrases (25/36)",
     "reason": null
    },
    {
     "ordinal": 2070,
     "position": "middle",
     "kind": "word-index-title",
     "strength": "strong",
     "evidence": "Indexes — Greek Words and Phrases (26/36)",
     "reason": null
    },
    {
     "ordinal": 2071,
     "position": "middle",
     "kind": "word-index-title",
     "strength": "strong",
     "evidence": "Indexes — Greek Words and Phrases (27/36)",
     "reason": null
    },
    {
     "ordinal": 2072,
     "position": "middle",
     "kind": "word-index-title",
     "strength": "strong",
     "evidence": "Indexes — Greek Words and Phrases (28/36)",
     "reason": null
    },
    {
     "ordinal": 2073,
     "position": "middle",
     "kind": "word-index-title",
     "strength": "strong",
     "evidence": "Indexes — Greek Words and Phrases (29/36)",
     "reason": null
    },
    {
     "ordinal": 2074,
     "position": "middle",
     "kind": "word-index-title",
     "strength": "strong",
     "evidence": "Indexes — Greek Words and Phrases (30/36)",
     "reason": null
    },
    {
     "ordinal": 2075,
     "position": "middle",
     "kind": "word-index-title",
     "strength": "strong",
     "evidence": "Indexes — Greek Words and Phrases (31/36)",
     "reason": null
    },
    {
     "ordinal": 2076,
     "position": "middle",
     "kind": "word-index-title",
     "strength": "strong",
     "evidence": "Indexes — Greek Words and Phrases (32/36)",
     "reason": null
    },
    {
     "ordinal": 2077,
     "position": "middle",
     "kind": "word-index-title",
     "strength": "strong",
     "evidence": "Indexes — Greek Words and Phrases (33/36)",
     "reason": null
    },
    {
     "ordinal": 2078,
     "position": "middle",
     "kind": "word-index-title",
     "strength": "strong",
     "evidence": "Indexes — Greek Words and Phrases (34/36)",
     "reason": null
    },
    {
     "ordinal": 2079,
     "position": "middle",
     "kind": "word-index-title",
     "strength": "strong",
     "evidence": "Indexes — Greek Words and Phrases (35/36)",
     "reason": null
    },
    {
     "ordinal": 2080,
     "position": "middle",
     "kind": "word-index-title",
     "strength": "strong",
     "evidence": "Indexes — Greek Words and Phrases (36/36)",
     "reason": null
    },
    {
     "ordinal": 2081,
     "position": "middle",
     "kind": "word-index-title",
     "strength": "strong",
     "evidence": "Indexes — Hebrew Words and Phrases (1/2)",
     "reason": null
    },
    {
     "ordinal": 2082,
     "position": "middle",
     "kind": "word-index-title",
     "strength": "strong",
     "evidence": "Indexes — Hebrew Words and Phrases (2/2)",
     "reason": null
    },
    {
     "ordinal": 2083,
     "position": "middle",
     "kind": "word-index-title",
     "strength": "strong",
     "evidence": "Indexes — German Words and Phrases (1/60)",
     "reason": null
    },
    {
     "ordinal": 2084,
     "position": "middle",
     "kind": "word-index-title",
     "strength": "strong",
     "evidence": "Indexes — German Words and Phrases (2/60)",
     "reason": null
    },
    {
     "ordinal": 2085,
     "position": "middle",
     "kind": "word-index-title",
     "strength": "strong",
     "evidence": "Indexes — German Words and Phrases (3/60)",
     "reason": null
    },
    {
     "ordinal": 2086,
     "position": "middle",
     "kind": "word-index-title",
     "strength": "strong",
     "evidence": "Indexes — German Words and Phrases (4/60)",
     "reason": null
    },
    {
     "ordinal": 2087,
     "position": "middle",
     "kind": "word-index-title",
     "strength": "strong",
     "evidence": "Indexes — German Words and Phrases (5/60)",
     "reason": null
    },
    {
     "ordinal": 2088,
     "position": "middle",
     "kind": "word-index-title",
     "strength": "strong",
     "evidence": "Indexes — German Words and Phrases (6/60)",
     "reason": null
    },
    {
     "ordinal": 2089,
     "position": "middle",
     "kind": "word-index-title",
     "strength": "strong",
     "evidence": "Indexes — German Words and Phrases (7/60)",
     "reason": null
    },
    {
     "ordinal": 2090,
     "position": "middle",
     "kind": "word-index-title",
     "strength": "strong",
     "evidence": "Indexes — German Words and Phrases (8/60)",
     "reason": null
    },
    {
     "ordinal": 2091,
     "position": "middle",
     "kind": "word-index-title",
     "strength": "strong",
     "evidence": "Indexes — German Words and Phrases (9/60)",
     "reason": null
    },
    {
     "ordinal": 2092,
     "position": "middle",
     "kind": "word-index-title",
     "strength": "strong",
     "evidence": "Indexes — German Words and Phrases (10/60)",
     "reason": null
    },
    {
     "ordinal": 2093,
     "position": "middle",
     "kind": "word-index-title",
     "strength": "strong",
     "evidence": "Indexes — German Words and Phrases (11/60)",
     "reason": null
    },
    {
     "ordinal": 2094,
     "position": "middle",
     "kind": "word-index-title",
     "strength": "strong",
     "evidence": "Indexes — German Words and Phrases (12/60)",
     "reason": null
    },
    {
     "ordinal": 2095,
     "position": "middle",
     "kind": "word-index-title",
     "strength": "strong",
     "evidence": "Indexes — German Words and Phrases (13/60)",
     "reason": null
    },
    {
     "ordinal": 2096,
     "position": "middle",
     "kind": "word-index-title",
     "strength": "strong",
     "evidence": "Indexes — German Words and Phrases (14/60)",
     "reason": null
    },
    {
     "ordinal": 2097,
     "position": "middle",
     "kind": "word-index-title",
     "strength": "strong",
     "evidence": "Indexes — German Words and Phrases (15/60)",
     "reason": null
    },
    {
     "ordinal": 2098,
     "position": "middle",
     "kind": "word-index-title",
     "strength": "strong",
     "evidence": "Indexes — German Words and Phrases (16/60)",
     "reason": null
    },
    {
     "ordinal": 2099,
     "position": "middle",
     "kind": "word-index-title",
     "strength": "strong",
     "evidence": "Indexes — German Words and Phrases (17/60)",
     "reason": null
    },
    {
     "ordinal": 2100,
     "position": "middle",
     "kind": "word-index-title",
     "strength": "strong",
     "evidence": "Indexes — German Words and Phrases (18/60)",
     "reason": null
    },
    {
     "ordinal": 2101,
     "position": "middle",
     "kind": "word-index-title",
     "strength": "strong",
     "evidence": "Indexes — German Words and Phrases (19/60)",
     "reason": null
    },
    {
     "ordinal": 2102,
     "position": "middle",
     "kind": "word-index-title",
     "strength": "strong",
     "evidence": "Indexes — German Words and Phrases (20/60)",
     "reason": null
    },
    {
     "ordinal": 2103,
     "position": "middle",
     "kind": "word-index-title",
     "strength": "strong",
     "evidence": "Indexes — German Words and Phrases (21/60)",
     "reason": null
    },
    {
     "ordinal": 2104,
     "position": "middle",
     "kind": "word-index-title",
     "strength": "strong",
     "evidence": "Indexes — German Words and Phrases (22/60)",
     "reason": null
    },
    {
     "ordinal": 2105,
     "position": "middle",
     "kind": "word-index-title",
     "strength": "strong",
     "evidence": "Indexes — German Words and Phrases (23/60)",
     "reason": null
    },
    {
     "ordinal": 2106,
     "position": "middle",
     "kind": "word-index-title",
     "strength": "strong",
     "evidence": "Indexes — German Words and Phrases (24/60)",
     "reason": null
    },
    {
     "ordinal": 2107,
     "position": "middle",
     "kind": "word-index-title",
     "strength": "strong",
     "evidence": "Indexes — German Words and Phrases (25/60)",
     "reason": null
    },
    {
     "ordinal": 2108,
     "position": "middle",
     "kind": "word-index-title",
     "strength": "strong",
     "evidence": "Indexes — German Words and Phrases (26/60)",
     "reason": null
    },
    {
     "ordinal": 2109,
     "position": "middle",
     "kind": "word-index-title",
     "strength": "strong",
     "evidence": "Indexes — German Words and Phrases (27/60)",
     "reason": null
    },
    {
     "ordinal": 2110,
     "position": "middle",
     "kind": "word-index-title",
     "strength": "strong",
     "evidence": "Indexes — German Words and Phrases (28/60)",
     "reason": null
    },
    {
     "ordinal": 2111,
     "position": "middle",
     "kind": "word-index-title",
     "strength": "strong",
     "evidence": "Indexes — German Words and Phrases (29/60)",
     "reason": null
    },
    {
     "ordinal": 2112,
     "position": "middle",
     "kind": "word-index-title",
     "strength": "strong",
     "evidence": "Indexes — German Words and Phrases (30/60)",
     "reason": null
    },
    {
     "ordinal": 2113,
     "position": "middle",
     "kind": "word-index-title",
     "strength": "strong",
     "evidence": "Indexes — German Words and Phrases (31/60)",
     "reason": null
    },
    {
     "ordinal": 2114,
     "position": "middle",
     "kind": "word-index-title",
     "strength": "strong",
     "evidence": "Indexes — German Words and Phrases (32/60)",
     "reason": null
    },
    {
     "ordinal": 2115,
     "position": "middle",
     "kind": "word-index-title",
     "strength": "strong",
     "evidence": "Indexes — German Words and Phrases (33/60)",
     "reason": null
    },
    {
     "ordinal": 2116,
     "position": "middle",
     "kind": "word-index-title",
     "strength": "strong",
     "evidence": "Indexes — German Words and Phrases (34/60)",
     "reason": null
    },
    {
     "ordinal": 2117,
     "position": "middle",
     "kind": "word-index-title",
     "strength": "strong",
     "evidence": "Indexes — German Words and Phrases (35/60)",
     "reason": null
    },
    {
     "ordinal": 2118,
     "position": "middle",
     "kind": "word-index-title",
     "strength": "strong",
     "evidence": "Indexes — German Words and Phrases (36/60)",
     "reason": null
    },
    {
     "ordinal": 2119,
     "position": "middle",
     "kind": "word-index-title",
     "strength": "strong",
     "evidence": "Indexes — German Words and Phrases (37/60)",
     "reason": null
    },
    {
     "ordinal": 2120,
     "position": "middle",
     "kind": "word-index-title",
     "strength": "strong",
     "evidence": "Indexes — German Words and Phrases (38/60)",
     "reason": null
    },
    {
     "ordinal": 2121,
     "position": "middle",
     "kind": "word-index-title",
     "strength": "strong",
     "evidence": "Indexes — German Words and Phrases (39/60)",
     "reason": null
    },
    {
     "ordinal": 2122,
     "position": "middle",
     "kind": "word-index-title",
     "strength": "strong",
     "evidence": "Indexes — German Words and Phrases (40/60)",
     "reason": null
    },
    {
     "ordinal": 2123,
     "position": "middle",
     "kind": "word-index-title",
     "strength": "strong",
     "evidence": "Indexes — German Words and Phrases (41/60)",
     "reason": null
    },
    {
     "ordinal": 2124,
     "position": "middle",
     "kind": "word-index-title",
     "strength": "strong",
     "evidence": "Indexes — German Words and Phrases (42/60)",
     "reason": null
    },
    {
     "ordinal": 2125,
     "position": "middle",
     "kind": "word-index-title",
     "strength": "strong",
     "evidence": "Indexes — German Words and Phrases (43/60)",
     "reason": null
    },
    {
     "ordinal": 2126,
     "position": "middle",
     "kind": "word-index-title",
     "strength": "strong",
     "evidence": "Indexes — German Words and Phrases (44/60)",
     "reason": null
    },
    {
     "ordinal": 2127,
     "position": "middle",
     "kind": "word-index-title",
     "strength": "strong",
     "evidence": "Indexes — German Words and Phrases (45/60)",
     "reason": null
    },
    {
     "ordinal": 2128,
     "position": "middle",
     "kind": "word-index-title",
     "strength": "strong",
     "evidence": "Indexes — German Words and Phrases (46/60)",
     "reason": null
    },
    {
     "ordinal": 2129,
     "position": "middle",
     "kind": "word-index-title",
     "strength": "strong",
     "evidence": "Indexes — German Words and Phrases (47/60)",
     "reason": null
    },
    {
     "ordinal": 2130,
     "position": "middle",
     "kind": "word-index-title",
     "strength": "strong",
     "evidence": "Indexes — German Words and Phrases (48/60)",
     "reason": null
    },
    {
     "ordinal": 2131,
     "position": "middle",
     "kind": "word-index-title",
     "strength": "strong",
     "evidence": "Indexes — German Words and Phrases (49/60)",
     "reason": null
    },
    {
     "ordinal": 2132,
     "position": "middle",
     "kind": "word-index-title",
     "strength": "strong",
     "evidence": "Indexes — German Words and Phrases (50/60)",
     "reason": null
    },
    {
     "ordinal": 2133,
     "position": "middle",
     "kind": "word-index-title",
     "strength": "strong",
     "evidence": "Indexes — German Words and Phrases (51/60)",
     "reason": null
    },
    {
     "ordinal": 2134,
     "position": "middle",
     "kind": "word-index-title",
     "strength": "strong",
     "evidence": "Indexes — German Words and Phrases (52/60)",
     "reason": null
    },
    {
     "ordinal": 2135,
     "position": "middle",
     "kind": "word-index-title",
     "strength": "strong",
     "evidence": "Indexes — German Words and Phrases (53/60)",
     "reason": null
    },
    {
     "ordinal": 2136,
     "position": "middle",
     "kind": "word-index-title",
     "strength": "strong",
     "evidence": "Indexes — German Words and Phrases (54/60)",
     "reason": null
    },
    {
     "ordinal": 2137,
     "position": "middle",
     "kind": "word-index-title",
     "strength": "strong",
     "evidence": "Indexes — German Words and Phrases (55/60)",
     "reason": null
    },
    {
     "ordinal": 2138,
     "position": "middle",
     "kind": "word-index-title",
     "strength": "strong",
     "evidence": "Indexes — German Words and Phrases (56/60)",
     "reason": null
    },
    {
     "ordinal": 2139,
     "position": "middle",
     "kind": "word-index-title",
     "strength": "strong",
     "evidence": "Indexes — German Words and Phrases (57/60)",
     "reason": null
    },
    {
     "ordinal": 2140,
     "position": "middle",
     "kind": "word-index-title",
     "strength": "strong",
     "evidence": "Indexes — German Words and Phrases (58/60)",
     "reason": null
    },
    {
     "ordinal": 2141,
     "position": "middle",
     "kind": "word-index-title",
     "strength": "strong",
     "evidence": "Indexes — German Words and Phrases (59/60)",
     "reason": null
    },
    {
     "ordinal": 2142,
     "position": "middle",
     "kind": "word-index-title",
     "strength": "strong",
     "evidence": "Indexes — German Words and Phrases (60/60)",
     "reason": null
    },
    {
     "ordinal": 2143,
     "position": "middle",
     "kind": "word-index-title",
     "strength": "strong",
     "evidence": "Indexes — French Words and Phrases (1/17)",
     "reason": null
    },
    {
     "ordinal": 2144,
     "position": "middle",
     "kind": "word-index-title",
     "strength": "strong",
     "evidence": "Indexes — French Words and Phrases (2/17)",
     "reason": null
    },
    {
     "ordinal": 2145,
     "position": "middle",
     "kind": "word-index-title",
     "strength": "strong",
     "evidence": "Indexes — French Words and Phrases (3/17)",
     "reason": null
    },
    {
     "ordinal": 2146,
     "position": "middle",
     "kind": "word-index-title",
     "strength": "strong",
     "evidence": "Indexes — French Words and Phrases (4/17)",
     "reason": null
    },
    {
     "ordinal": 2147,
     "position": "middle",
     "kind": "word-index-title",
     "strength": "strong",
     "evidence": "Indexes — French Words and Phrases (5/17)",
     "reason": null
    },
    {
     "ordinal": 2148,
     "position": "tail",
     "kind": "word-index-title",
     "strength": "strong",
     "evidence": "Indexes — French Words and Phrases (6/17)",
     "reason": null
    },
    {
     "ordinal": 2149,
     "position": "tail",
     "kind": "word-index-title",
     "strength": "strong",
     "evidence": "Indexes — French Words and Phrases (7/17)",
     "reason": null
    },
    {
     "ordinal": 2150,
     "position": "tail",
     "kind": "word-index-title",
     "strength": "strong",
     "evidence": "Indexes — French Words and Phrases (8/17)",
     "reason": null
    },
    {
     "ordinal": 2151,
     "position": "tail",
     "kind": "word-index-title",
     "strength": "strong",
     "evidence": "Indexes — French Words and Phrases (9/17)",
     "reason": null
    },
    {
     "ordinal": 2152,
     "position": "tail",
     "kind": "word-index-title",
     "strength": "strong",
     "evidence": "Indexes — French Words and Phrases (10/17)",
     "reason": null
    },
    {
     "ordinal": 2153,
     "position": "tail",
     "kind": "word-index-title",
     "strength": "strong",
     "evidence": "Indexes — French Words and Phrases (11/17)",
     "reason": null
    },
    {
     "ordinal": 2154,
     "position": "tail",
     "kind": "word-index-title",
     "strength": "strong",
     "evidence": "Indexes — French Words and Phrases (12/17)",
     "reason": null
    },
    {
     "ordinal": 2155,
     "position": "tail",
     "kind": "word-index-title",
     "strength": "strong",
     "evidence": "Indexes — French Words and Phrases (13/17)",
     "reason": null
    },
    {
     "ordinal": 2156,
     "position": "tail",
     "kind": "word-index-title",
     "strength": "strong",
     "evidence": "Indexes — French Words and Phrases (14/17)",
     "reason": null
    },
    {
     "ordinal": 2157,
     "position": "tail",
     "kind": "word-index-title",
     "strength": "strong",
     "evidence": "Indexes — French Words and Phrases (15/17)",
     "reason": null
    },
    {
     "ordinal": 2158,
     "position": "tail",
     "kind": "word-index-title",
     "strength": "strong",
     "evidence": "Indexes — French Words and Phrases (16/17)",
     "reason": null
    },
    {
     "ordinal": 2159,
     "position": "tail",
     "kind": "word-index-title",
     "strength": "strong",
     "evidence": "Indexes — French Words and Phrases (17/17)",
     "reason": null
    }
   ]
  },
  {
   "slug": "schaff-hcc2",
   "verdict": "FAIL",
   "author": "Schaff, Philip",
   "scanned": 2082,
   "findings": [
    {
     "ordinal": 1,
     "position": "head",
     "kind": "apparatus-title",
     "strength": "strong",
     "evidence": "Preface to the Third Edition Revised (1/2)",
     "reason": null
    },
    {
     "ordinal": 2,
     "position": "head",
     "kind": "apparatus-title",
     "strength": "strong",
     "evidence": "Preface to the Third Edition Revised (2/2)",
     "reason": null
    },
    {
     "ordinal": 4,
     "position": "head",
     "kind": "apparatus-title",
     "strength": "strong",
     "evidence": "Preface to the Second Edition (1/9)",
     "reason": null
    },
    {
     "ordinal": 5,
     "position": "head",
     "kind": "apparatus-title",
     "strength": "strong",
     "evidence": "Preface to the Second Edition (2/9)",
     "reason": null
    },
    {
     "ordinal": 6,
     "position": "head",
     "kind": "apparatus-title",
     "strength": "strong",
     "evidence": "Preface to the Second Edition (3/9)",
     "reason": null
    },
    {
     "ordinal": 7,
     "position": "head",
     "kind": "apparatus-title",
     "strength": "strong",
     "evidence": "Preface to the Second Edition (4/9)",
     "reason": null
    },
    {
     "ordinal": 8,
     "position": "head",
     "kind": "apparatus-title",
     "strength": "strong",
     "evidence": "Preface to the Second Edition (5/9)",
     "reason": null
    },
    {
     "ordinal": 9,
     "position": "head",
     "kind": "apparatus-title",
     "strength": "strong",
     "evidence": "Preface to the Second Edition (6/9)",
     "reason": null
    },
    {
     "ordinal": 10,
     "position": "head",
     "kind": "apparatus-title",
     "strength": "strong",
     "evidence": "Preface to the Second Edition (7/9)",
     "reason": null
    },
    {
     "ordinal": 11,
     "position": "head",
     "kind": "apparatus-title",
     "strength": "strong",
     "evidence": "Preface to the Second Edition (8/9)",
     "reason": null
    },
    {
     "ordinal": 12,
     "position": "head",
     "kind": "apparatus-title",
     "strength": "strong",
     "evidence": "Preface to the Second Edition (9/9)",
     "reason": null
    },
    {
     "ordinal": 22,
     "position": "middle",
     "kind": "foreign-work-byline",
     "strength": "weak",
     "evidence": ". by\nAnnie Harwood Holmden",
     "reason": "names 'Holmden', not the declared author 'Schaff, Philip'"
    },
    {
     "ordinal": 123,
     "position": "middle",
     "kind": "foreign-work-banner",
     "strength": "weak",
     "evidence": "The Epistles of Ignatius",
     "reason": "names 'Ignatius', not the declared author 'Schaff, Philip'"
    },
    {
     "ordinal": 309,
     "position": "middle",
     "kind": "foreign-work-banner",
     "strength": "weak",
     "evidence": "Epistles of Ignat",
     "reason": "names 'Ignat', not the declared author 'Schaff, Philip'"
    },
    {
     "ordinal": 415,
     "position": "middle",
     "kind": "foreign-work-banner",
     "strength": "weak",
     "evidence": "Epistles of Ignatius",
     "reason": "names 'Ignatius', not the declared author 'Schaff, Philip'"
    },
    {
     "ordinal": 713,
     "position": "middle",
     "kind": "foreign-work-banner",
     "strength": "weak",
     "evidence": "The Apologies of Justin",
     "reason": "names 'Justin', not the declared author 'Schaff, Philip'"
    },
    {
     "ordinal": 776,
     "position": "middle",
     "kind": "foreign-work-banner",
     "strength": "weak",
     "evidence": "The Epistles of Cyprian",
     "reason": "names 'Cyprian', not the declared author 'Schaff, Philip'"
    },
    {
     "ordinal": 1251,
     "position": "middle",
     "kind": "foreign-work-byline",
     "strength": "weak",
     "evidence": ". by Edw. Burton",
     "reason": "names 'Burton', not the declared author 'Schaff, Philip'"
    },
    {
     "ordinal": 1445,
     "position": "middle",
     "kind": "foreign-work-banner",
     "strength": "weak",
     "evidence": "Epistles of Clement",
     "reason": "names 'Clement', not the declared author 'Schaff, Philip'"
    },
    {
     "ordinal": 1452,
     "position": "middle",
     "kind": "foreign-work-banner",
     "strength": "weak",
     "evidence": "The Epistle of Clemens Rom",
     "reason": "names 'Rom', not the declared author 'Schaff, Philip'"
    },
    {
     "ordinal": 1484,
     "position": "middle",
     "kind": "foreign-work-banner",
     "strength": "weak",
     "evidence": "Life of Ignatius",
     "reason": "names 'Ignatius', not the declared author 'Schaff, Philip'"
    },
    {
     "ordinal": 1486,
     "position": "middle",
     "kind": "foreign-work-banner",
     "strength": "weak",
     "evidence": "Epistle of Ignatius",
     "reason": "names 'Ignatius', not the declared author 'Schaff, Philip'"
    },
    {
     "ordinal": 1521,
     "position": "middle",
     "kind": "foreign-work-banner",
     "strength": "weak",
     "evidence": "Epistle of Polycarp",
     "reason": "names 'Polycarp', not the declared author 'Schaff, Philip'"
    },
    {
     "ordinal": 1597,
     "position": "middle",
     "kind": "foreign-work-byline",
     "strength": "weak",
     "evidence": ". by Symphor. Champerius",
     "reason": "names 'Champerius', not the declared author 'Schaff, Philip'"
    },
    {
     "ordinal": 1660,
     "position": "middle",
     "kind": "foreign-work-byline",
     "strength": "weak",
     "evidence": ". by W. B. Owen",
     "reason": "names 'Owen', not the declared author 'Schaff, Philip'"
    },
    {
     "ordinal": 1805,
     "position": "middle",
     "kind": "foreign-work-banner",
     "strength": "strong",
     "evidence": "The Works of Origen",
     "reason": "names 'Origen', not the declared author 'Schaff, Philip'"
    },
    {
     "ordinal": 1806,
     "position": "middle",
     "kind": "foreign-work-banner",
     "strength": "weak",
     "evidence": "The Works of Origen",
     "reason": "names 'Origen', not the declared author 'Schaff, Philip'"
    },
    {
     "ordinal": 1807,
     "position": "middle",
     "kind": "foreign-work-banner",
     "strength": "weak",
     "evidence": "The Works of Origen",
     "reason": "names 'Origen', not the declared author 'Schaff, Philip'"
    },
    {
     "ordinal": 1808,
     "position": "middle",
     "kind": "foreign-work-banner",
     "strength": "weak",
     "evidence": "The Works of Origen",
     "reason": "names 'Origen', not the declared author 'Schaff, Philip'"
    },
    {
     "ordinal": 1809,
     "position": "middle",
     "kind": "foreign-work-banner",
     "strength": "weak",
     "evidence": "The Works of Origen",
     "reason": "names 'Origen', not the declared author 'Schaff, Philip'"
    },
    {
     "ordinal": 1810,
     "position": "middle",
     "kind": "foreign-work-banner",
     "strength": "weak",
     "evidence": "The Works of Origen",
     "reason": "names 'Origen', not the declared author 'Schaff, Philip'"
    },
    {
     "ordinal": 1811,
     "position": "middle",
     "kind": "foreign-work-banner",
     "strength": "weak",
     "evidence": "The Works of Origen",
     "reason": "names 'Origen', not the declared author 'Schaff, Philip'"
    },
    {
     "ordinal": 1861,
     "position": "middle",
     "kind": "foreign-work-banner",
     "strength": "weak",
     "evidence": "Writings of Tertullian",
     "reason": "names 'Tertullian', not the declared author 'Schaff, Philip'"
    },
    {
     "ordinal": 1887,
     "position": "middle",
     "kind": "foreign-work-banner",
     "strength": "strong",
     "evidence": "The Writings of Tertullian",
     "reason": "names 'Tertullian', not the declared author 'Schaff, Philip'"
    },
    {
     "ordinal": 1888,
     "position": "middle",
     "kind": "foreign-work-banner",
     "strength": "weak",
     "evidence": "The Writings of Tertullian",
     "reason": "names 'Tertullian', not the declared author 'Schaff, Philip'"
    },
    {
     "ordinal": 1889,
     "position": "middle",
     "kind": "foreign-work-banner",
     "strength": "weak",
     "evidence": "The Writings of Tertullian",
     "reason": "names 'Tertullian', not the declared author 'Schaff, Philip'"
    },
    {
     "ordinal": 1890,
     "position": "middle",
     "kind": "foreign-work-banner",
     "strength": "weak",
     "evidence": "The Writings of Tertullian",
     "reason": "names 'Tertullian', not the declared author 'Schaff, Philip'"
    },
    {
     "ordinal": 1891,
     "position": "middle",
     "kind": "foreign-work-banner",
     "strength": "weak",
     "evidence": "The Writings of Tertullian",
     "reason": "names 'Tertullian', not the declared author 'Schaff, Philip'"
    },
    {
     "ordinal": 1892,
     "position": "middle",
     "kind": "foreign-work-banner",
     "strength": "weak",
     "evidence": "The Writings of Tertullian",
     "reason": "names 'Tertullian', not the declared author 'Schaff, Philip'"
    },
    {
     "ordinal": 1893,
     "position": "middle",
     "kind": "foreign-work-banner",
     "strength": "weak",
     "evidence": "The Writings of Tertullian",
     "reason": "names 'Tertullian', not the declared author 'Schaff, Philip'"
    },
    {
     "ordinal": 1894,
     "position": "middle",
     "kind": "foreign-work-banner",
     "strength": "weak",
     "evidence": "The Writings of Tertullian",
     "reason": "names 'Tertullian', not the declared author 'Schaff, Philip'"
    },
    {
     "ordinal": 1895,
     "position": "middle",
     "kind": "foreign-work-banner",
     "strength": "weak",
     "evidence": "The Writings of Tertullian",
     "reason": "names 'Tertullian', not the declared author 'Schaff, Philip'"
    },
    {
     "ordinal": 1896,
     "position": "middle",
     "kind": "foreign-work-banner",
     "strength": "weak",
     "evidence": "The Writings of Tertullian",
     "reason": "names 'Tertullian', not the declared author 'Schaff, Philip'"
    },
    {
     "ordinal": 1897,
     "position": "middle",
     "kind": "foreign-work-banner",
     "strength": "weak",
     "evidence": "The Writings of Tertullian",
     "reason": "names 'Tertullian', not the declared author 'Schaff, Philip'"
    },
    {
     "ordinal": 1898,
     "position": "middle",
     "kind": "foreign-work-banner",
     "strength": "weak",
     "evidence": "The Writings of Tertullian",
     "reason": "names 'Tertullian', not the declared author 'Schaff, Philip'"
    },
    {
     "ordinal": 1899,
     "position": "middle",
     "kind": "foreign-work-banner",
     "strength": "weak",
     "evidence": "The Writings of Tertullian",
     "reason": "names 'Tertullian', not the declared author 'Schaff, Philip'"
    },
    {
     "ordinal": 1900,
     "position": "middle",
     "kind": "foreign-work-banner",
     "strength": "weak",
     "evidence": "The Writings of Tertullian",
     "reason": "names 'Tertullian', not the declared author 'Schaff, Philip'"
    },
    {
     "ordinal": 1901,
     "position": "middle",
     "kind": "foreign-work-banner",
     "strength": "weak",
     "evidence": "The Writings of Tertullian",
     "reason": "names 'Tertullian', not the declared author 'Schaff, Philip'"
    },
    {
     "ordinal": 1902,
     "position": "middle",
     "kind": "foreign-work-banner",
     "strength": "weak",
     "evidence": "The Writings of Tertullian",
     "reason": "names 'Tertullian', not the declared author 'Schaff, Philip'"
    },
    {
     "ordinal": 1903,
     "position": "middle",
     "kind": "foreign-work-byline",
     "strength": "weak",
     "evidence": ". by Car. Halm",
     "reason": "names 'Halm', not the declared author 'Schaff, Philip'"
    },
    {
     "ordinal": 1920,
     "position": "middle",
     "kind": "foreign-work-byline",
     "strength": "weak",
     "evidence": ". by W. Hartel",
     "reason": "names 'Hartel', not the declared author 'Schaff, Philip'"
    },
    {
     "ordinal": 1990,
     "position": "middle",
     "kind": "word-index-title",
     "strength": "strong",
     "evidence": "Indexes — Greek Words and Phrases (1/33)",
     "reason": null
    },
    {
     "ordinal": 1991,
     "position": "middle",
     "kind": "word-index-title",
     "strength": "strong",
     "evidence": "Indexes — Greek Words and Phrases (2/33)",
     "reason": null
    },
    {
     "ordinal": 1992,
     "position": "middle",
     "kind": "word-index-title",
     "strength": "strong",
     "evidence": "Indexes — Greek Words and Phrases (3/33)",
     "reason": null
    },
    {
     "ordinal": 1993,
     "position": "middle",
     "kind": "word-index-title",
     "strength": "strong",
     "evidence": "Indexes — Greek Words and Phrases (4/33)",
     "reason": null
    },
    {
     "ordinal": 1994,
     "position": "middle",
     "kind": "word-index-title",
     "strength": "strong",
     "evidence": "Indexes — Greek Words and Phrases (5/33)",
     "reason": null
    },
    {
     "ordinal": 1995,
     "position": "middle",
     "kind": "word-index-title",
     "strength": "strong",
     "evidence": "Indexes — Greek Words and Phrases (6/33)",
     "reason": null
    },
    {
     "ordinal": 1996,
     "position": "middle",
     "kind": "word-index-title",
     "strength": "strong",
     "evidence": "Indexes — Greek Words and Phrases (7/33)",
     "reason": null
    },
    {
     "ordinal": 1997,
     "position": "middle",
     "kind": "word-index-title",
     "strength": "strong",
     "evidence": "Indexes — Greek Words and Phrases (8/33)",
     "reason": null
    },
    {
     "ordinal": 1998,
     "position": "middle",
     "kind": "word-index-title",
     "strength": "strong",
     "evidence": "Indexes — Greek Words and Phrases (9/33)",
     "reason": null
    },
    {
     "ordinal": 1999,
     "position": "middle",
     "kind": "word-index-title",
     "strength": "strong",
     "evidence": "Indexes — Greek Words and Phrases (10/33)",
     "reason": null
    },
    {
     "ordinal": 2000,
     "position": "middle",
     "kind": "word-index-title",
     "strength": "strong",
     "evidence": "Indexes — Greek Words and Phrases (11/33)",
     "reason": null
    },
    {
     "ordinal": 2001,
     "position": "middle",
     "kind": "word-index-title",
     "strength": "strong",
     "evidence": "Indexes — Greek Words and Phrases (12/33)",
     "reason": null
    },
    {
     "ordinal": 2002,
     "position": "middle",
     "kind": "word-index-title",
     "strength": "strong",
     "evidence": "Indexes — Greek Words and Phrases (13/33)",
     "reason": null
    },
    {
     "ordinal": 2003,
     "position": "middle",
     "kind": "word-index-title",
     "strength": "strong",
     "evidence": "Indexes — Greek Words and Phrases (14/33)",
     "reason": null
    },
    {
     "ordinal": 2004,
     "position": "middle",
     "kind": "word-index-title",
     "strength": "strong",
     "evidence": "Indexes — Greek Words and Phrases (15/33)",
     "reason": null
    },
    {
     "ordinal": 2005,
     "position": "middle",
     "kind": "word-index-title",
     "strength": "strong",
     "evidence": "Indexes — Greek Words and Phrases (16/33)",
     "reason": null
    },
    {
     "ordinal": 2006,
     "position": "middle",
     "kind": "word-index-title",
     "strength": "strong",
     "evidence": "Indexes — Greek Words and Phrases (17/33)",
     "reason": null
    },
    {
     "ordinal": 2007,
     "position": "middle",
     "kind": "word-index-title",
     "strength": "strong",
     "evidence": "Indexes — Greek Words and Phrases (18/33)",
     "reason": null
    },
    {
     "ordinal": 2008,
     "position": "middle",
     "kind": "word-index-title",
     "strength": "strong",
     "evidence": "Indexes — Greek Words and Phrases (19/33)",
     "reason": null
    },
    {
     "ordinal": 2009,
     "position": "middle",
     "kind": "word-index-title",
     "strength": "strong",
     "evidence": "Indexes — Greek Words and Phrases (20/33)",
     "reason": null
    },
    {
     "ordinal": 2010,
     "position": "middle",
     "kind": "word-index-title",
     "strength": "strong",
     "evidence": "Indexes — Greek Words and Phrases (21/33)",
     "reason": null
    },
    {
     "ordinal": 2011,
     "position": "middle",
     "kind": "word-index-title",
     "strength": "strong",
     "evidence": "Indexes — Greek Words and Phrases (22/33)",
     "reason": null
    },
    {
     "ordinal": 2012,
     "position": "middle",
     "kind": "word-index-title",
     "strength": "strong",
     "evidence": "Indexes — Greek Words and Phrases (23/33)",
     "reason": null
    },
    {
     "ordinal": 2013,
     "position": "middle",
     "kind": "word-index-title",
     "strength": "strong",
     "evidence": "Indexes — Greek Words and Phrases (24/33)",
     "reason": null
    },
    {
     "ordinal": 2014,
     "position": "middle",
     "kind": "word-index-title",
     "strength": "strong",
     "evidence": "Indexes — Greek Words and Phrases (25/33)",
     "reason": null
    },
    {
     "ordinal": 2015,
     "position": "middle",
     "kind": "word-index-title",
     "strength": "strong",
     "evidence": "Indexes — Greek Words and Phrases (26/33)",
     "reason": null
    },
    {
     "ordinal": 2016,
     "position": "middle",
     "kind": "word-index-title",
     "strength": "strong",
     "evidence": "Indexes — Greek Words and Phrases (27/33)",
     "reason": null
    },
    {
     "ordinal": 2017,
     "position": "middle",
     "kind": "word-index-title",
     "strength": "strong",
     "evidence": "Indexes — Greek Words and Phrases (28/33)",
     "reason": null
    },
    {
     "ordinal": 2018,
     "position": "middle",
     "kind": "word-index-title",
     "strength": "strong",
     "evidence": "Indexes — Greek Words and Phrases (29/33)",
     "reason": null
    },
    {
     "ordinal": 2019,
     "position": "middle",
     "kind": "word-index-title",
     "strength": "strong",
     "evidence": "Indexes — Greek Words and Phrases (30/33)",
     "reason": null
    },
    {
     "ordinal": 2020,
     "position": "middle",
     "kind": "word-index-title",
     "strength": "strong",
     "evidence": "Indexes — Greek Words and Phrases (31/33)",
     "reason": null
    },
    {
     "ordinal": 2021,
     "position": "middle",
     "kind": "word-index-title",
     "strength": "strong",
     "evidence": "Indexes — Greek Words and Phrases (32/33)",
     "reason": null
    },
    {
     "ordinal": 2022,
     "position": "middle",
     "kind": "word-index-title",
     "strength": "strong",
     "evidence": "Indexes — Greek Words and Phrases (33/33)",
     "reason": null
    },
    {
     "ordinal": 2023,
     "position": "middle",
     "kind": "word-index-title",
     "strength": "strong",
     "evidence": "Indexes — Hebrew Words and Phrases",
     "reason": null
    },
    {
     "ordinal": 2024,
     "position": "middle",
     "kind": "word-index-title",
     "strength": "strong",
     "evidence": "Indexes — Latin Words and Phrases",
     "reason": null
    },
    {
     "ordinal": 2025,
     "position": "middle",
     "kind": "word-index-title",
     "strength": "strong",
     "evidence": "Indexes — German Words and Phrases (1/42)",
     "reason": null
    },
    {
     "ordinal": 2026,
     "position": "middle",
     "kind": "word-index-title",
     "strength": "strong",
     "evidence": "Indexes — German Words and Phrases (2/42)",
     "reason": null
    },
    {
     "ordinal": 2027,
     "position": "middle",
     "kind": "word-index-title",
     "strength": "strong",
     "evidence": "Indexes — German Words and Phrases (3/42)",
     "reason": null
    },
    {
     "ordinal": 2028,
     "position": "middle",
     "kind": "word-index-title",
     "strength": "strong",
     "evidence": "Indexes — German Words and Phrases (4/42)",
     "reason": null
    },
    {
     "ordinal": 2029,
     "position": "middle",
     "kind": "word-index-title",
     "strength": "strong",
     "evidence": "Indexes — German Words and Phrases (5/42)",
     "reason": null
    },
    {
     "ordinal": 2030,
     "position": "middle",
     "kind": "word-index-title",
     "strength": "strong",
     "evidence": "Indexes — German Words and Phrases (6/42)",
     "reason": null
    },
    {
     "ordinal": 2031,
     "position": "middle",
     "kind": "word-index-title",
     "strength": "strong",
     "evidence": "Indexes — German Words and Phrases (7/42)",
     "reason": null
    },
    {
     "ordinal": 2032,
     "position": "middle",
     "kind": "word-index-title",
     "strength": "strong",
     "evidence": "Indexes — German Words and Phrases (8/42)",
     "reason": null
    },
    {
     "ordinal": 2033,
     "position": "middle",
     "kind": "word-index-title",
     "strength": "strong",
     "evidence": "Indexes — German Words and Phrases (9/42)",
     "reason": null
    },
    {
     "ordinal": 2034,
     "position": "middle",
     "kind": "word-index-title",
     "strength": "strong",
     "evidence": "Indexes — German Words and Phrases (10/42)",
     "reason": null
    },
    {
     "ordinal": 2035,
     "position": "middle",
     "kind": "word-index-title",
     "strength": "strong",
     "evidence": "Indexes — German Words and Phrases (11/42)",
     "reason": null
    },
    {
     "ordinal": 2036,
     "position": "middle",
     "kind": "word-index-title",
     "strength": "strong",
     "evidence": "Indexes — German Words and Phrases (12/42)",
     "reason": null
    },
    {
     "ordinal": 2037,
     "position": "middle",
     "kind": "word-index-title",
     "strength": "strong",
     "evidence": "Indexes — German Words and Phrases (13/42)",
     "reason": null
    },
    {
     "ordinal": 2038,
     "position": "middle",
     "kind": "word-index-title",
     "strength": "strong",
     "evidence": "Indexes — German Words and Phrases (14/42)",
     "reason": null
    },
    {
     "ordinal": 2039,
     "position": "middle",
     "kind": "word-index-title",
     "strength": "strong",
     "evidence": "Indexes — German Words and Phrases (15/42)",
     "reason": null
    },
    {
     "ordinal": 2040,
     "position": "middle",
     "kind": "word-index-title",
     "strength": "strong",
     "evidence": "Indexes — German Words and Phrases (16/42)",
     "reason": null
    },
    {
     "ordinal": 2041,
     "position": "middle",
     "kind": "word-index-title",
     "strength": "strong",
     "evidence": "Indexes — German Words and Phrases (17/42)",
     "reason": null
    },
    {
     "ordinal": 2042,
     "position": "middle",
     "kind": "word-index-title",
     "strength": "strong",
     "evidence": "Indexes — German Words and Phrases (18/42)",
     "reason": null
    },
    {
     "ordinal": 2043,
     "position": "middle",
     "kind": "word-index-title",
     "strength": "strong",
     "evidence": "Indexes — German Words and Phrases (19/42)",
     "reason": null
    },
    {
     "ordinal": 2044,
     "position": "middle",
     "kind": "word-index-title",
     "strength": "strong",
     "evidence": "Indexes — German Words and Phrases (20/42)",
     "reason": null
    },
    {
     "ordinal": 2045,
     "position": "middle",
     "kind": "word-index-title",
     "strength": "strong",
     "evidence": "Indexes — German Words and Phrases (21/42)",
     "reason": null
    },
    {
     "ordinal": 2046,
     "position": "middle",
     "kind": "word-index-title",
     "strength": "strong",
     "evidence": "Indexes — German Words and Phrases (22/42)",
     "reason": null
    },
    {
     "ordinal": 2047,
     "position": "middle",
     "kind": "word-index-title",
     "strength": "strong",
     "evidence": "Indexes — German Words and Phrases (23/42)",
     "reason": null
    },
    {
     "ordinal": 2048,
     "position": "middle",
     "kind": "word-index-title",
     "strength": "strong",
     "evidence": "Indexes — German Words and Phrases (24/42)",
     "reason": null
    },
    {
     "ordinal": 2049,
     "position": "middle",
     "kind": "word-index-title",
     "strength": "strong",
     "evidence": "Indexes — German Words and Phrases (25/42)",
     "reason": null
    },
    {
     "ordinal": 2050,
     "position": "middle",
     "kind": "word-index-title",
     "strength": "strong",
     "evidence": "Indexes — German Words and Phrases (26/42)",
     "reason": null
    },
    {
     "ordinal": 2051,
     "position": "middle",
     "kind": "word-index-title",
     "strength": "strong",
     "evidence": "Indexes — German Words and Phrases (27/42)",
     "reason": null
    },
    {
     "ordinal": 2052,
     "position": "middle",
     "kind": "word-index-title",
     "strength": "strong",
     "evidence": "Indexes — German Words and Phrases (28/42)",
     "reason": null
    },
    {
     "ordinal": 2053,
     "position": "middle",
     "kind": "word-index-title",
     "strength": "strong",
     "evidence": "Indexes — German Words and Phrases (29/42)",
     "reason": null
    },
    {
     "ordinal": 2054,
     "position": "middle",
     "kind": "word-index-title",
     "strength": "strong",
     "evidence": "Indexes — German Words and Phrases (30/42)",
     "reason": null
    },
    {
     "ordinal": 2055,
     "position": "middle",
     "kind": "word-index-title",
     "strength": "strong",
     "evidence": "Indexes — German Words and Phrases (31/42)",
     "reason": null
    },
    {
     "ordinal": 2056,
     "position": "middle",
     "kind": "word-index-title",
     "strength": "strong",
     "evidence": "Indexes — German Words and Phrases (32/42)",
     "reason": null
    },
    {
     "ordinal": 2057,
     "position": "middle",
     "kind": "word-index-title",
     "strength": "strong",
     "evidence": "Indexes — German Words and Phrases (33/42)",
     "reason": null
    },
    {
     "ordinal": 2058,
     "position": "middle",
     "kind": "word-index-title",
     "strength": "strong",
     "evidence": "Indexes — German Words and Phrases (34/42)",
     "reason": null
    },
    {
     "ordinal": 2059,
     "position": "middle",
     "kind": "word-index-title",
     "strength": "strong",
     "evidence": "Indexes — German Words and Phrases (35/42)",
     "reason": null
    },
    {
     "ordinal": 2060,
     "position": "middle",
     "kind": "word-index-title",
     "strength": "strong",
     "evidence": "Indexes — German Words and Phrases (36/42)",
     "reason": null
    },
    {
     "ordinal": 2061,
     "position": "middle",
     "kind": "word-index-title",
     "strength": "strong",
     "evidence": "Indexes — German Words and Phrases (37/42)",
     "reason": null
    },
    {
     "ordinal": 2062,
     "position": "middle",
     "kind": "word-index-title",
     "strength": "strong",
     "evidence": "Indexes — German Words and Phrases (38/42)",
     "reason": null
    },
    {
     "ordinal": 2063,
     "position": "middle",
     "kind": "word-index-title",
     "strength": "strong",
     "evidence": "Indexes — German Words and Phrases (39/42)",
     "reason": null
    },
    {
     "ordinal": 2064,
     "position": "middle",
     "kind": "word-index-title",
     "strength": "strong",
     "evidence": "Indexes — German Words and Phrases (40/42)",
     "reason": null
    },
    {
     "ordinal": 2065,
     "position": "middle",
     "kind": "word-index-title",
     "strength": "strong",
     "evidence": "Indexes — German Words and Phrases (41/42)",
     "reason": null
    },
    {
     "ordinal": 2066,
     "position": "middle",
     "kind": "word-index-title",
     "strength": "strong",
     "evidence": "Indexes — German Words and Phrases (42/42)",
     "reason": null
    },
    {
     "ordinal": 2067,
     "position": "middle",
     "kind": "word-index-title",
     "strength": "strong",
     "evidence": "Indexes — French Words and Phrases (1/16)",
     "reason": null
    },
    {
     "ordinal": 2068,
     "position": "middle",
     "kind": "word-index-title",
     "strength": "strong",
     "evidence": "Indexes — French Words and Phrases (2/16)",
     "reason": null
    },
    {
     "ordinal": 2069,
     "position": "middle",
     "kind": "word-index-title",
     "strength": "strong",
     "evidence": "Indexes — French Words and Phrases (3/16)",
     "reason": null
    },
    {
     "ordinal": 2070,
     "position": "middle",
     "kind": "word-index-title",
     "strength": "strong",
     "evidence": "Indexes — French Words and Phrases (4/16)",
     "reason": null
    },
    {
     "ordinal": 2071,
     "position": "tail",
     "kind": "word-index-title",
     "strength": "strong",
     "evidence": "Indexes — French Words and Phrases (5/16)",
     "reason": null
    },
    {
     "ordinal": 2072,
     "position": "tail",
     "kind": "word-index-title",
     "strength": "strong",
     "evidence": "Indexes — French Words and Phrases (6/16)",
     "reason": null
    },
    {
     "ordinal": 2073,
     "position": "tail",
     "kind": "word-index-title",
     "strength": "strong",
     "evidence": "Indexes — French Words and Phrases (7/16)",
     "reason": null
    },
    {
     "ordinal": 2074,
     "position": "tail",
     "kind": "word-index-title",
     "strength": "strong",
     "evidence": "Indexes — French Words and Phrases (8/16)",
     "reason": null
    },
    {
     "ordinal": 2075,
     "position": "tail",
     "kind": "word-index-title",
     "strength": "strong",
     "evidence": "Indexes — French Words and Phrases (9/16)",
     "reason": null
    },
    {
     "ordinal": 2076,
     "position": "tail",
     "kind": "word-index-title",
     "strength": "strong",
     "evidence": "Indexes — French Words and Phrases (10/16)",
     "reason": null
    },
    {
     "ordinal": 2077,
     "position": "tail",
     "kind": "word-index-title",
     "strength": "strong",
     "evidence": "Indexes — French Words and Phrases (11/16)",
     "reason": null
    },
    {
     "ordinal": 2078,
     "position": "tail",
     "kind": "word-index-title",
     "strength": "strong",
     "evidence": "Indexes — French Words and Phrases (12/16)",
     "reason": null
    },
    {
     "ordinal": 2079,
     "position": "tail",
     "kind": "word-index-title",
     "strength": "strong",
     "evidence": "Indexes — French Words and Phrases (13/16)",
     "reason": null
    },
    {
     "ordinal": 2080,
     "position": "tail",
     "kind": "word-index-title",
     "strength": "strong",
     "evidence": "Indexes — French Words and Phrases (14/16)",
     "reason": null
    },
    {
     "ordinal": 2081,
     "position": "tail",
     "kind": "word-index-title",
     "strength": "strong",
     "evidence": "Indexes — French Words and Phrases (15/16)",
     "reason": null
    },
    {
     "ordinal": 2082,
     "position": "tail",
     "kind": "word-index-title",
     "strength": "strong",
     "evidence": "Indexes — French Words and Phrases (16/16)",
     "reason": null
    }
   ]
  },
  {
   "slug": "schaff-hcc3",
   "verdict": "FAIL",
   "author": "Schaff, Philip",
   "scanned": 2325,
   "findings": [
    {
     "ordinal": 1,
     "position": "head",
     "kind": "apparatus-title",
     "strength": "strong",
     "evidence": "Title Page",
     "reason": null
    },
    {
     "ordinal": 2,
     "position": "head",
     "kind": "apparatus-title",
     "strength": "strong",
     "evidence": "Preface to the Third Revision",
     "reason": null
    },
    {
     "ordinal": 3,
     "position": "head",
     "kind": "apparatus-title",
     "strength": "strong",
     "evidence": "PREFACE",
     "reason": null
    },
    {
     "ordinal": 989,
     "position": "middle",
     "kind": "foreign-work-banner",
     "strength": "weak",
     "evidence": "Discourses of Basil",
     "reason": "names 'Basil', not the declared author 'Schaff, Philip'"
    },
    {
     "ordinal": 1390,
     "position": "middle",
     "kind": "foreign-work-byline",
     "strength": "weak",
     "evidence": ". by H. Cowper",
     "reason": "names 'Cowper', not the declared author 'Schaff, Philip'"
    },
    {
     "ordinal": 1909,
     "position": "middle",
     "kind": "foreign-work-banner",
     "strength": "weak",
     "evidence": "Histories of Socrates",
     "reason": "names 'Socrates', not the declared author 'Schaff, Philip'"
    },
    {
     "ordinal": 2112,
     "position": "middle",
     "kind": "foreign-work-banner",
     "strength": "strong",
     "evidence": "The Works of Jerome",
     "reason": "names 'Jerome', not the declared author 'Schaff, Philip'"
    },
    {
     "ordinal": 2113,
     "position": "middle",
     "kind": "foreign-work-banner",
     "strength": "weak",
     "evidence": "The Works of Jerome",
     "reason": "names 'Jerome', not the declared author 'Schaff, Philip'"
    },
    {
     "ordinal": 2114,
     "position": "middle",
     "kind": "foreign-work-banner",
     "strength": "weak",
     "evidence": "The Works of Jerome",
     "reason": "names 'Jerome', not the declared author 'Schaff, Philip'"
    },
    {
     "ordinal": 2115,
     "position": "middle",
     "kind": "foreign-work-banner",
     "strength": "weak",
     "evidence": "The Works of Jerome",
     "reason": "names 'Jerome', not the declared author 'Schaff, Philip'"
    },
    {
     "ordinal": 2116,
     "position": "middle",
     "kind": "foreign-work-banner",
     "strength": "weak",
     "evidence": "The Works of Jerome",
     "reason": "names 'Jerome', not the declared author 'Schaff, Philip'"
    },
    {
     "ordinal": 2117,
     "position": "middle",
     "kind": "foreign-work-banner",
     "strength": "weak",
     "evidence": "The Works of Jerome",
     "reason": "names 'Jerome', not the declared author 'Schaff, Philip'"
    },
    {
     "ordinal": 2118,
     "position": "middle",
     "kind": "foreign-work-banner",
     "strength": "weak",
     "evidence": "The Works of Jerome",
     "reason": "names 'Jerome', not the declared author 'Schaff, Philip'"
    },
    {
     "ordinal": 2119,
     "position": "middle",
     "kind": "foreign-work-banner",
     "strength": "weak",
     "evidence": "The Works of Jerome",
     "reason": "names 'Jerome', not the declared author 'Schaff, Philip'"
    },
    {
     "ordinal": 2120,
     "position": "middle",
     "kind": "foreign-work-banner",
     "strength": "weak",
     "evidence": "The Works of Jerome",
     "reason": "names 'Jerome', not the declared author 'Schaff, Philip'"
    },
    {
     "ordinal": 2121,
     "position": "middle",
     "kind": "foreign-work-banner",
     "strength": "weak",
     "evidence": "The Works of Jerome",
     "reason": "names 'Jerome', not the declared author 'Schaff, Philip'"
    },
    {
     "ordinal": 2122,
     "position": "middle",
     "kind": "foreign-work-banner",
     "strength": "weak",
     "evidence": "The Works of Jerome",
     "reason": "names 'Jerome', not the declared author 'Schaff, Philip'"
    },
    {
     "ordinal": 2123,
     "position": "middle",
     "kind": "foreign-work-banner",
     "strength": "weak",
     "evidence": "The Works of Jerome",
     "reason": "names 'Jerome', not the declared author 'Schaff, Philip'"
    },
    {
     "ordinal": 2124,
     "position": "middle",
     "kind": "foreign-work-banner",
     "strength": "weak",
     "evidence": "The Works of Jerome",
     "reason": "names 'Jerome', not the declared author 'Schaff, Philip'"
    },
    {
     "ordinal": 2125,
     "position": "middle",
     "kind": "foreign-work-banner",
     "strength": "weak",
     "evidence": "The Works of Jerome",
     "reason": "names 'Jerome', not the declared author 'Schaff, Philip'"
    },
    {
     "ordinal": 2126,
     "position": "middle",
     "kind": "foreign-work-banner",
     "strength": "weak",
     "evidence": "The Works of Jerome",
     "reason": "names 'Jerome', not the declared author 'Schaff, Philip'"
    },
    {
     "ordinal": 2127,
     "position": "middle",
     "kind": "foreign-work-banner",
     "strength": "weak",
     "evidence": "The Works of Jerome",
     "reason": "names 'Jerome', not the declared author 'Schaff, Philip'"
    },
    {
     "ordinal": 2128,
     "position": "middle",
     "kind": "foreign-work-banner",
     "strength": "weak",
     "evidence": "The Works of Jerome",
     "reason": "names 'Jerome', not the declared author 'Schaff, Philip'"
    },
    {
     "ordinal": 2129,
     "position": "middle",
     "kind": "foreign-work-banner",
     "strength": "weak",
     "evidence": "The Works of Jerome",
     "reason": "names 'Jerome', not the declared author 'Schaff, Philip'"
    },
    {
     "ordinal": 2130,
     "position": "middle",
     "kind": "foreign-work-banner",
     "strength": "weak",
     "evidence": "The Works of Jerome",
     "reason": "names 'Jerome', not the declared author 'Schaff, Philip'"
    },
    {
     "ordinal": 2131,
     "position": "middle",
     "kind": "foreign-work-banner",
     "strength": "weak",
     "evidence": "The Works of Jerome",
     "reason": "names 'Jerome', not the declared author 'Schaff, Philip'"
    },
    {
     "ordinal": 2132,
     "position": "middle",
     "kind": "foreign-work-banner",
     "strength": "weak",
     "evidence": "The Works of Jerome",
     "reason": "names 'Jerome', not the declared author 'Schaff, Philip'"
    },
    {
     "ordinal": 2133,
     "position": "middle",
     "kind": "foreign-work-banner",
     "strength": "weak",
     "evidence": "The Works of Jerome",
     "reason": "names 'Jerome', not the declared author 'Schaff, Philip'"
    },
    {
     "ordinal": 2134,
     "position": "middle",
     "kind": "foreign-work-banner",
     "strength": "weak",
     "evidence": "The Works of Jerome",
     "reason": "names 'Jerome', not the declared author 'Schaff, Philip'"
    },
    {
     "ordinal": 2135,
     "position": "middle",
     "kind": "foreign-work-banner",
     "strength": "weak",
     "evidence": "The Works of Jerome",
     "reason": "names 'Jerome', not the declared author 'Schaff, Philip'"
    },
    {
     "ordinal": 2136,
     "position": "middle",
     "kind": "foreign-work-banner",
     "strength": "weak",
     "evidence": "The Works of Jerome",
     "reason": "names 'Jerome', not the declared author 'Schaff, Philip'"
    },
    {
     "ordinal": 2137,
     "position": "middle",
     "kind": "foreign-work-banner",
     "strength": "weak",
     "evidence": "The Works of Jerome",
     "reason": "names 'Jerome', not the declared author 'Schaff, Philip'"
    },
    {
     "ordinal": 2138,
     "position": "middle",
     "kind": "foreign-work-banner",
     "strength": "weak",
     "evidence": "The Works of Jerome",
     "reason": "names 'Jerome', not the declared author 'Schaff, Philip'"
    },
    {
     "ordinal": 2139,
     "position": "middle",
     "kind": "foreign-work-banner",
     "strength": "weak",
     "evidence": "The Works of Jerome",
     "reason": "names 'Jerome', not the declared author 'Schaff, Philip'"
    },
    {
     "ordinal": 2140,
     "position": "middle",
     "kind": "foreign-work-banner",
     "strength": "weak",
     "evidence": "The Works of Jerome",
     "reason": "names 'Jerome', not the declared author 'Schaff, Philip'"
    },
    {
     "ordinal": 2141,
     "position": "middle",
     "kind": "foreign-work-banner",
     "strength": "weak",
     "evidence": "The Works of Jerome",
     "reason": "names 'Jerome', not the declared author 'Schaff, Philip'"
    },
    {
     "ordinal": 2146,
     "position": "middle",
     "kind": "foreign-work-banner",
     "strength": "weak",
     "evidence": "Histories of\nPhilosophy",
     "reason": "names 'Philosophy', not the declared author 'Schaff, Philip'"
    },
    {
     "ordinal": 2172,
     "position": "middle",
     "kind": "foreign-work-banner",
     "strength": "strong",
     "evidence": "The Works of Augustine",
     "reason": "names 'Augustine', not the declared author 'Schaff, Philip'"
    },
    {
     "ordinal": 2173,
     "position": "middle",
     "kind": "foreign-work-banner",
     "strength": "weak",
     "evidence": "The Works of Augustine",
     "reason": "names 'Augustine', not the declared author 'Schaff, Philip'"
    },
    {
     "ordinal": 2174,
     "position": "middle",
     "kind": "foreign-work-banner",
     "strength": "weak",
     "evidence": "The Works of Augustine",
     "reason": "names 'Augustine', not the declared author 'Schaff, Philip'"
    },
    {
     "ordinal": 2175,
     "position": "middle",
     "kind": "foreign-work-banner",
     "strength": "weak",
     "evidence": "The Works of Augustine",
     "reason": "names 'Augustine', not the declared author 'Schaff, Philip'"
    },
    {
     "ordinal": 2176,
     "position": "middle",
     "kind": "foreign-work-banner",
     "strength": "weak",
     "evidence": "The Works of Augustine",
     "reason": "names 'Augustine', not the declared author 'Schaff, Philip'"
    },
    {
     "ordinal": 2177,
     "position": "middle",
     "kind": "foreign-work-banner",
     "strength": "weak",
     "evidence": "The Works of Augustine",
     "reason": "names 'Augustine', not the declared author 'Schaff, Philip'"
    },
    {
     "ordinal": 2178,
     "position": "middle",
     "kind": "foreign-work-banner",
     "strength": "weak",
     "evidence": "The Works of Augustine",
     "reason": "names 'Augustine', not the declared author 'Schaff, Philip'"
    },
    {
     "ordinal": 2179,
     "position": "middle",
     "kind": "foreign-work-banner",
     "strength": "weak",
     "evidence": "The Works of Augustine",
     "reason": "names 'Augustine', not the declared author 'Schaff, Philip'"
    },
    {
     "ordinal": 2180,
     "position": "middle",
     "kind": "foreign-work-banner",
     "strength": "weak",
     "evidence": "The Works of Augustine",
     "reason": "names 'Augustine', not the declared author 'Schaff, Philip'"
    },
    {
     "ordinal": 2181,
     "position": "middle",
     "kind": "foreign-work-banner",
     "strength": "weak",
     "evidence": "The Works of Augustine",
     "reason": "names 'Augustine', not the declared author 'Schaff, Philip'"
    },
    {
     "ordinal": 2182,
     "position": "middle",
     "kind": "foreign-work-banner",
     "strength": "weak",
     "evidence": "The Works of Augustine",
     "reason": "names 'Augustine', not the declared author 'Schaff, Philip'"
    },
    {
     "ordinal": 2183,
     "position": "middle",
     "kind": "foreign-work-banner",
     "strength": "weak",
     "evidence": "The Works of Augustine",
     "reason": "names 'Augustine', not the declared author 'Schaff, Philip'"
    },
    {
     "ordinal": 2184,
     "position": "middle",
     "kind": "foreign-work-banner",
     "strength": "weak",
     "evidence": "The Works of Augustine",
     "reason": "names 'Augustine', not the declared author 'Schaff, Philip'"
    },
    {
     "ordinal": 2185,
     "position": "middle",
     "kind": "foreign-work-banner",
     "strength": "weak",
     "evidence": "The Works of Augustine",
     "reason": "names 'Augustine', not the declared author 'Schaff, Philip'"
    },
    {
     "ordinal": 2186,
     "position": "middle",
     "kind": "foreign-work-banner",
     "strength": "weak",
     "evidence": "The Works of Augustine",
     "reason": "names 'Augustine', not the declared author 'Schaff, Philip'"
    },
    {
     "ordinal": 2187,
     "position": "middle",
     "kind": "foreign-work-banner",
     "strength": "weak",
     "evidence": "The Works of Augustine",
     "reason": "names 'Augustine', not the declared author 'Schaff, Philip'"
    },
    {
     "ordinal": 2188,
     "position": "middle",
     "kind": "foreign-work-banner",
     "strength": "weak",
     "evidence": "The Works of Augustine",
     "reason": "names 'Augustine', not the declared author 'Schaff, Philip'"
    },
    {
     "ordinal": 2189,
     "position": "middle",
     "kind": "foreign-work-banner",
     "strength": "weak",
     "evidence": "The Works of Augustine",
     "reason": "names 'Augustine', not the declared author 'Schaff, Philip'"
    },
    {
     "ordinal": 2190,
     "position": "middle",
     "kind": "foreign-work-banner",
     "strength": "weak",
     "evidence": "The Works of Augustine",
     "reason": "names 'Augustine', not the declared author 'Schaff, Philip'"
    },
    {
     "ordinal": 2191,
     "position": "middle",
     "kind": "foreign-work-banner",
     "strength": "weak",
     "evidence": "The Works of Augustine",
     "reason": "names 'Augustine', not the declared author 'Schaff, Philip'"
    },
    {
     "ordinal": 2192,
     "position": "middle",
     "kind": "foreign-work-banner",
     "strength": "weak",
     "evidence": "The Works of Augustine",
     "reason": "names 'Augustine', not the declared author 'Schaff, Philip'"
    },
    {
     "ordinal": 2193,
     "position": "middle",
     "kind": "foreign-work-banner",
     "strength": "weak",
     "evidence": "The Works of Augustine",
     "reason": "names 'Augustine', not the declared author 'Schaff, Philip'"
    },
    {
     "ordinal": 2194,
     "position": "middle",
     "kind": "foreign-work-banner",
     "strength": "weak",
     "evidence": "The Works of Augustine",
     "reason": "names 'Augustine', not the declared author 'Schaff, Philip'"
    },
    {
     "ordinal": 2195,
     "position": "middle",
     "kind": "foreign-work-banner",
     "strength": "weak",
     "evidence": "The Works of Augustine",
     "reason": "names 'Augustine', not the declared author 'Schaff, Philip'"
    },
    {
     "ordinal": 2196,
     "position": "middle",
     "kind": "foreign-work-banner",
     "strength": "weak",
     "evidence": "The Works of Augustine",
     "reason": "names 'Augustine', not the declared author 'Schaff, Philip'"
    },
    {
     "ordinal": 2197,
     "position": "middle",
     "kind": "foreign-work-banner",
     "strength": "weak",
     "evidence": "The Works of Augustine",
     "reason": "names 'Augustine', not the declared author 'Schaff, Philip'"
    },
    {
     "ordinal": 2198,
     "position": "middle",
     "kind": "foreign-work-banner",
     "strength": "weak",
     "evidence": "The Works of Augustine",
     "reason": "names 'Augustine', not the declared author 'Schaff, Philip'"
    },
    {
     "ordinal": 2199,
     "position": "middle",
     "kind": "foreign-work-banner",
     "strength": "weak",
     "evidence": "The Works of Augustine",
     "reason": "names 'Augustine', not the declared author 'Schaff, Philip'"
    },
    {
     "ordinal": 2200,
     "position": "middle",
     "kind": "foreign-work-banner",
     "strength": "weak",
     "evidence": "The Works of Augustine",
     "reason": "names 'Augustine', not the declared author 'Schaff, Philip'"
    },
    {
     "ordinal": 2232,
     "position": "middle",
     "kind": "foreign-work-banner",
     "strength": "weak",
     "evidence": "Works of Art",
     "reason": "names 'Art', not the declared author 'Schaff, Philip'"
    },
    {
     "ordinal": 2276,
     "position": "middle",
     "kind": "word-index-title",
     "strength": "strong",
     "evidence": "Indexes — Greek Words and Phrases (1/39)",
     "reason": null
    },
    {
     "ordinal": 2277,
     "position": "middle",
     "kind": "word-index-title",
     "strength": "strong",
     "evidence": "Indexes — Greek Words and Phrases (2/39)",
     "reason": null
    },
    {
     "ordinal": 2278,
     "position": "middle",
     "kind": "word-index-title",
     "strength": "strong",
     "evidence": "Indexes — Greek Words and Phrases (3/39)",
     "reason": null
    },
    {
     "ordinal": 2279,
     "position": "middle",
     "kind": "word-index-title",
     "strength": "strong",
     "evidence": "Indexes — Greek Words and Phrases (4/39)",
     "reason": null
    },
    {
     "ordinal": 2280,
     "position": "middle",
     "kind": "word-index-title",
     "strength": "strong",
     "evidence": "Indexes — Greek Words and Phrases (5/39)",
     "reason": null
    },
    {
     "ordinal": 2281,
     "position": "middle",
     "kind": "word-index-title",
     "strength": "strong",
     "evidence": "Indexes — Greek Words and Phrases (6/39)",
     "reason": null
    },
    {
     "ordinal": 2282,
     "position": "middle",
     "kind": "word-index-title",
     "strength": "strong",
     "evidence": "Indexes — Greek Words and Phrases (7/39)",
     "reason": null
    },
    {
     "ordinal": 2283,
     "position": "middle",
     "kind": "word-index-title",
     "strength": "strong",
     "evidence": "Indexes — Greek Words and Phrases (8/39)",
     "reason": null
    },
    {
     "ordinal": 2284,
     "position": "middle",
     "kind": "word-index-title",
     "strength": "strong",
     "evidence": "Indexes — Greek Words and Phrases (9/39)",
     "reason": null
    },
    {
     "ordinal": 2285,
     "position": "middle",
     "kind": "word-index-title",
     "strength": "strong",
     "evidence": "Indexes — Greek Words and Phrases (10/39)",
     "reason": null
    },
    {
     "ordinal": 2286,
     "position": "middle",
     "kind": "word-index-title",
     "strength": "strong",
     "evidence": "Indexes — Greek Words and Phrases (11/39)",
     "reason": null
    },
    {
     "ordinal": 2287,
     "position": "middle",
     "kind": "word-index-title",
     "strength": "strong",
     "evidence": "Indexes — Greek Words and Phrases (12/39)",
     "reason": null
    },
    {
     "ordinal": 2288,
     "position": "middle",
     "kind": "word-index-title",
     "strength": "strong",
     "evidence": "Indexes — Greek Words and Phrases (13/39)",
     "reason": null
    },
    {
     "ordinal": 2289,
     "position": "middle",
     "kind": "word-index-title",
     "strength": "strong",
     "evidence": "Indexes — Greek Words and Phrases (14/39)",
     "reason": null
    },
    {
     "ordinal": 2290,
     "position": "middle",
     "kind": "word-index-title",
     "strength": "strong",
     "evidence": "Indexes — Greek Words and Phrases (15/39)",
     "reason": null
    },
    {
     "ordinal": 2291,
     "position": "middle",
     "kind": "word-index-title",
     "strength": "strong",
     "evidence": "Indexes — Greek Words and Phrases (16/39)",
     "reason": null
    },
    {
     "ordinal": 2292,
     "position": "middle",
     "kind": "word-index-title",
     "strength": "strong",
     "evidence": "Indexes — Greek Words and Phrases (17/39)",
     "reason": null
    },
    {
     "ordinal": 2293,
     "position": "middle",
     "kind": "word-index-title",
     "strength": "strong",
     "evidence": "Indexes — Greek Words and Phrases (18/39)",
     "reason": null
    },
    {
     "ordinal": 2294,
     "position": "middle",
     "kind": "word-index-title",
     "strength": "strong",
     "evidence": "Indexes — Greek Words and Phrases (19/39)",
     "reason": null
    },
    {
     "ordinal": 2295,
     "position": "middle",
     "kind": "word-index-title",
     "strength": "strong",
     "evidence": "Indexes — Greek Words and Phrases (20/39)",
     "reason": null
    },
    {
     "ordinal": 2296,
     "position": "middle",
     "kind": "word-index-title",
     "strength": "strong",
     "evidence": "Indexes — Greek Words and Phrases (21/39)",
     "reason": null
    },
    {
     "ordinal": 2297,
     "position": "middle",
     "kind": "word-index-title",
     "strength": "strong",
     "evidence": "Indexes — Greek Words and Phrases (22/39)",
     "reason": null
    },
    {
     "ordinal": 2298,
     "position": "middle",
     "kind": "word-index-title",
     "strength": "strong",
     "evidence": "Indexes — Greek Words and Phrases (23/39)",
     "reason": null
    },
    {
     "ordinal": 2299,
     "position": "middle",
     "kind": "word-index-title",
     "strength": "strong",
     "evidence": "Indexes — Greek Words and Phrases (24/39)",
     "reason": null
    },
    {
     "ordinal": 2300,
     "position": "middle",
     "kind": "word-index-title",
     "strength": "strong",
     "evidence": "Indexes — Greek Words and Phrases (25/39)",
     "reason": null
    },
    {
     "ordinal": 2301,
     "position": "middle",
     "kind": "word-index-title",
     "strength": "strong",
     "evidence": "Indexes — Greek Words and Phrases (26/39)",
     "reason": null
    },
    {
     "ordinal": 2302,
     "position": "middle",
     "kind": "word-index-title",
     "strength": "strong",
     "evidence": "Indexes — Greek Words and Phrases (27/39)",
     "reason": null
    },
    {
     "ordinal": 2303,
     "position": "middle",
     "kind": "word-index-title",
     "strength": "strong",
     "evidence": "Indexes — Greek Words and Phrases (28/39)",
     "reason": null
    },
    {
     "ordinal": 2304,
     "position": "middle",
     "kind": "word-index-title",
     "strength": "strong",
     "evidence": "Indexes — Greek Words and Phrases (29/39)",
     "reason": null
    },
    {
     "ordinal": 2305,
     "position": "middle",
     "kind": "word-index-title",
     "strength": "strong",
     "evidence": "Indexes — Greek Words and Phrases (30/39)",
     "reason": null
    },
    {
     "ordinal": 2306,
     "position": "middle",
     "kind": "word-index-title",
     "strength": "strong",
     "evidence": "Indexes — Greek Words and Phrases (31/39)",
     "reason": null
    },
    {
     "ordinal": 2307,
     "position": "middle",
     "kind": "word-index-title",
     "strength": "strong",
     "evidence": "Indexes — Greek Words and Phrases (32/39)",
     "reason": null
    },
    {
     "ordinal": 2308,
     "position": "middle",
     "kind": "word-index-title",
     "strength": "strong",
     "evidence": "Indexes — Greek Words and Phrases (33/39)",
     "reason": null
    },
    {
     "ordinal": 2309,
     "position": "middle",
     "kind": "word-index-title",
     "strength": "strong",
     "evidence": "Indexes — Greek Words and Phrases (34/39)",
     "reason": null
    },
    {
     "ordinal": 2310,
     "position": "middle",
     "kind": "word-index-title",
     "strength": "strong",
     "evidence": "Indexes — Greek Words and Phrases (35/39)",
     "reason": null
    },
    {
     "ordinal": 2311,
     "position": "middle",
     "kind": "word-index-title",
     "strength": "strong",
     "evidence": "Indexes — Greek Words and Phrases (36/39)",
     "reason": null
    },
    {
     "ordinal": 2312,
     "position": "middle",
     "kind": "word-index-title",
     "strength": "strong",
     "evidence": "Indexes — Greek Words and Phrases (37/39)",
     "reason": null
    },
    {
     "ordinal": 2313,
     "position": "middle",
     "kind": "word-index-title",
     "strength": "strong",
     "evidence": "Indexes — Greek Words and Phrases (38/39)",
     "reason": null
    },
    {
     "ordinal": 2314,
     "position": "tail",
     "kind": "word-index-title",
     "strength": "strong",
     "evidence": "Indexes — Greek Words and Phrases (39/39)",
     "reason": null
    },
    {
     "ordinal": 2315,
     "position": "tail",
     "kind": "word-index-title",
     "strength": "strong",
     "evidence": "Indexes — German Words and Phrases (1/5)",
     "reason": null
    },
    {
     "ordinal": 2316,
     "position": "tail",
     "kind": "word-index-title",
     "strength": "strong",
     "evidence": "Indexes — German Words and Phrases (2/5)",
     "reason": null
    },
    {
     "ordinal": 2317,
     "position": "tail",
     "kind": "word-index-title",
     "strength": "strong",
     "evidence": "Indexes — German Words and Phrases (3/5)",
     "reason": null
    },
    {
     "ordinal": 2318,
     "position": "tail",
     "kind": "word-index-title",
     "strength": "strong",
     "evidence": "Indexes — German Words and Phrases (4/5)",
     "reason": null
    },
    {
     "ordinal": 2319,
     "position": "tail",
     "kind": "word-index-title",
     "strength": "strong",
     "evidence": "Indexes — German Words and Phrases (5/5)",
     "reason": null
    },
    {
     "ordinal": 2320,
     "position": "tail",
     "kind": "word-index-title",
     "strength": "strong",
     "evidence": "Indexes — French Words and Phrases (1/6)",
     "reason": null
    },
    {
     "ordinal": 2321,
     "position": "tail",
     "kind": "word-index-title",
     "strength": "strong",
     "evidence": "Indexes — French Words and Phrases (2/6)",
     "reason": null
    },
    {
     "ordinal": 2322,
     "position": "tail",
     "kind": "word-index-title",
     "strength": "strong",
     "evidence": "Indexes — French Words and Phrases (3/6)",
     "reason": null
    },
    {
     "ordinal": 2323,
     "position": "tail",
     "kind": "word-index-title",
     "strength": "strong",
     "evidence": "Indexes — French Words and Phrases (4/6)",
     "reason": null
    },
    {
     "ordinal": 2324,
     "position": "tail",
     "kind": "word-index-title",
     "strength": "strong",
     "evidence": "Indexes — French Words and Phrases (5/6)",
     "reason": null
    },
    {
     "ordinal": 2325,
     "position": "tail",
     "kind": "word-index-title",
     "strength": "strong",
     "evidence": "Indexes — French Words and Phrases (6/6)",
     "reason": null
    }
   ]
  },
  {
   "slug": "schaff-hcc4",
   "verdict": "FAIL",
   "author": "Schaff, Philip",
   "scanned": 1755,
   "findings": [
    {
     "ordinal": 304,
     "position": "middle",
     "kind": "foreign-work-banner",
     "strength": "weak",
     "evidence": "Life of Basilius\nMacedo",
     "reason": "names 'Macedo', not the declared author 'Schaff, Philip'"
    },
    {
     "ordinal": 328,
     "position": "middle",
     "kind": "foreign-work-banner",
     "strength": "weak",
     "evidence": "Life of Mahomet",
     "reason": "names 'Mahomet', not the declared author 'Schaff, Philip'"
    },
    {
     "ordinal": 333,
     "position": "middle",
     "kind": "foreign-work-banner",
     "strength": "weak",
     "evidence": "Life of Mohammed",
     "reason": "names 'Mohammed', not the declared author 'Schaff, Philip'"
    },
    {
     "ordinal": 468,
     "position": "middle",
     "kind": "foreign-work-byline",
     "strength": "weak",
     "evidence": ". by H. E. G. Paulus",
     "reason": "names 'Paulus', not the declared author 'Schaff, Philip'"
    },
    {
     "ordinal": 517,
     "position": "middle",
     "kind": "foreign-work-banner",
     "strength": "strong",
     "evidence": "The Writings of Gregory",
     "reason": "names 'Gregory', not the declared author 'Schaff, Philip'"
    },
    {
     "ordinal": 518,
     "position": "middle",
     "kind": "foreign-work-banner",
     "strength": "weak",
     "evidence": "The Writings of Gregory",
     "reason": "names 'Gregory', not the declared author 'Schaff, Philip'"
    },
    {
     "ordinal": 519,
     "position": "middle",
     "kind": "foreign-work-banner",
     "strength": "weak",
     "evidence": "The Writings of Gregory",
     "reason": "names 'Gregory', not the declared author 'Schaff, Philip'"
    },
    {
     "ordinal": 520,
     "position": "middle",
     "kind": "foreign-work-banner",
     "strength": "weak",
     "evidence": "The Writings of Gregory",
     "reason": "names 'Gregory', not the declared author 'Schaff, Philip'"
    },
    {
     "ordinal": 521,
     "position": "middle",
     "kind": "foreign-work-banner",
     "strength": "weak",
     "evidence": "The Writings of Gregory",
     "reason": "names 'Gregory', not the declared author 'Schaff, Philip'"
    },
    {
     "ordinal": 522,
     "position": "middle",
     "kind": "foreign-work-banner",
     "strength": "weak",
     "evidence": "The Writings of Gregory",
     "reason": "names 'Gregory', not the declared author 'Schaff, Philip'"
    },
    {
     "ordinal": 523,
     "position": "middle",
     "kind": "foreign-work-banner",
     "strength": "weak",
     "evidence": "The Writings of Gregory",
     "reason": "names 'Gregory', not the declared author 'Schaff, Philip'"
    },
    {
     "ordinal": 524,
     "position": "middle",
     "kind": "foreign-work-banner",
     "strength": "weak",
     "evidence": "The Writings of Gregory",
     "reason": "names 'Gregory', not the declared author 'Schaff, Philip'"
    },
    {
     "ordinal": 525,
     "position": "middle",
     "kind": "foreign-work-banner",
     "strength": "weak",
     "evidence": "The Writings of Gregory",
     "reason": "names 'Gregory', not the declared author 'Schaff, Philip'"
    },
    {
     "ordinal": 526,
     "position": "middle",
     "kind": "foreign-work-banner",
     "strength": "weak",
     "evidence": "The Writings of Gregory",
     "reason": "names 'Gregory', not the declared author 'Schaff, Philip'"
    },
    {
     "ordinal": 576,
     "position": "middle",
     "kind": "foreign-work-banner",
     "strength": "weak",
     "evidence": "Lives of Saints",
     "reason": "names 'Saints', not the declared author 'Schaff, Philip'"
    },
    {
     "ordinal": 628,
     "position": "middle",
     "kind": "foreign-work-banner",
     "strength": "weak",
     "evidence": "The Epistles of Nicolas",
     "reason": "names 'Nicolas', not the declared author 'Schaff, Philip'"
    },
    {
     "ordinal": 802,
     "position": "middle",
     "kind": "foreign-work-banner",
     "strength": "weak",
     "evidence": "Lecky’s History",
     "reason": "names 'Lecky', not the declared author 'Schaff, Philip'"
    },
    {
     "ordinal": 1316,
     "position": "middle",
     "kind": "apparatus-title",
     "strength": "weak",
     "evidence": "The introduction of cotton paper in the tenth or",
     "reason": null
    },
    {
     "ordinal": 1345,
     "position": "middle",
     "kind": "foreign-work-banner",
     "strength": "weak",
     "evidence": "Works of\nAlfred",
     "reason": "names 'Alfred', not the declared author 'Schaff, Philip'"
    },
    {
     "ordinal": 1538,
     "position": "middle",
     "kind": "foreign-work-banner",
     "strength": "weak",
     "evidence": "Life of Charlemagne",
     "reason": "names 'Charlemagne', not the declared author 'Schaff, Philip'"
    },
    {
     "ordinal": 1618,
     "position": "middle",
     "kind": "foreign-work-banner",
     "strength": "weak",
     "evidence": "Life of Adalhard",
     "reason": "names 'Adalhard', not the declared author 'Schaff, Philip'"
    },
    {
     "ordinal": 1718,
     "position": "middle",
     "kind": "word-index-title",
     "strength": "strong",
     "evidence": "Indexes — Greek Words and Phrases (1/15)",
     "reason": null
    },
    {
     "ordinal": 1719,
     "position": "middle",
     "kind": "word-index-title",
     "strength": "strong",
     "evidence": "Indexes — Greek Words and Phrases (2/15)",
     "reason": null
    },
    {
     "ordinal": 1720,
     "position": "middle",
     "kind": "word-index-title",
     "strength": "strong",
     "evidence": "Indexes — Greek Words and Phrases (3/15)",
     "reason": null
    },
    {
     "ordinal": 1721,
     "position": "middle",
     "kind": "word-index-title",
     "strength": "strong",
     "evidence": "Indexes — Greek Words and Phrases (4/15)",
     "reason": null
    },
    {
     "ordinal": 1722,
     "position": "middle",
     "kind": "word-index-title",
     "strength": "strong",
     "evidence": "Indexes — Greek Words and Phrases (5/15)",
     "reason": null
    },
    {
     "ordinal": 1723,
     "position": "middle",
     "kind": "word-index-title",
     "strength": "strong",
     "evidence": "Indexes — Greek Words and Phrases (6/15)",
     "reason": null
    },
    {
     "ordinal": 1724,
     "position": "middle",
     "kind": "word-index-title",
     "strength": "strong",
     "evidence": "Indexes — Greek Words and Phrases (7/15)",
     "reason": null
    },
    {
     "ordinal": 1725,
     "position": "middle",
     "kind": "word-index-title",
     "strength": "strong",
     "evidence": "Indexes — Greek Words and Phrases (8/15)",
     "reason": null
    },
    {
     "ordinal": 1726,
     "position": "middle",
     "kind": "word-index-title",
     "strength": "strong",
     "evidence": "Indexes — Greek Words and Phrases (9/15)",
     "reason": null
    },
    {
     "ordinal": 1727,
     "position": "middle",
     "kind": "word-index-title",
     "strength": "strong",
     "evidence": "Indexes — Greek Words and Phrases (10/15)",
     "reason": null
    },
    {
     "ordinal": 1728,
     "position": "middle",
     "kind": "word-index-title",
     "strength": "strong",
     "evidence": "Indexes — Greek Words and Phrases (11/15)",
     "reason": null
    },
    {
     "ordinal": 1729,
     "position": "middle",
     "kind": "word-index-title",
     "strength": "strong",
     "evidence": "Indexes — Greek Words and Phrases (12/15)",
     "reason": null
    },
    {
     "ordinal": 1730,
     "position": "middle",
     "kind": "word-index-title",
     "strength": "strong",
     "evidence": "Indexes — Greek Words and Phrases (13/15)",
     "reason": null
    },
    {
     "ordinal": 1731,
     "position": "middle",
     "kind": "word-index-title",
     "strength": "strong",
     "evidence": "Indexes — Greek Words and Phrases (14/15)",
     "reason": null
    },
    {
     "ordinal": 1732,
     "position": "middle",
     "kind": "word-index-title",
     "strength": "strong",
     "evidence": "Indexes — Greek Words and Phrases (15/15)",
     "reason": null
    },
    {
     "ordinal": 1733,
     "position": "middle",
     "kind": "word-index-title",
     "strength": "strong",
     "evidence": "Indexes — Latin Words and Phrases",
     "reason": null
    },
    {
     "ordinal": 1734,
     "position": "middle",
     "kind": "word-index-title",
     "strength": "strong",
     "evidence": "Indexes — German Words and Phrases (1/20)",
     "reason": null
    },
    {
     "ordinal": 1735,
     "position": "middle",
     "kind": "word-index-title",
     "strength": "strong",
     "evidence": "Indexes — German Words and Phrases (2/20)",
     "reason": null
    },
    {
     "ordinal": 1736,
     "position": "middle",
     "kind": "word-index-title",
     "strength": "strong",
     "evidence": "Indexes — German Words and Phrases (3/20)",
     "reason": null
    },
    {
     "ordinal": 1737,
     "position": "middle",
     "kind": "word-index-title",
     "strength": "strong",
     "evidence": "Indexes — German Words and Phrases (4/20)",
     "reason": null
    },
    {
     "ordinal": 1738,
     "position": "middle",
     "kind": "word-index-title",
     "strength": "strong",
     "evidence": "Indexes — German Words and Phrases (5/20)",
     "reason": null
    },
    {
     "ordinal": 1739,
     "position": "middle",
     "kind": "word-index-title",
     "strength": "strong",
     "evidence": "Indexes — German Words and Phrases (6/20)",
     "reason": null
    },
    {
     "ordinal": 1740,
     "position": "middle",
     "kind": "word-index-title",
     "strength": "strong",
     "evidence": "Indexes — German Words and Phrases (7/20)",
     "reason": null
    },
    {
     "ordinal": 1741,
     "position": "middle",
     "kind": "word-index-title",
     "strength": "strong",
     "evidence": "Indexes — German Words and Phrases (8/20)",
     "reason": null
    },
    {
     "ordinal": 1742,
     "position": "middle",
     "kind": "word-index-title",
     "strength": "strong",
     "evidence": "Indexes — German Words and Phrases (9/20)",
     "reason": null
    },
    {
     "ordinal": 1743,
     "position": "middle",
     "kind": "word-index-title",
     "strength": "strong",
     "evidence": "Indexes — German Words and Phrases (10/20)",
     "reason": null
    },
    {
     "ordinal": 1744,
     "position": "tail",
     "kind": "word-index-title",
     "strength": "strong",
     "evidence": "Indexes — German Words and Phrases (11/20)",
     "reason": null
    },
    {
     "ordinal": 1745,
     "position": "tail",
     "kind": "word-index-title",
     "strength": "strong",
     "evidence": "Indexes — German Words and Phrases (12/20)",
     "reason": null
    },
    {
     "ordinal": 1746,
     "position": "tail",
     "kind": "word-index-title",
     "strength": "strong",
     "evidence": "Indexes — German Words and Phrases (13/20)",
     "reason": null
    },
    {
     "ordinal": 1747,
     "position": "tail",
     "kind": "word-index-title",
     "strength": "strong",
     "evidence": "Indexes — German Words and Phrases (14/20)",
     "reason": null
    },
    {
     "ordinal": 1748,
     "position": "tail",
     "kind": "word-index-title",
     "strength": "strong",
     "evidence": "Indexes — German Words and Phrases (15/20)",
     "reason": null
    },
    {
     "ordinal": 1749,
     "position": "tail",
     "kind": "word-index-title",
     "strength": "strong",
     "evidence": "Indexes — German Words and Phrases (16/20)",
     "reason": null
    },
    {
     "ordinal": 1750,
     "position": "tail",
     "kind": "word-index-title",
     "strength": "strong",
     "evidence": "Indexes — German Words and Phrases (17/20)",
     "reason": null
    },
    {
     "ordinal": 1751,
     "position": "tail",
     "kind": "word-index-title",
     "strength": "strong",
     "evidence": "Indexes — German Words and Phrases (18/20)",
     "reason": null
    },
    {
     "ordinal": 1752,
     "position": "tail",
     "kind": "word-index-title",
     "strength": "strong",
     "evidence": "Indexes — German Words and Phrases (19/20)",
     "reason": null
    },
    {
     "ordinal": 1753,
     "position": "tail",
     "kind": "word-index-title",
     "strength": "strong",
     "evidence": "Indexes — German Words and Phrases (20/20)",
     "reason": null
    },
    {
     "ordinal": 1754,
     "position": "tail",
     "kind": "word-index-title",
     "strength": "strong",
     "evidence": "Indexes — French Words and Phrases (1/2)",
     "reason": null
    },
    {
     "ordinal": 1755,
     "position": "tail",
     "kind": "word-index-title",
     "strength": "strong",
     "evidence": "Indexes — French Words and Phrases (2/2)",
     "reason": null
    }
   ]
  },
  {
   "slug": "schaff-hcc5",
   "verdict": "FAIL",
   "author": "Schaff, Philip",
   "scanned": 1725,
   "findings": [
    {
     "ordinal": 1,
     "position": "head",
     "kind": "apparatus-title",
     "strength": "strong",
     "evidence": "Title Page",
     "reason": null
    },
    {
     "ordinal": 16,
     "position": "middle",
     "kind": "foreign-work-byline",
     "strength": "weak",
     "evidence": ". by G. H. Pertz",
     "reason": "names 'Pertz', not the declared author 'Schaff, Philip'"
    },
    {
     "ordinal": 20,
     "position": "middle",
     "kind": "foreign-work-banner",
     "strength": "weak",
     "evidence": "Histories of Neande",
     "reason": "names 'Neande', not the declared author 'Schaff, Philip'"
    },
    {
     "ordinal": 232,
     "position": "middle",
     "kind": "foreign-work-banner",
     "strength": "weak",
     "evidence": "Lives of Hadrian",
     "reason": "names 'Hadrian', not the declared author 'Schaff, Philip'"
    },
    {
     "ordinal": 375,
     "position": "middle",
     "kind": "foreign-work-banner",
     "strength": "weak",
     "evidence": "Works of Innocent",
     "reason": "names 'Innocent', not the declared author 'Schaff, Philip'"
    },
    {
     "ordinal": 419,
     "position": "middle",
     "kind": "foreign-work-banner",
     "strength": "weak",
     "evidence": "Letters of Urban",
     "reason": "names 'Urban', not the declared author 'Schaff, Philip'"
    },
    {
     "ordinal": 612,
     "position": "middle",
     "kind": "foreign-work-banner",
     "strength": "weak",
     "evidence": "The Letters of Anselm",
     "reason": "names 'Anselm', not the declared author 'Schaff, Philip'"
    },
    {
     "ordinal": 613,
     "position": "middle",
     "kind": "foreign-work-banner",
     "strength": "weak",
     "evidence": "The Lives of Anselm",
     "reason": "names 'Anselm', not the declared author 'Schaff, Philip'"
    },
    {
     "ordinal": 755,
     "position": "middle",
     "kind": "foreign-work-banner",
     "strength": "weak",
     "evidence": "Life of Francis",
     "reason": "names 'Francis', not the declared author 'Schaff, Philip'"
    },
    {
     "ordinal": 800,
     "position": "middle",
     "kind": "foreign-work-byline",
     "strength": "weak",
     "evidence": ". by B. M. Reichert",
     "reason": "names 'Reichert', not the declared author 'Schaff, Philip'"
    },
    {
     "ordinal": 815,
     "position": "middle",
     "kind": "foreign-work-banner",
     "strength": "weak",
     "evidence": "Life of Marco Polo",
     "reason": "names 'Polo', not the declared author 'Schaff, Philip'"
    },
    {
     "ordinal": 1046,
     "position": "middle",
     "kind": "foreign-work-byline",
     "strength": "weak",
     "evidence": ". by H. Denifle",
     "reason": "names 'Denifle', not the declared author 'Schaff, Philip'"
    },
    {
     "ordinal": 1142,
     "position": "middle",
     "kind": "foreign-work-banner",
     "strength": "weak",
     "evidence": "The Works of Anselm",
     "reason": "names 'Anselm', not the declared author 'Schaff, Philip'"
    },
    {
     "ordinal": 1165,
     "position": "middle",
     "kind": "foreign-work-banner",
     "strength": "weak",
     "evidence": "Works of Abaelard",
     "reason": "names 'Abaelard', not the declared author 'Schaff, Philip'"
    },
    {
     "ordinal": 1167,
     "position": "middle",
     "kind": "foreign-work-banner",
     "strength": "weak",
     "evidence": "The Histories\nof Philos",
     "reason": "names 'Philos', not the declared author 'Schaff, Philip'"
    },
    {
     "ordinal": 1217,
     "position": "middle",
     "kind": "foreign-work-banner",
     "strength": "weak",
     "evidence": "The Works of St. Bernard",
     "reason": "names 'Bernard', not the declared author 'Schaff, Philip'"
    },
    {
     "ordinal": 1302,
     "position": "middle",
     "kind": "foreign-work-byline",
     "strength": "weak",
     "evidence": ". by Luke\nWadding",
     "reason": "names 'Wadding', not the declared author 'Schaff, Philip'"
    },
    {
     "ordinal": 1333,
     "position": "middle",
     "kind": "foreign-work-banner",
     "strength": "weak",
     "evidence": "The Writings of\nAbaelard",
     "reason": "names 'Abaelard', not the declared author 'Schaff, Philip'"
    },
    {
     "ordinal": 1337,
     "position": "middle",
     "kind": "foreign-work-banner",
     "strength": "weak",
     "evidence": "The Histories of Doctrine",
     "reason": "names 'Doctrine', not the declared author 'Schaff, Philip'"
    },
    {
     "ordinal": 1713,
     "position": "middle",
     "kind": "word-index-title",
     "strength": "strong",
     "evidence": "Indexes — German Words and Phrases (1/10)",
     "reason": null
    },
    {
     "ordinal": 1714,
     "position": "tail",
     "kind": "word-index-title",
     "strength": "strong",
     "evidence": "Indexes — German Words and Phrases (2/10)",
     "reason": null
    },
    {
     "ordinal": 1715,
     "position": "tail",
     "kind": "word-index-title",
     "strength": "strong",
     "evidence": "Indexes — German Words and Phrases (3/10)",
     "reason": null
    },
    {
     "ordinal": 1716,
     "position": "tail",
     "kind": "word-index-title",
     "strength": "strong",
     "evidence": "Indexes — German Words and Phrases (4/10)",
     "reason": null
    },
    {
     "ordinal": 1717,
     "position": "tail",
     "kind": "word-index-title",
     "strength": "strong",
     "evidence": "Indexes — German Words and Phrases (5/10)",
     "reason": null
    },
    {
     "ordinal": 1718,
     "position": "tail",
     "kind": "word-index-title",
     "strength": "strong",
     "evidence": "Indexes — German Words and Phrases (6/10)",
     "reason": null
    },
    {
     "ordinal": 1719,
     "position": "tail",
     "kind": "word-index-title",
     "strength": "strong",
     "evidence": "Indexes — German Words and Phrases (7/10)",
     "reason": null
    },
    {
     "ordinal": 1720,
     "position": "tail",
     "kind": "word-index-title",
     "strength": "strong",
     "evidence": "Indexes — German Words and Phrases (8/10)",
     "reason": null
    },
    {
     "ordinal": 1721,
     "position": "tail",
     "kind": "word-index-title",
     "strength": "strong",
     "evidence": "Indexes — German Words and Phrases (9/10)",
     "reason": null
    },
    {
     "ordinal": 1722,
     "position": "tail",
     "kind": "word-index-title",
     "strength": "strong",
     "evidence": "Indexes — German Words and Phrases (10/10)",
     "reason": null
    },
    {
     "ordinal": 1723,
     "position": "tail",
     "kind": "word-index-title",
     "strength": "strong",
     "evidence": "Indexes — French Words and Phrases (1/3)",
     "reason": null
    },
    {
     "ordinal": 1724,
     "position": "tail",
     "kind": "word-index-title",
     "strength": "strong",
     "evidence": "Indexes — French Words and Phrases (2/3)",
     "reason": null
    },
    {
     "ordinal": 1725,
     "position": "tail",
     "kind": "word-index-title",
     "strength": "strong",
     "evidence": "Indexes — French Words and Phrases (3/3)",
     "reason": null
    }
   ]
  },
  {
   "slug": "schaff-hcc6",
   "verdict": "FAIL",
   "author": "Schaff, Philip",
   "scanned": 1861,
   "findings": [
    {
     "ordinal": 1,
     "position": "head",
     "kind": "apparatus-title",
     "strength": "strong",
     "evidence": "Title Page",
     "reason": null
    },
    {
     "ordinal": 2,
     "position": "head",
     "kind": "apparatus-title",
     "strength": "strong",
     "evidence": "Preface (1/5)",
     "reason": null
    },
    {
     "ordinal": 3,
     "position": "head",
     "kind": "apparatus-title",
     "strength": "strong",
     "evidence": "Preface (2/5)",
     "reason": null
    },
    {
     "ordinal": 4,
     "position": "head",
     "kind": "apparatus-title",
     "strength": "strong",
     "evidence": "Preface (3/5)",
     "reason": null
    },
    {
     "ordinal": 5,
     "position": "head",
     "kind": "apparatus-title",
     "strength": "strong",
     "evidence": "Preface (4/5)",
     "reason": null
    },
    {
     "ordinal": 6,
     "position": "head",
     "kind": "apparatus-title",
     "strength": "strong",
     "evidence": "Preface (5/5)",
     "reason": null
    },
    {
     "ordinal": 30,
     "position": "middle",
     "kind": "foreign-work-byline",
     "strength": "weak",
     "evidence": ". by U. Chevalier",
     "reason": "names 'Chevalier', not the declared author 'Schaff, Philip'"
    },
    {
     "ordinal": 155,
     "position": "middle",
     "kind": "foreign-work-banner",
     "strength": "weak",
     "evidence": "Bonaventura’s Life",
     "reason": "names 'Bonaventura', not the declared author 'Schaff, Philip'"
    },
    {
     "ordinal": 262,
     "position": "middle",
     "kind": "foreign-work-banner",
     "strength": "weak",
     "evidence": "Lives of Martin",
     "reason": "names 'Martin', not the declared author 'Schaff, Philip'"
    },
    {
     "ordinal": 544,
     "position": "middle",
     "kind": "foreign-work-byline",
     "strength": "weak",
     "evidence": ". by A. W. Hutton",
     "reason": "names 'Hutton', not the declared author 'Schaff, Philip'"
    },
    {
     "ordinal": 552,
     "position": "middle",
     "kind": "foreign-work-byline",
     "strength": "weak",
     "evidence": ". by H. Sommalius",
     "reason": "names 'Sommalius', not the declared author 'Schaff, Philip'"
    },
    {
     "ordinal": 554,
     "position": "middle",
     "kind": "foreign-work-byline",
     "strength": "weak",
     "evidence": ". by J. K. Ingram",
     "reason": "names 'Ingram', not the declared author 'Schaff, Philip'"
    },
    {
     "ordinal": 605,
     "position": "middle",
     "kind": "foreign-work-banner",
     "strength": "weak",
     "evidence": "Tauler’s Life",
     "reason": "names 'Tauler', not the declared author 'Schaff, Philip'"
    },
    {
     "ordinal": 706,
     "position": "middle",
     "kind": "foreign-work-byline",
     "strength": "weak",
     "evidence": ". by Rudolf Buddensieg",
     "reason": "names 'Buddensieg', not the declared author 'Schaff, Philip'"
    },
    {
     "ordinal": 1304,
     "position": "middle",
     "kind": "foreign-work-banner",
     "strength": "weak",
     "evidence": "Life of Michelangelo",
     "reason": "names 'Michelangelo', not the declared author 'Schaff, Philip'"
    },
    {
     "ordinal": 1317,
     "position": "middle",
     "kind": "foreign-work-banner",
     "strength": "weak",
     "evidence": "Lives of More",
     "reason": "names 'More', not the declared author 'Schaff, Philip'"
    },
    {
     "ordinal": 1395,
     "position": "middle",
     "kind": "foreign-work-banner",
     "strength": "weak",
     "evidence": "Aristotle’s History",
     "reason": "names 'Aristotle', not the declared author 'Schaff, Philip'"
    },
    {
     "ordinal": 1763,
     "position": "middle",
     "kind": "foreign-work-banner",
     "strength": "strong",
     "evidence": "Works of Charity",
     "reason": "names 'Charity', not the declared author 'Schaff, Philip'"
    },
    {
     "ordinal": 1764,
     "position": "middle",
     "kind": "foreign-work-banner",
     "strength": "weak",
     "evidence": "Works of Charity",
     "reason": "names 'Charity', not the declared author 'Schaff, Philip'"
    },
    {
     "ordinal": 1765,
     "position": "middle",
     "kind": "foreign-work-banner",
     "strength": "weak",
     "evidence": "Works of Charity",
     "reason": "names 'Charity', not the declared author 'Schaff, Philip'"
    },
    {
     "ordinal": 1766,
     "position": "middle",
     "kind": "foreign-work-banner",
     "strength": "weak",
     "evidence": "Works of Charity",
     "reason": "names 'Charity', not the declared author 'Schaff, Philip'"
    },
    {
     "ordinal": 1767,
     "position": "middle",
     "kind": "foreign-work-banner",
     "strength": "weak",
     "evidence": "Works of Charity",
     "reason": "names 'Charity', not the declared author 'Schaff, Philip'"
    },
    {
     "ordinal": 1768,
     "position": "middle",
     "kind": "foreign-work-banner",
     "strength": "weak",
     "evidence": "Works of Charity",
     "reason": "names 'Charity', not the declared author 'Schaff, Philip'"
    },
    {
     "ordinal": 1769,
     "position": "middle",
     "kind": "foreign-work-banner",
     "strength": "weak",
     "evidence": "Works of Charity",
     "reason": "names 'Charity', not the declared author 'Schaff, Philip'"
    },
    {
     "ordinal": 1770,
     "position": "middle",
     "kind": "foreign-work-banner",
     "strength": "weak",
     "evidence": "Works of Charity",
     "reason": "names 'Charity', not the declared author 'Schaff, Philip'"
    },
    {
     "ordinal": 1771,
     "position": "middle",
     "kind": "foreign-work-banner",
     "strength": "weak",
     "evidence": "Works of Charity",
     "reason": "names 'Charity', not the declared author 'Schaff, Philip'"
    },
    {
     "ordinal": 1772,
     "position": "middle",
     "kind": "foreign-work-banner",
     "strength": "weak",
     "evidence": "Works of Charity",
     "reason": "names 'Charity', not the declared author 'Schaff, Philip'"
    },
    {
     "ordinal": 1773,
     "position": "middle",
     "kind": "foreign-work-banner",
     "strength": "weak",
     "evidence": "Works of Charity",
     "reason": "names 'Charity', not the declared author 'Schaff, Philip'"
    },
    {
     "ordinal": 1774,
     "position": "middle",
     "kind": "foreign-work-banner",
     "strength": "weak",
     "evidence": "Works of Charity",
     "reason": "names 'Charity', not the declared author 'Schaff, Philip'"
    },
    {
     "ordinal": 1775,
     "position": "middle",
     "kind": "foreign-work-banner",
     "strength": "weak",
     "evidence": "Works of Charity",
     "reason": "names 'Charity', not the declared author 'Schaff, Philip'"
    },
    {
     "ordinal": 1776,
     "position": "middle",
     "kind": "foreign-work-banner",
     "strength": "weak",
     "evidence": "Works of Charity",
     "reason": "names 'Charity', not the declared author 'Schaff, Philip'"
    },
    {
     "ordinal": 1777,
     "position": "middle",
     "kind": "foreign-work-banner",
     "strength": "weak",
     "evidence": "Works of Charity",
     "reason": "names 'Charity', not the declared author 'Schaff, Philip'"
    },
    {
     "ordinal": 1778,
     "position": "middle",
     "kind": "foreign-work-banner",
     "strength": "weak",
     "evidence": "Works of Charity",
     "reason": "names 'Charity', not the declared author 'Schaff, Philip'"
    },
    {
     "ordinal": 1779,
     "position": "middle",
     "kind": "foreign-work-banner",
     "strength": "weak",
     "evidence": "Works of Charity",
     "reason": "names 'Charity', not the declared author 'Schaff, Philip'"
    },
    {
     "ordinal": 1780,
     "position": "middle",
     "kind": "foreign-work-banner",
     "strength": "weak",
     "evidence": "Works of Charity",
     "reason": "names 'Charity', not the declared author 'Schaff, Philip'"
    },
    {
     "ordinal": 1781,
     "position": "middle",
     "kind": "foreign-work-banner",
     "strength": "weak",
     "evidence": "Works of Charity",
     "reason": "names 'Charity', not the declared author 'Schaff, Philip'"
    },
    {
     "ordinal": 1782,
     "position": "middle",
     "kind": "foreign-work-banner",
     "strength": "weak",
     "evidence": "Works of Charity",
     "reason": "names 'Charity', not the declared author 'Schaff, Philip'"
    },
    {
     "ordinal": 1848,
     "position": "middle",
     "kind": "word-index-title",
     "strength": "strong",
     "evidence": "Indexes — German Words and Phrases (1/13)",
     "reason": null
    },
    {
     "ordinal": 1849,
     "position": "middle",
     "kind": "word-index-title",
     "strength": "strong",
     "evidence": "Indexes — German Words and Phrases (2/13)",
     "reason": null
    },
    {
     "ordinal": 1850,
     "position": "tail",
     "kind": "word-index-title",
     "strength": "strong",
     "evidence": "Indexes — German Words and Phrases (3/13)",
     "reason": null
    },
    {
     "ordinal": 1851,
     "position": "tail",
     "kind": "word-index-title",
     "strength": "strong",
     "evidence": "Indexes — German Words and Phrases (4/13)",
     "reason": null
    },
    {
     "ordinal": 1852,
     "position": "tail",
     "kind": "word-index-title",
     "strength": "strong",
     "evidence": "Indexes — German Words and Phrases (5/13)",
     "reason": null
    },
    {
     "ordinal": 1853,
     "position": "tail",
     "kind": "word-index-title",
     "strength": "strong",
     "evidence": "Indexes — German Words and Phrases (6/13)",
     "reason": null
    },
    {
     "ordinal": 1854,
     "position": "tail",
     "kind": "word-index-title",
     "strength": "strong",
     "evidence": "Indexes — German Words and Phrases (7/13)",
     "reason": null
    },
    {
     "ordinal": 1855,
     "position": "tail",
     "kind": "word-index-title",
     "strength": "strong",
     "evidence": "Indexes — German Words and Phrases (8/13)",
     "reason": null
    },
    {
     "ordinal": 1856,
     "position": "tail",
     "kind": "word-index-title",
     "strength": "strong",
     "evidence": "Indexes — German Words and Phrases (9/13)",
     "reason": null
    },
    {
     "ordinal": 1857,
     "position": "tail",
     "kind": "word-index-title",
     "strength": "strong",
     "evidence": "Indexes — German Words and Phrases (10/13)",
     "reason": null
    },
    {
     "ordinal": 1858,
     "position": "tail",
     "kind": "word-index-title",
     "strength": "strong",
     "evidence": "Indexes — German Words and Phrases (11/13)",
     "reason": null
    },
    {
     "ordinal": 1859,
     "position": "tail",
     "kind": "word-index-title",
     "strength": "strong",
     "evidence": "Indexes — German Words and Phrases (12/13)",
     "reason": null
    },
    {
     "ordinal": 1860,
     "position": "tail",
     "kind": "word-index-title",
     "strength": "strong",
     "evidence": "Indexes — German Words and Phrases (13/13)",
     "reason": null
    },
    {
     "ordinal": 1861,
     "position": "tail",
     "kind": "word-index-title",
     "strength": "strong",
     "evidence": "Indexes — French Words and Phrases",
     "reason": null
    }
   ]
  },
  {
   "slug": "schaff-hcc7",
   "verdict": "FAIL",
   "author": "Schaff, Philip",
   "scanned": 1672,
   "findings": [
    {
     "ordinal": 1,
     "position": "head",
     "kind": "apparatus-title",
     "strength": "strong",
     "evidence": "Title Page",
     "reason": null
    },
    {
     "ordinal": 99,
     "position": "middle",
     "kind": "foreign-work-banner",
     "strength": "weak",
     "evidence": "Life of Chris",
     "reason": "names 'Chris', not the declared author 'Schaff, Philip'"
    },
    {
     "ordinal": 325,
     "position": "middle",
     "kind": "foreign-work-banner",
     "strength": "weak",
     "evidence": "Luther’s Works",
     "reason": "names 'Luther', not the declared author 'Schaff, Philip'"
    },
    {
     "ordinal": 369,
     "position": "middle",
     "kind": "foreign-work-banner",
     "strength": "weak",
     "evidence": "Luther’s Sermon",
     "reason": "names 'Luther', not the declared author 'Schaff, Philip'"
    },
    {
     "ordinal": 391,
     "position": "middle",
     "kind": "foreign-work-banner",
     "strength": "weak",
     "evidence": "Luther’s Works",
     "reason": "names 'Luther', not the declared author 'Schaff, Philip'"
    },
    {
     "ordinal": 811,
     "position": "middle",
     "kind": "foreign-work-banner",
     "strength": "weak",
     "evidence": "Letters of Luther",
     "reason": "names 'Luther', not the declared author 'Schaff, Philip'"
    },
    {
     "ordinal": 838,
     "position": "middle",
     "kind": "foreign-work-banner",
     "strength": "weak",
     "evidence": "Sermons of Luther",
     "reason": "names 'Luther', not the declared author 'Schaff, Philip'"
    },
    {
     "ordinal": 863,
     "position": "middle",
     "kind": "foreign-work-byline",
     "strength": "weak",
     "evidence": ". by Beatus Rhenanus",
     "reason": "names 'Rhenanus', not the declared author 'Schaff, Philip'"
    },
    {
     "ordinal": 934,
     "position": "middle",
     "kind": "foreign-work-byline",
     "strength": "weak",
     "evidence": ". by M. Goldas",
     "reason": "names 'Goldas', not the declared author 'Schaff, Philip'"
    },
    {
     "ordinal": 969,
     "position": "middle",
     "kind": "foreign-work-banner",
     "strength": "weak",
     "evidence": "Letters of May",
     "reason": "names 'May', not the declared author 'Schaff, Philip'"
    },
    {
     "ordinal": 1134,
     "position": "middle",
     "kind": "foreign-work-banner",
     "strength": "weak",
     "evidence": "Theodoret’s Commentary",
     "reason": "names 'Theodoret', not the declared author 'Schaff, Philip'"
    },
    {
     "ordinal": 1481,
     "position": "middle",
     "kind": "foreign-work-banner",
     "strength": "weak",
     "evidence": "Histories of Schroeckh",
     "reason": "names 'Schroeckh', not the declared author 'Schaff, Philip'"
    },
    {
     "ordinal": 1592,
     "position": "middle",
     "kind": "word-index-title",
     "strength": "strong",
     "evidence": "Indexes — Greek Words and Phrases",
     "reason": null
    },
    {
     "ordinal": 1593,
     "position": "middle",
     "kind": "word-index-title",
     "strength": "strong",
     "evidence": "Indexes — German Words and Phrases (1/77)",
     "reason": null
    },
    {
     "ordinal": 1594,
     "position": "middle",
     "kind": "word-index-title",
     "strength": "strong",
     "evidence": "Indexes — German Words and Phrases (2/77)",
     "reason": null
    },
    {
     "ordinal": 1595,
     "position": "middle",
     "kind": "word-index-title",
     "strength": "strong",
     "evidence": "Indexes — German Words and Phrases (3/77)",
     "reason": null
    },
    {
     "ordinal": 1596,
     "position": "middle",
     "kind": "word-index-title",
     "strength": "strong",
     "evidence": "Indexes — German Words and Phrases (4/77)",
     "reason": null
    },
    {
     "ordinal": 1597,
     "position": "middle",
     "kind": "word-index-title",
     "strength": "strong",
     "evidence": "Indexes — German Words and Phrases (5/77)",
     "reason": null
    },
    {
     "ordinal": 1598,
     "position": "middle",
     "kind": "word-index-title",
     "strength": "strong",
     "evidence": "Indexes — German Words and Phrases (6/77)",
     "reason": null
    },
    {
     "ordinal": 1599,
     "position": "middle",
     "kind": "word-index-title",
     "strength": "strong",
     "evidence": "Indexes — German Words and Phrases (7/77)",
     "reason": null
    },
    {
     "ordinal": 1600,
     "position": "middle",
     "kind": "word-index-title",
     "strength": "strong",
     "evidence": "Indexes — German Words and Phrases (8/77)",
     "reason": null
    },
    {
     "ordinal": 1601,
     "position": "middle",
     "kind": "word-index-title",
     "strength": "strong",
     "evidence": "Indexes — German Words and Phrases (9/77)",
     "reason": null
    },
    {
     "ordinal": 1602,
     "position": "middle",
     "kind": "word-index-title",
     "strength": "strong",
     "evidence": "Indexes — German Words and Phrases (10/77)",
     "reason": null
    },
    {
     "ordinal": 1603,
     "position": "middle",
     "kind": "word-index-title",
     "strength": "strong",
     "evidence": "Indexes — German Words and Phrases (11/77)",
     "reason": null
    },
    {
     "ordinal": 1604,
     "position": "middle",
     "kind": "word-index-title",
     "strength": "strong",
     "evidence": "Indexes — German Words and Phrases (12/77)",
     "reason": null
    },
    {
     "ordinal": 1605,
     "position": "middle",
     "kind": "word-index-title",
     "strength": "strong",
     "evidence": "Indexes — German Words and Phrases (13/77)",
     "reason": null
    },
    {
     "ordinal": 1606,
     "position": "middle",
     "kind": "word-index-title",
     "strength": "strong",
     "evidence": "Indexes — German Words and Phrases (14/77)",
     "reason": null
    },
    {
     "ordinal": 1607,
     "position": "middle",
     "kind": "word-index-title",
     "strength": "strong",
     "evidence": "Indexes — German Words and Phrases (15/77)",
     "reason": null
    },
    {
     "ordinal": 1608,
     "position": "middle",
     "kind": "word-index-title",
     "strength": "strong",
     "evidence": "Indexes — German Words and Phrases (16/77)",
     "reason": null
    },
    {
     "ordinal": 1609,
     "position": "middle",
     "kind": "word-index-title",
     "strength": "strong",
     "evidence": "Indexes — German Words and Phrases (17/77)",
     "reason": null
    },
    {
     "ordinal": 1610,
     "position": "middle",
     "kind": "word-index-title",
     "strength": "strong",
     "evidence": "Indexes — German Words and Phrases (18/77)",
     "reason": null
    },
    {
     "ordinal": 1611,
     "position": "middle",
     "kind": "word-index-title",
     "strength": "strong",
     "evidence": "Indexes — German Words and Phrases (19/77)",
     "reason": null
    },
    {
     "ordinal": 1612,
     "position": "middle",
     "kind": "word-index-title",
     "strength": "strong",
     "evidence": "Indexes — German Words and Phrases (20/77)",
     "reason": null
    },
    {
     "ordinal": 1613,
     "position": "middle",
     "kind": "word-index-title",
     "strength": "strong",
     "evidence": "Indexes — German Words and Phrases (21/77)",
     "reason": null
    },
    {
     "ordinal": 1614,
     "position": "middle",
     "kind": "word-index-title",
     "strength": "strong",
     "evidence": "Indexes — German Words and Phrases (22/77)",
     "reason": null
    },
    {
     "ordinal": 1615,
     "position": "middle",
     "kind": "word-index-title",
     "strength": "strong",
     "evidence": "Indexes — German Words and Phrases (23/77)",
     "reason": null
    },
    {
     "ordinal": 1616,
     "position": "middle",
     "kind": "word-index-title",
     "strength": "strong",
     "evidence": "Indexes — German Words and Phrases (24/77)",
     "reason": null
    },
    {
     "ordinal": 1617,
     "position": "middle",
     "kind": "word-index-title",
     "strength": "strong",
     "evidence": "Indexes — German Words and Phrases (25/77)",
     "reason": null
    },
    {
     "ordinal": 1618,
     "position": "middle",
     "kind": "word-index-title",
     "strength": "strong",
     "evidence": "Indexes — German Words and Phrases (26/77)",
     "reason": null
    },
    {
     "ordinal": 1619,
     "position": "middle",
     "kind": "word-index-title",
     "strength": "strong",
     "evidence": "Indexes — German Words and Phrases (27/77)",
     "reason": null
    },
    {
     "ordinal": 1620,
     "position": "middle",
     "kind": "word-index-title",
     "strength": "strong",
     "evidence": "Indexes — German Words and Phrases (28/77)",
     "reason": null
    },
    {
     "ordinal": 1621,
     "position": "middle",
     "kind": "word-index-title",
     "strength": "strong",
     "evidence": "Indexes — German Words and Phrases (29/77)",
     "reason": null
    },
    {
     "ordinal": 1622,
     "position": "middle",
     "kind": "word-index-title",
     "strength": "strong",
     "evidence": "Indexes — German Words and Phrases (30/77)",
     "reason": null
    },
    {
     "ordinal": 1623,
     "position": "middle",
     "kind": "word-index-title",
     "strength": "strong",
     "evidence": "Indexes — German Words and Phrases (31/77)",
     "reason": null
    },
    {
     "ordinal": 1624,
     "position": "middle",
     "kind": "word-index-title",
     "strength": "strong",
     "evidence": "Indexes — German Words and Phrases (32/77)",
     "reason": null
    },
    {
     "ordinal": 1625,
     "position": "middle",
     "kind": "word-index-title",
     "strength": "strong",
     "evidence": "Indexes — German Words and Phrases (33/77)",
     "reason": null
    },
    {
     "ordinal": 1626,
     "position": "middle",
     "kind": "word-index-title",
     "strength": "strong",
     "evidence": "Indexes — German Words and Phrases (34/77)",
     "reason": null
    },
    {
     "ordinal": 1627,
     "position": "middle",
     "kind": "word-index-title",
     "strength": "strong",
     "evidence": "Indexes — German Words and Phrases (35/77)",
     "reason": null
    },
    {
     "ordinal": 1628,
     "position": "middle",
     "kind": "word-index-title",
     "strength": "strong",
     "evidence": "Indexes — German Words and Phrases (36/77)",
     "reason": null
    },
    {
     "ordinal": 1629,
     "position": "middle",
     "kind": "word-index-title",
     "strength": "strong",
     "evidence": "Indexes — German Words and Phrases (37/77)",
     "reason": null
    },
    {
     "ordinal": 1630,
     "position": "middle",
     "kind": "word-index-title",
     "strength": "strong",
     "evidence": "Indexes — German Words and Phrases (38/77)",
     "reason": null
    },
    {
     "ordinal": 1631,
     "position": "middle",
     "kind": "word-index-title",
     "strength": "strong",
     "evidence": "Indexes — German Words and Phrases (39/77)",
     "reason": null
    },
    {
     "ordinal": 1632,
     "position": "middle",
     "kind": "word-index-title",
     "strength": "strong",
     "evidence": "Indexes — German Words and Phrases (40/77)",
     "reason": null
    },
    {
     "ordinal": 1633,
     "position": "middle",
     "kind": "word-index-title",
     "strength": "strong",
     "evidence": "Indexes — German Words and Phrases (41/77)",
     "reason": null
    },
    {
     "ordinal": 1634,
     "position": "middle",
     "kind": "word-index-title",
     "strength": "strong",
     "evidence": "Indexes — German Words and Phrases (42/77)",
     "reason": null
    },
    {
     "ordinal": 1635,
     "position": "middle",
     "kind": "word-index-title",
     "strength": "strong",
     "evidence": "Indexes — German Words and Phrases (43/77)",
     "reason": null
    },
    {
     "ordinal": 1636,
     "position": "middle",
     "kind": "word-index-title",
     "strength": "strong",
     "evidence": "Indexes — German Words and Phrases (44/77)",
     "reason": null
    },
    {
     "ordinal": 1637,
     "position": "middle",
     "kind": "word-index-title",
     "strength": "strong",
     "evidence": "Indexes — German Words and Phrases (45/77)",
     "reason": null
    },
    {
     "ordinal": 1638,
     "position": "middle",
     "kind": "word-index-title",
     "strength": "strong",
     "evidence": "Indexes — German Words and Phrases (46/77)",
     "reason": null
    },
    {
     "ordinal": 1639,
     "position": "middle",
     "kind": "word-index-title",
     "strength": "strong",
     "evidence": "Indexes — German Words and Phrases (47/77)",
     "reason": null
    },
    {
     "ordinal": 1640,
     "position": "middle",
     "kind": "word-index-title",
     "strength": "strong",
     "evidence": "Indexes — German Words and Phrases (48/77)",
     "reason": null
    },
    {
     "ordinal": 1641,
     "position": "middle",
     "kind": "word-index-title",
     "strength": "strong",
     "evidence": "Indexes — German Words and Phrases (49/77)",
     "reason": null
    },
    {
     "ordinal": 1642,
     "position": "middle",
     "kind": "word-index-title",
     "strength": "strong",
     "evidence": "Indexes — German Words and Phrases (50/77)",
     "reason": null
    },
    {
     "ordinal": 1643,
     "position": "middle",
     "kind": "word-index-title",
     "strength": "strong",
     "evidence": "Indexes — German Words and Phrases (51/77)",
     "reason": null
    },
    {
     "ordinal": 1644,
     "position": "middle",
     "kind": "word-index-title",
     "strength": "strong",
     "evidence": "Indexes — German Words and Phrases (52/77)",
     "reason": null
    },
    {
     "ordinal": 1645,
     "position": "middle",
     "kind": "word-index-title",
     "strength": "strong",
     "evidence": "Indexes — German Words and Phrases (53/77)",
     "reason": null
    },
    {
     "ordinal": 1646,
     "position": "middle",
     "kind": "word-index-title",
     "strength": "strong",
     "evidence": "Indexes — German Words and Phrases (54/77)",
     "reason": null
    },
    {
     "ordinal": 1647,
     "position": "middle",
     "kind": "word-index-title",
     "strength": "strong",
     "evidence": "Indexes — German Words and Phrases (55/77)",
     "reason": null
    },
    {
     "ordinal": 1648,
     "position": "middle",
     "kind": "word-index-title",
     "strength": "strong",
     "evidence": "Indexes — German Words and Phrases (56/77)",
     "reason": null
    },
    {
     "ordinal": 1649,
     "position": "middle",
     "kind": "word-index-title",
     "strength": "strong",
     "evidence": "Indexes — German Words and Phrases (57/77)",
     "reason": null
    },
    {
     "ordinal": 1650,
     "position": "middle",
     "kind": "word-index-title",
     "strength": "strong",
     "evidence": "Indexes — German Words and Phrases (58/77)",
     "reason": null
    },
    {
     "ordinal": 1651,
     "position": "middle",
     "kind": "word-index-title",
     "strength": "strong",
     "evidence": "Indexes — German Words and Phrases (59/77)",
     "reason": null
    },
    {
     "ordinal": 1652,
     "position": "middle",
     "kind": "word-index-title",
     "strength": "strong",
     "evidence": "Indexes — German Words and Phrases (60/77)",
     "reason": null
    },
    {
     "ordinal": 1653,
     "position": "middle",
     "kind": "word-index-title",
     "strength": "strong",
     "evidence": "Indexes — German Words and Phrases (61/77)",
     "reason": null
    },
    {
     "ordinal": 1654,
     "position": "middle",
     "kind": "word-index-title",
     "strength": "strong",
     "evidence": "Indexes — German Words and Phrases (62/77)",
     "reason": null
    },
    {
     "ordinal": 1655,
     "position": "middle",
     "kind": "word-index-title",
     "strength": "strong",
     "evidence": "Indexes — German Words and Phrases (63/77)",
     "reason": null
    },
    {
     "ordinal": 1656,
     "position": "middle",
     "kind": "word-index-title",
     "strength": "strong",
     "evidence": "Indexes — German Words and Phrases (64/77)",
     "reason": null
    },
    {
     "ordinal": 1657,
     "position": "middle",
     "kind": "word-index-title",
     "strength": "strong",
     "evidence": "Indexes — German Words and Phrases (65/77)",
     "reason": null
    },
    {
     "ordinal": 1658,
     "position": "middle",
     "kind": "word-index-title",
     "strength": "strong",
     "evidence": "Indexes — German Words and Phrases (66/77)",
     "reason": null
    },
    {
     "ordinal": 1659,
     "position": "middle",
     "kind": "word-index-title",
     "strength": "strong",
     "evidence": "Indexes — German Words and Phrases (67/77)",
     "reason": null
    },
    {
     "ordinal": 1660,
     "position": "middle",
     "kind": "word-index-title",
     "strength": "strong",
     "evidence": "Indexes — German Words and Phrases (68/77)",
     "reason": null
    },
    {
     "ordinal": 1661,
     "position": "tail",
     "kind": "word-index-title",
     "strength": "strong",
     "evidence": "Indexes — German Words and Phrases (69/77)",
     "reason": null
    },
    {
     "ordinal": 1662,
     "position": "tail",
     "kind": "word-index-title",
     "strength": "strong",
     "evidence": "Indexes — German Words and Phrases (70/77)",
     "reason": null
    },
    {
     "ordinal": 1663,
     "position": "tail",
     "kind": "word-index-title",
     "strength": "strong",
     "evidence": "Indexes — German Words and Phrases (71/77)",
     "reason": null
    },
    {
     "ordinal": 1664,
     "position": "tail",
     "kind": "word-index-title",
     "strength": "strong",
     "evidence": "Indexes — German Words and Phrases (72/77)",
     "reason": null
    },
    {
     "ordinal": 1665,
     "position": "tail",
     "kind": "word-index-title",
     "strength": "strong",
     "evidence": "Indexes — German Words and Phrases (73/77)",
     "reason": null
    },
    {
     "ordinal": 1666,
     "position": "tail",
     "kind": "word-index-title",
     "strength": "strong",
     "evidence": "Indexes — German Words and Phrases (74/77)",
     "reason": null
    },
    {
     "ordinal": 1667,
     "position": "tail",
     "kind": "word-index-title",
     "strength": "strong",
     "evidence": "Indexes — German Words and Phrases (75/77)",
     "reason": null
    },
    {
     "ordinal": 1668,
     "position": "tail",
     "kind": "word-index-title",
     "strength": "strong",
     "evidence": "Indexes — German Words and Phrases (76/77)",
     "reason": null
    },
    {
     "ordinal": 1669,
     "position": "tail",
     "kind": "word-index-title",
     "strength": "strong",
     "evidence": "Indexes — German Words and Phrases (77/77)",
     "reason": null
    },
    {
     "ordinal": 1670,
     "position": "tail",
     "kind": "word-index-title",
     "strength": "strong",
     "evidence": "Indexes — French Words and Phrases (1/3)",
     "reason": null
    },
    {
     "ordinal": 1671,
     "position": "tail",
     "kind": "word-index-title",
     "strength": "strong",
     "evidence": "Indexes — French Words and Phrases (2/3)",
     "reason": null
    },
    {
     "ordinal": 1672,
     "position": "tail",
     "kind": "word-index-title",
     "strength": "strong",
     "evidence": "Indexes — French Words and Phrases (3/3)",
     "reason": null
    }
   ]
  },
  {
   "slug": "schaff-hcc8",
   "verdict": "FAIL",
   "author": "Schaff, Philip",
   "scanned": 2053,
   "findings": [
    {
     "ordinal": 1,
     "position": "head",
     "kind": "apparatus-title",
     "strength": "strong",
     "evidence": "Title Page",
     "reason": null
    },
    {
     "ordinal": 2,
     "position": "head",
     "kind": "apparatus-title",
     "strength": "strong",
     "evidence": "Preface (1/11)",
     "reason": null
    },
    {
     "ordinal": 3,
     "position": "head",
     "kind": "apparatus-title",
     "strength": "strong",
     "evidence": "Preface (2/11)",
     "reason": null
    },
    {
     "ordinal": 4,
     "position": "head",
     "kind": "apparatus-title",
     "strength": "strong",
     "evidence": "Preface (3/11)",
     "reason": null
    },
    {
     "ordinal": 5,
     "position": "head",
     "kind": "apparatus-title",
     "strength": "strong",
     "evidence": "Preface (4/11)",
     "reason": null
    },
    {
     "ordinal": 6,
     "position": "head",
     "kind": "apparatus-title",
     "strength": "strong",
     "evidence": "Preface (5/11)",
     "reason": null
    },
    {
     "ordinal": 7,
     "position": "head",
     "kind": "apparatus-title",
     "strength": "strong",
     "evidence": "Preface (6/11)",
     "reason": null
    },
    {
     "ordinal": 8,
     "position": "head",
     "kind": "apparatus-title",
     "strength": "strong",
     "evidence": "Preface (7/11)",
     "reason": null
    },
    {
     "ordinal": 9,
     "position": "head",
     "kind": "apparatus-title",
     "strength": "strong",
     "evidence": "Preface (8/11)",
     "reason": null
    },
    {
     "ordinal": 10,
     "position": "head",
     "kind": "apparatus-title",
     "strength": "strong",
     "evidence": "Preface (9/11)",
     "reason": null
    },
    {
     "ordinal": 11,
     "position": "head",
     "kind": "apparatus-title",
     "strength": "strong",
     "evidence": "Preface (10/11)",
     "reason": null
    },
    {
     "ordinal": 12,
     "position": "head",
     "kind": "apparatus-title",
     "strength": "strong",
     "evidence": "Preface (11/11)",
     "reason": null
    },
    {
     "ordinal": 16,
     "position": "middle",
     "kind": "apparatus-title",
     "strength": "strong",
     "evidence": "PREFACE TO THE SECOND EDITION.",
     "reason": null
    },
    {
     "ordinal": 48,
     "position": "middle",
     "kind": "foreign-work-byline",
     "strength": "weak",
     "evidence": ". by J. J. Ulrich",
     "reason": "names 'Ulrich', not the declared author 'Schaff, Philip'"
    },
    {
     "ordinal": 54,
     "position": "middle",
     "kind": "foreign-work-banner",
     "strength": "weak",
     "evidence": "Bullinger’s History",
     "reason": "names 'Bullinger', not the declared author 'Schaff, Philip'"
    },
    {
     "ordinal": 205,
     "position": "middle",
     "kind": "foreign-work-banner",
     "strength": "strong",
     "evidence": "The Works of Zwingli",
     "reason": "names 'Zwingli', not the declared author 'Schaff, Philip'"
    },
    {
     "ordinal": 206,
     "position": "middle",
     "kind": "foreign-work-banner",
     "strength": "weak",
     "evidence": "The Works of Zwingli",
     "reason": "names 'Zwingli', not the declared author 'Schaff, Philip'"
    },
    {
     "ordinal": 207,
     "position": "middle",
     "kind": "foreign-work-banner",
     "strength": "weak",
     "evidence": "The Works of Zwingli",
     "reason": "names 'Zwingli', not the declared author 'Schaff, Philip'"
    },
    {
     "ordinal": 524,
     "position": "middle",
     "kind": "foreign-work-banner",
     "strength": "weak",
     "evidence": "Letters of Farel",
     "reason": "names 'Farel', not the declared author 'Schaff, Philip'"
    },
    {
     "ordinal": 625,
     "position": "middle",
     "kind": "foreign-work-banner",
     "strength": "weak",
     "evidence": "Calvin’s Commentaries",
     "reason": "names 'Calvin', not the declared author 'Schaff, Philip'"
    },
    {
     "ordinal": 1199,
     "position": "middle",
     "kind": "foreign-work-banner",
     "strength": "strong",
     "evidence": "Calvin’s\nCommentaries",
     "reason": "names 'Calvin', not the declared author 'Schaff, Philip'"
    },
    {
     "ordinal": 1200,
     "position": "middle",
     "kind": "foreign-work-banner",
     "strength": "weak",
     "evidence": "Calvin's Commentaries",
     "reason": "names 'Calvin', not the declared author 'Schaff, Philip'"
    },
    {
     "ordinal": 1201,
     "position": "middle",
     "kind": "foreign-work-banner",
     "strength": "weak",
     "evidence": "Calvin's Commentaries",
     "reason": "names 'Calvin', not the declared author 'Schaff, Philip'"
    },
    {
     "ordinal": 1202,
     "position": "middle",
     "kind": "foreign-work-banner",
     "strength": "weak",
     "evidence": "Calvin's Commentaries",
     "reason": "names 'Calvin', not the declared author 'Schaff, Philip'"
    },
    {
     "ordinal": 1203,
     "position": "middle",
     "kind": "foreign-work-banner",
     "strength": "weak",
     "evidence": "Calvin's Commentaries",
     "reason": "names 'Calvin', not the declared author 'Schaff, Philip'"
    },
    {
     "ordinal": 1204,
     "position": "middle",
     "kind": "foreign-work-banner",
     "strength": "weak",
     "evidence": "Calvin's Commentaries",
     "reason": "names 'Calvin', not the declared author 'Schaff, Philip'"
    },
    {
     "ordinal": 1205,
     "position": "middle",
     "kind": "foreign-work-banner",
     "strength": "weak",
     "evidence": "Calvin's Commentaries",
     "reason": "names 'Calvin', not the declared author 'Schaff, Philip'"
    },
    {
     "ordinal": 1206,
     "position": "middle",
     "kind": "foreign-work-banner",
     "strength": "weak",
     "evidence": "Calvin's Commentaries",
     "reason": "names 'Calvin', not the declared author 'Schaff, Philip'"
    },
    {
     "ordinal": 1207,
     "position": "middle",
     "kind": "foreign-work-banner",
     "strength": "weak",
     "evidence": "Calvin's Commentaries",
     "reason": "names 'Calvin', not the declared author 'Schaff, Philip'"
    },
    {
     "ordinal": 1208,
     "position": "middle",
     "kind": "foreign-work-banner",
     "strength": "weak",
     "evidence": "Calvin's Commentaries",
     "reason": "names 'Calvin', not the declared author 'Schaff, Philip'"
    },
    {
     "ordinal": 1209,
     "position": "middle",
     "kind": "foreign-work-banner",
     "strength": "weak",
     "evidence": "Calvin's Commentaries",
     "reason": "names 'Calvin', not the declared author 'Schaff, Philip'"
    },
    {
     "ordinal": 1210,
     "position": "middle",
     "kind": "foreign-work-banner",
     "strength": "weak",
     "evidence": "Calvin's Commentaries",
     "reason": "names 'Calvin', not the declared author 'Schaff, Philip'"
    },
    {
     "ordinal": 1211,
     "position": "middle",
     "kind": "foreign-work-banner",
     "strength": "weak",
     "evidence": "Calvin's Commentaries",
     "reason": "names 'Calvin', not the declared author 'Schaff, Philip'"
    },
    {
     "ordinal": 1212,
     "position": "middle",
     "kind": "foreign-work-banner",
     "strength": "weak",
     "evidence": "Calvin's Commentaries",
     "reason": "names 'Calvin', not the declared author 'Schaff, Philip'"
    },
    {
     "ordinal": 1213,
     "position": "middle",
     "kind": "foreign-work-banner",
     "strength": "weak",
     "evidence": "Calvin's Commentaries",
     "reason": "names 'Calvin', not the declared author 'Schaff, Philip'"
    },
    {
     "ordinal": 1214,
     "position": "middle",
     "kind": "foreign-work-banner",
     "strength": "weak",
     "evidence": "Calvin's Commentaries",
     "reason": "names 'Calvin', not the declared author 'Schaff, Philip'"
    },
    {
     "ordinal": 1215,
     "position": "middle",
     "kind": "foreign-work-banner",
     "strength": "weak",
     "evidence": "Calvin's Commentaries",
     "reason": "names 'Calvin', not the declared author 'Schaff, Philip'"
    },
    {
     "ordinal": 1216,
     "position": "middle",
     "kind": "foreign-work-banner",
     "strength": "weak",
     "evidence": "Calvin's Commentaries",
     "reason": "names 'Calvin', not the declared author 'Schaff, Philip'"
    },
    {
     "ordinal": 1217,
     "position": "middle",
     "kind": "foreign-work-banner",
     "strength": "weak",
     "evidence": "Calvin's Commentaries",
     "reason": "names 'Calvin', not the declared author 'Schaff, Philip'"
    },
    {
     "ordinal": 1218,
     "position": "middle",
     "kind": "foreign-work-banner",
     "strength": "weak",
     "evidence": "Calvin's Commentaries",
     "reason": "names 'Calvin', not the declared author 'Schaff, Philip'"
    },
    {
     "ordinal": 1219,
     "position": "middle",
     "kind": "foreign-work-banner",
     "strength": "weak",
     "evidence": "Calvin's Commentaries",
     "reason": "names 'Calvin', not the declared author 'Schaff, Philip'"
    },
    {
     "ordinal": 1220,
     "position": "middle",
     "kind": "foreign-work-banner",
     "strength": "weak",
     "evidence": "Calvin's Commentaries",
     "reason": "names 'Calvin', not the declared author 'Schaff, Philip'"
    },
    {
     "ordinal": 1221,
     "position": "middle",
     "kind": "foreign-work-banner",
     "strength": "weak",
     "evidence": "Calvin's Commentaries",
     "reason": "names 'Calvin', not the declared author 'Schaff, Philip'"
    },
    {
     "ordinal": 1222,
     "position": "middle",
     "kind": "foreign-work-banner",
     "strength": "weak",
     "evidence": "Calvin's Commentaries",
     "reason": "names 'Calvin', not the declared author 'Schaff, Philip'"
    },
    {
     "ordinal": 1223,
     "position": "middle",
     "kind": "foreign-work-banner",
     "strength": "weak",
     "evidence": "Calvin's Commentaries",
     "reason": "names 'Calvin', not the declared author 'Schaff, Philip'"
    },
    {
     "ordinal": 1224,
     "position": "middle",
     "kind": "foreign-work-banner",
     "strength": "weak",
     "evidence": "Calvin's Commentaries",
     "reason": "names 'Calvin', not the declared author 'Schaff, Philip'"
    },
    {
     "ordinal": 1225,
     "position": "middle",
     "kind": "foreign-work-banner",
     "strength": "weak",
     "evidence": "Calvin's Commentaries",
     "reason": "names 'Calvin', not the declared author 'Schaff, Philip'"
    },
    {
     "ordinal": 1226,
     "position": "middle",
     "kind": "foreign-work-banner",
     "strength": "weak",
     "evidence": "Calvin's Commentaries",
     "reason": "names 'Calvin', not the declared author 'Schaff, Philip'"
    },
    {
     "ordinal": 1446,
     "position": "middle",
     "kind": "foreign-work-banner",
     "strength": "weak",
     "evidence": "Ochino’s Sermons",
     "reason": "names 'Ochino', not the declared author 'Schaff, Philip'"
    },
    {
     "ordinal": 1447,
     "position": "middle",
     "kind": "foreign-work-byline",
     "strength": "weak",
     "evidence": ". by Helen\nZimmern",
     "reason": "names 'Zimmern', not the declared author 'Schaff, Philip'"
    },
    {
     "ordinal": 1544,
     "position": "middle",
     "kind": "foreign-work-banner",
     "strength": "weak",
     "evidence": "Works of Michael Servetus",
     "reason": "names 'Servetus', not the declared author 'Schaff, Philip'"
    },
    {
     "ordinal": 1608,
     "position": "middle",
     "kind": "foreign-work-banner",
     "strength": "weak",
     "evidence": "Life of Servetus",
     "reason": "names 'Servetus', not the declared author 'Schaff, Philip'"
    },
    {
     "ordinal": 1609,
     "position": "middle",
     "kind": "foreign-work-banner",
     "strength": "weak",
     "evidence": "Life of Servetus",
     "reason": "names 'Servetus', not the declared author 'Schaff, Philip'"
    },
    {
     "ordinal": 1610,
     "position": "middle",
     "kind": "foreign-work-banner",
     "strength": "weak",
     "evidence": "Life of Servetus",
     "reason": "names 'Servetus', not the declared author 'Schaff, Philip'"
    },
    {
     "ordinal": 1611,
     "position": "middle",
     "kind": "foreign-work-banner",
     "strength": "weak",
     "evidence": "Life of Servetus",
     "reason": "names 'Servetus', not the declared author 'Schaff, Philip'"
    },
    {
     "ordinal": 1612,
     "position": "middle",
     "kind": "foreign-work-banner",
     "strength": "weak",
     "evidence": "Life of Servetus",
     "reason": "names 'Servetus', not the declared author 'Schaff, Philip'"
    },
    {
     "ordinal": 1613,
     "position": "middle",
     "kind": "foreign-work-banner",
     "strength": "weak",
     "evidence": "Life of Servetus",
     "reason": "names 'Servetus', not the declared author 'Schaff, Philip'"
    },
    {
     "ordinal": 1821,
     "position": "middle",
     "kind": "foreign-work-banner",
     "strength": "weak",
     "evidence": "Calvin's Life",
     "reason": "names 'Calvin', not the declared author 'Schaff, Philip'"
    },
    {
     "ordinal": 1822,
     "position": "middle",
     "kind": "foreign-work-banner",
     "strength": "weak",
     "evidence": "Calvin's Life",
     "reason": "names 'Calvin', not the declared author 'Schaff, Philip'"
    },
    {
     "ordinal": 1823,
     "position": "middle",
     "kind": "foreign-work-banner",
     "strength": "weak",
     "evidence": "Calvin's Life",
     "reason": "names 'Calvin', not the declared author 'Schaff, Philip'"
    },
    {
     "ordinal": 1824,
     "position": "middle",
     "kind": "foreign-work-banner",
     "strength": "weak",
     "evidence": "Calvin's Life",
     "reason": "names 'Calvin', not the declared author 'Schaff, Philip'"
    },
    {
     "ordinal": 1825,
     "position": "middle",
     "kind": "foreign-work-banner",
     "strength": "weak",
     "evidence": "Calvin's Life",
     "reason": "names 'Calvin', not the declared author 'Schaff, Philip'"
    },
    {
     "ordinal": 1826,
     "position": "middle",
     "kind": "foreign-work-banner",
     "strength": "weak",
     "evidence": "Calvin's Life",
     "reason": "names 'Calvin', not the declared author 'Schaff, Philip'"
    },
    {
     "ordinal": 1827,
     "position": "middle",
     "kind": "foreign-work-banner",
     "strength": "weak",
     "evidence": "Calvin's Life",
     "reason": "names 'Calvin', not the declared author 'Schaff, Philip'"
    },
    {
     "ordinal": 1828,
     "position": "middle",
     "kind": "foreign-work-banner",
     "strength": "weak",
     "evidence": "Calvin's Life",
     "reason": "names 'Calvin', not the declared author 'Schaff, Philip'"
    },
    {
     "ordinal": 1829,
     "position": "middle",
     "kind": "foreign-work-banner",
     "strength": "weak",
     "evidence": "Calvin's Life",
     "reason": "names 'Calvin', not the declared author 'Schaff, Philip'"
    },
    {
     "ordinal": 1830,
     "position": "middle",
     "kind": "foreign-work-banner",
     "strength": "weak",
     "evidence": "Calvin's Life",
     "reason": "names 'Calvin', not the declared author 'Schaff, Philip'"
    },
    {
     "ordinal": 1831,
     "position": "middle",
     "kind": "foreign-work-banner",
     "strength": "weak",
     "evidence": "Calvin's Life",
     "reason": "names 'Calvin', not the declared author 'Schaff, Philip'"
    },
    {
     "ordinal": 1832,
     "position": "middle",
     "kind": "foreign-work-banner",
     "strength": "weak",
     "evidence": "Calvin's Life",
     "reason": "names 'Calvin', not the declared author 'Schaff, Philip'"
    },
    {
     "ordinal": 1833,
     "position": "middle",
     "kind": "foreign-work-banner",
     "strength": "weak",
     "evidence": "Calvin's Life",
     "reason": "names 'Calvin', not the declared author 'Schaff, Philip'"
    },
    {
     "ordinal": 1834,
     "position": "middle",
     "kind": "foreign-work-banner",
     "strength": "weak",
     "evidence": "Calvin's Life",
     "reason": "names 'Calvin', not the declared author 'Schaff, Philip'"
    },
    {
     "ordinal": 1835,
     "position": "middle",
     "kind": "foreign-work-banner",
     "strength": "weak",
     "evidence": "Calvin's Life",
     "reason": "names 'Calvin', not the declared author 'Schaff, Philip'"
    },
    {
     "ordinal": 1836,
     "position": "middle",
     "kind": "foreign-work-banner",
     "strength": "weak",
     "evidence": "Calvin's Life",
     "reason": "names 'Calvin', not the declared author 'Schaff, Philip'"
    },
    {
     "ordinal": 1837,
     "position": "middle",
     "kind": "foreign-work-banner",
     "strength": "weak",
     "evidence": "Calvin's Life",
     "reason": "names 'Calvin', not the declared author 'Schaff, Philip'"
    },
    {
     "ordinal": 1838,
     "position": "middle",
     "kind": "foreign-work-banner",
     "strength": "weak",
     "evidence": "Calvin's Life",
     "reason": "names 'Calvin', not the declared author 'Schaff, Philip'"
    },
    {
     "ordinal": 1839,
     "position": "middle",
     "kind": "foreign-work-banner",
     "strength": "weak",
     "evidence": "Calvin's Life",
     "reason": "names 'Calvin', not the declared author 'Schaff, Philip'"
    },
    {
     "ordinal": 1840,
     "position": "middle",
     "kind": "foreign-work-banner",
     "strength": "weak",
     "evidence": "Calvin's Life",
     "reason": "names 'Calvin', not the declared author 'Schaff, Philip'"
    },
    {
     "ordinal": 1841,
     "position": "middle",
     "kind": "foreign-work-banner",
     "strength": "weak",
     "evidence": "Calvin's Life",
     "reason": "names 'Calvin', not the declared author 'Schaff, Philip'"
    },
    {
     "ordinal": 1842,
     "position": "middle",
     "kind": "foreign-work-banner",
     "strength": "weak",
     "evidence": "Calvin's Life",
     "reason": "names 'Calvin', not the declared author 'Schaff, Philip'"
    },
    {
     "ordinal": 1843,
     "position": "middle",
     "kind": "foreign-work-banner",
     "strength": "weak",
     "evidence": "Calvin's Life",
     "reason": "names 'Calvin', not the declared author 'Schaff, Philip'"
    },
    {
     "ordinal": 1844,
     "position": "middle",
     "kind": "foreign-work-banner",
     "strength": "weak",
     "evidence": "Calvin's Life",
     "reason": "names 'Calvin', not the declared author 'Schaff, Philip'"
    },
    {
     "ordinal": 1845,
     "position": "middle",
     "kind": "foreign-work-banner",
     "strength": "weak",
     "evidence": "Calvin's Life",
     "reason": "names 'Calvin', not the declared author 'Schaff, Philip'"
    },
    {
     "ordinal": 1846,
     "position": "middle",
     "kind": "foreign-work-banner",
     "strength": "weak",
     "evidence": "Calvin's Life",
     "reason": "names 'Calvin', not the declared author 'Schaff, Philip'"
    },
    {
     "ordinal": 1847,
     "position": "middle",
     "kind": "foreign-work-banner",
     "strength": "weak",
     "evidence": "Calvin's Life",
     "reason": "names 'Calvin', not the declared author 'Schaff, Philip'"
    },
    {
     "ordinal": 1848,
     "position": "middle",
     "kind": "foreign-work-banner",
     "strength": "weak",
     "evidence": "Calvin's Life",
     "reason": "names 'Calvin', not the declared author 'Schaff, Philip'"
    },
    {
     "ordinal": 1849,
     "position": "middle",
     "kind": "foreign-work-banner",
     "strength": "weak",
     "evidence": "Calvin's Life",
     "reason": "names 'Calvin', not the declared author 'Schaff, Philip'"
    },
    {
     "ordinal": 1850,
     "position": "middle",
     "kind": "foreign-work-banner",
     "strength": "weak",
     "evidence": "Calvin's Life",
     "reason": "names 'Calvin', not the declared author 'Schaff, Philip'"
    },
    {
     "ordinal": 1851,
     "position": "middle",
     "kind": "foreign-work-banner",
     "strength": "weak",
     "evidence": "Calvin's Life",
     "reason": "names 'Calvin', not the declared author 'Schaff, Philip'"
    },
    {
     "ordinal": 1852,
     "position": "middle",
     "kind": "foreign-work-banner",
     "strength": "weak",
     "evidence": "Calvin's Life",
     "reason": "names 'Calvin', not the declared author 'Schaff, Philip'"
    },
    {
     "ordinal": 1853,
     "position": "middle",
     "kind": "foreign-work-banner",
     "strength": "weak",
     "evidence": "Calvin's Life",
     "reason": "names 'Calvin', not the declared author 'Schaff, Philip'"
    },
    {
     "ordinal": 1854,
     "position": "middle",
     "kind": "foreign-work-banner",
     "strength": "weak",
     "evidence": "Calvin's Life",
     "reason": "names 'Calvin', not the declared author 'Schaff, Philip'"
    },
    {
     "ordinal": 1855,
     "position": "middle",
     "kind": "foreign-work-banner",
     "strength": "weak",
     "evidence": "Calvin's Life",
     "reason": "names 'Calvin', not the declared author 'Schaff, Philip'"
    },
    {
     "ordinal": 1856,
     "position": "middle",
     "kind": "foreign-work-banner",
     "strength": "weak",
     "evidence": "Calvin's Life",
     "reason": "names 'Calvin', not the declared author 'Schaff, Philip'"
    },
    {
     "ordinal": 1857,
     "position": "middle",
     "kind": "foreign-work-banner",
     "strength": "weak",
     "evidence": "Calvin's Life",
     "reason": "names 'Calvin', not the declared author 'Schaff, Philip'"
    },
    {
     "ordinal": 1858,
     "position": "middle",
     "kind": "foreign-work-banner",
     "strength": "weak",
     "evidence": "Calvin's Life",
     "reason": "names 'Calvin', not the declared author 'Schaff, Philip'"
    },
    {
     "ordinal": 1859,
     "position": "middle",
     "kind": "foreign-work-banner",
     "strength": "weak",
     "evidence": "Calvin's Life",
     "reason": "names 'Calvin', not the declared author 'Schaff, Philip'"
    },
    {
     "ordinal": 1860,
     "position": "middle",
     "kind": "foreign-work-banner",
     "strength": "weak",
     "evidence": "Calvin's Life",
     "reason": "names 'Calvin', not the declared author 'Schaff, Philip'"
    },
    {
     "ordinal": 1861,
     "position": "middle",
     "kind": "foreign-work-banner",
     "strength": "weak",
     "evidence": "Calvin's Life",
     "reason": "names 'Calvin', not the declared author 'Schaff, Philip'"
    },
    {
     "ordinal": 1862,
     "position": "middle",
     "kind": "foreign-work-banner",
     "strength": "weak",
     "evidence": "Calvin's Life",
     "reason": "names 'Calvin', not the declared author 'Schaff, Philip'"
    },
    {
     "ordinal": 1863,
     "position": "middle",
     "kind": "foreign-work-banner",
     "strength": "weak",
     "evidence": "Calvin's Life",
     "reason": "names 'Calvin', not the declared author 'Schaff, Philip'"
    },
    {
     "ordinal": 1864,
     "position": "middle",
     "kind": "foreign-work-banner",
     "strength": "weak",
     "evidence": "Calvin's Life",
     "reason": "names 'Calvin', not the declared author 'Schaff, Philip'"
    },
    {
     "ordinal": 1865,
     "position": "middle",
     "kind": "foreign-work-banner",
     "strength": "weak",
     "evidence": "Calvin's Life",
     "reason": "names 'Calvin', not the declared author 'Schaff, Philip'"
    },
    {
     "ordinal": 1866,
     "position": "middle",
     "kind": "foreign-work-banner",
     "strength": "weak",
     "evidence": "Calvin's Life",
     "reason": "names 'Calvin', not the declared author 'Schaff, Philip'"
    },
    {
     "ordinal": 1867,
     "position": "middle",
     "kind": "foreign-work-banner",
     "strength": "weak",
     "evidence": "Calvin's Life",
     "reason": "names 'Calvin', not the declared author 'Schaff, Philip'"
    },
    {
     "ordinal": 1868,
     "position": "middle",
     "kind": "foreign-work-banner",
     "strength": "weak",
     "evidence": "Calvin's Life",
     "reason": "names 'Calvin', not the declared author 'Schaff, Philip'"
    },
    {
     "ordinal": 1869,
     "position": "middle",
     "kind": "foreign-work-banner",
     "strength": "weak",
     "evidence": "Calvin's Life",
     "reason": "names 'Calvin', not the declared author 'Schaff, Philip'"
    },
    {
     "ordinal": 1870,
     "position": "middle",
     "kind": "foreign-work-banner",
     "strength": "weak",
     "evidence": "Calvin's Life",
     "reason": "names 'Calvin', not the declared author 'Schaff, Philip'"
    },
    {
     "ordinal": 1871,
     "position": "middle",
     "kind": "foreign-work-banner",
     "strength": "weak",
     "evidence": "Calvin's Life",
     "reason": "names 'Calvin', not the declared author 'Schaff, Philip'"
    },
    {
     "ordinal": 1872,
     "position": "middle",
     "kind": "foreign-work-banner",
     "strength": "weak",
     "evidence": "Calvin's Life",
     "reason": "names 'Calvin', not the declared author 'Schaff, Philip'"
    },
    {
     "ordinal": 1873,
     "position": "middle",
     "kind": "foreign-work-banner",
     "strength": "weak",
     "evidence": "Calvin's Life",
     "reason": "names 'Calvin', not the declared author 'Schaff, Philip'"
    },
    {
     "ordinal": 1874,
     "position": "middle",
     "kind": "foreign-work-banner",
     "strength": "weak",
     "evidence": "Calvin's Life",
     "reason": "names 'Calvin', not the declared author 'Schaff, Philip'"
    },
    {
     "ordinal": 1875,
     "position": "middle",
     "kind": "foreign-work-banner",
     "strength": "weak",
     "evidence": "Calvin's Life",
     "reason": "names 'Calvin', not the declared author 'Schaff, Philip'"
    },
    {
     "ordinal": 1876,
     "position": "middle",
     "kind": "foreign-work-banner",
     "strength": "weak",
     "evidence": "Calvin's Life",
     "reason": "names 'Calvin', not the declared author 'Schaff, Philip'"
    },
    {
     "ordinal": 1877,
     "position": "middle",
     "kind": "foreign-work-banner",
     "strength": "weak",
     "evidence": "Calvin's Life",
     "reason": "names 'Calvin', not the declared author 'Schaff, Philip'"
    },
    {
     "ordinal": 1878,
     "position": "middle",
     "kind": "foreign-work-banner",
     "strength": "weak",
     "evidence": "Calvin's Life",
     "reason": "names 'Calvin', not the declared author 'Schaff, Philip'"
    },
    {
     "ordinal": 1879,
     "position": "middle",
     "kind": "foreign-work-banner",
     "strength": "weak",
     "evidence": "Calvin's Life",
     "reason": "names 'Calvin', not the declared author 'Schaff, Philip'"
    },
    {
     "ordinal": 1880,
     "position": "middle",
     "kind": "foreign-work-banner",
     "strength": "weak",
     "evidence": "Calvin's Life",
     "reason": "names 'Calvin', not the declared author 'Schaff, Philip'"
    },
    {
     "ordinal": 1883,
     "position": "middle",
     "kind": "foreign-work-banner",
     "strength": "weak",
     "evidence": "Life of\nCalvin",
     "reason": "names 'Calvin', not the declared author 'Schaff, Philip'"
    },
    {
     "ordinal": 1884,
     "position": "middle",
     "kind": "foreign-work-banner",
     "strength": "weak",
     "evidence": "Life of Beza",
     "reason": "names 'Beza', not the declared author 'Schaff, Philip'"
    },
    {
     "ordinal": 1885,
     "position": "middle",
     "kind": "foreign-work-banner",
     "strength": "weak",
     "evidence": "Life of Beza",
     "reason": "names 'Beza', not the declared author 'Schaff, Philip'"
    },
    {
     "ordinal": 1886,
     "position": "middle",
     "kind": "foreign-work-banner",
     "strength": "weak",
     "evidence": "Life of Beza",
     "reason": "names 'Beza', not the declared author 'Schaff, Philip'"
    },
    {
     "ordinal": 1887,
     "position": "middle",
     "kind": "foreign-work-banner",
     "strength": "weak",
     "evidence": "Life of Beza",
     "reason": "names 'Beza', not the declared author 'Schaff, Philip'"
    },
    {
     "ordinal": 1888,
     "position": "middle",
     "kind": "foreign-work-banner",
     "strength": "weak",
     "evidence": "Life of Beza",
     "reason": "names 'Beza', not the declared author 'Schaff, Philip'"
    },
    {
     "ordinal": 1889,
     "position": "middle",
     "kind": "foreign-work-banner",
     "strength": "weak",
     "evidence": "Life of Beza",
     "reason": "names 'Beza', not the declared author 'Schaff, Philip'"
    },
    {
     "ordinal": 1890,
     "position": "middle",
     "kind": "foreign-work-banner",
     "strength": "weak",
     "evidence": "Life of Beza",
     "reason": "names 'Beza', not the declared author 'Schaff, Philip'"
    },
    {
     "ordinal": 1891,
     "position": "middle",
     "kind": "foreign-work-banner",
     "strength": "weak",
     "evidence": "Life of Beza",
     "reason": "names 'Beza', not the declared author 'Schaff, Philip'"
    },
    {
     "ordinal": 1892,
     "position": "middle",
     "kind": "foreign-work-banner",
     "strength": "weak",
     "evidence": "Life of Beza",
     "reason": "names 'Beza', not the declared author 'Schaff, Philip'"
    },
    {
     "ordinal": 1893,
     "position": "middle",
     "kind": "foreign-work-banner",
     "strength": "weak",
     "evidence": "Life of Beza",
     "reason": "names 'Beza', not the declared author 'Schaff, Philip'"
    },
    {
     "ordinal": 1938,
     "position": "middle",
     "kind": "foreign-work-banner",
     "strength": "strong",
     "evidence": "Beza’s Writings",
     "reason": "names 'Beza', not the declared author 'Schaff, Philip'"
    },
    {
     "ordinal": 1939,
     "position": "middle",
     "kind": "foreign-work-banner",
     "strength": "weak",
     "evidence": "Beza's Writings",
     "reason": "names 'Beza', not the declared author 'Schaff, Philip'"
    },
    {
     "ordinal": 1940,
     "position": "middle",
     "kind": "foreign-work-banner",
     "strength": "weak",
     "evidence": "Beza's Writings",
     "reason": "names 'Beza', not the declared author 'Schaff, Philip'"
    },
    {
     "ordinal": 1941,
     "position": "middle",
     "kind": "foreign-work-banner",
     "strength": "weak",
     "evidence": "Beza's Writings",
     "reason": "names 'Beza', not the declared author 'Schaff, Philip'"
    },
    {
     "ordinal": 1942,
     "position": "middle",
     "kind": "foreign-work-banner",
     "strength": "weak",
     "evidence": "Beza's Writings",
     "reason": "names 'Beza', not the declared author 'Schaff, Philip'"
    },
    {
     "ordinal": 1943,
     "position": "middle",
     "kind": "foreign-work-banner",
     "strength": "weak",
     "evidence": "Beza's Writings",
     "reason": "names 'Beza', not the declared author 'Schaff, Philip'"
    },
    {
     "ordinal": 1944,
     "position": "middle",
     "kind": "foreign-work-banner",
     "strength": "weak",
     "evidence": "Beza's Writings",
     "reason": "names 'Beza', not the declared author 'Schaff, Philip'"
    },
    {
     "ordinal": 1945,
     "position": "middle",
     "kind": "foreign-work-banner",
     "strength": "weak",
     "evidence": "Beza's Writings",
     "reason": "names 'Beza', not the declared author 'Schaff, Philip'"
    },
    {
     "ordinal": 1946,
     "position": "middle",
     "kind": "foreign-work-banner",
     "strength": "weak",
     "evidence": "Beza's Writings",
     "reason": "names 'Beza', not the declared author 'Schaff, Philip'"
    },
    {
     "ordinal": 1947,
     "position": "middle",
     "kind": "foreign-work-banner",
     "strength": "weak",
     "evidence": "Beza's Writings",
     "reason": "names 'Beza', not the declared author 'Schaff, Philip'"
    },
    {
     "ordinal": 1972,
     "position": "middle",
     "kind": "word-index-title",
     "strength": "strong",
     "evidence": "Indexes — Greek Words and Phrases",
     "reason": null
    },
    {
     "ordinal": 1973,
     "position": "middle",
     "kind": "word-index-title",
     "strength": "strong",
     "evidence": "Indexes — German Words and Phrases (1/49)",
     "reason": null
    },
    {
     "ordinal": 1974,
     "position": "middle",
     "kind": "word-index-title",
     "strength": "strong",
     "evidence": "Indexes — German Words and Phrases (2/49)",
     "reason": null
    },
    {
     "ordinal": 1975,
     "position": "middle",
     "kind": "word-index-title",
     "strength": "strong",
     "evidence": "Indexes — German Words and Phrases (3/49)",
     "reason": null
    },
    {
     "ordinal": 1976,
     "position": "middle",
     "kind": "word-index-title",
     "strength": "strong",
     "evidence": "Indexes — German Words and Phrases (4/49)",
     "reason": null
    },
    {
     "ordinal": 1977,
     "position": "middle",
     "kind": "word-index-title",
     "strength": "strong",
     "evidence": "Indexes — German Words and Phrases (5/49)",
     "reason": null
    },
    {
     "ordinal": 1978,
     "position": "middle",
     "kind": "word-index-title",
     "strength": "strong",
     "evidence": "Indexes — German Words and Phrases (6/49)",
     "reason": null
    },
    {
     "ordinal": 1979,
     "position": "middle",
     "kind": "word-index-title",
     "strength": "strong",
     "evidence": "Indexes — German Words and Phrases (7/49)",
     "reason": null
    },
    {
     "ordinal": 1980,
     "position": "middle",
     "kind": "word-index-title",
     "strength": "strong",
     "evidence": "Indexes — German Words and Phrases (8/49)",
     "reason": null
    },
    {
     "ordinal": 1981,
     "position": "middle",
     "kind": "word-index-title",
     "strength": "strong",
     "evidence": "Indexes — German Words and Phrases (9/49)",
     "reason": null
    },
    {
     "ordinal": 1982,
     "position": "middle",
     "kind": "word-index-title",
     "strength": "strong",
     "evidence": "Indexes — German Words and Phrases (10/49)",
     "reason": null
    },
    {
     "ordinal": 1983,
     "position": "middle",
     "kind": "word-index-title",
     "strength": "strong",
     "evidence": "Indexes — German Words and Phrases (11/49)",
     "reason": null
    },
    {
     "ordinal": 1984,
     "position": "middle",
     "kind": "word-index-title",
     "strength": "strong",
     "evidence": "Indexes — German Words and Phrases (12/49)",
     "reason": null
    },
    {
     "ordinal": 1985,
     "position": "middle",
     "kind": "word-index-title",
     "strength": "strong",
     "evidence": "Indexes — German Words and Phrases (13/49)",
     "reason": null
    },
    {
     "ordinal": 1986,
     "position": "middle",
     "kind": "word-index-title",
     "strength": "strong",
     "evidence": "Indexes — German Words and Phrases (14/49)",
     "reason": null
    },
    {
     "ordinal": 1987,
     "position": "middle",
     "kind": "word-index-title",
     "strength": "strong",
     "evidence": "Indexes — German Words and Phrases (15/49)",
     "reason": null
    },
    {
     "ordinal": 1988,
     "position": "middle",
     "kind": "word-index-title",
     "strength": "strong",
     "evidence": "Indexes — German Words and Phrases (16/49)",
     "reason": null
    },
    {
     "ordinal": 1989,
     "position": "middle",
     "kind": "word-index-title",
     "strength": "strong",
     "evidence": "Indexes — German Words and Phrases (17/49)",
     "reason": null
    },
    {
     "ordinal": 1990,
     "position": "middle",
     "kind": "word-index-title",
     "strength": "strong",
     "evidence": "Indexes — German Words and Phrases (18/49)",
     "reason": null
    },
    {
     "ordinal": 1991,
     "position": "middle",
     "kind": "word-index-title",
     "strength": "strong",
     "evidence": "Indexes — German Words and Phrases (19/49)",
     "reason": null
    },
    {
     "ordinal": 1992,
     "position": "middle",
     "kind": "word-index-title",
     "strength": "strong",
     "evidence": "Indexes — German Words and Phrases (20/49)",
     "reason": null
    },
    {
     "ordinal": 1993,
     "position": "middle",
     "kind": "word-index-title",
     "strength": "strong",
     "evidence": "Indexes — German Words and Phrases (21/49)",
     "reason": null
    },
    {
     "ordinal": 1994,
     "position": "middle",
     "kind": "word-index-title",
     "strength": "strong",
     "evidence": "Indexes — German Words and Phrases (22/49)",
     "reason": null
    },
    {
     "ordinal": 1995,
     "position": "middle",
     "kind": "word-index-title",
     "strength": "strong",
     "evidence": "Indexes — German Words and Phrases (23/49)",
     "reason": null
    },
    {
     "ordinal": 1996,
     "position": "middle",
     "kind": "word-index-title",
     "strength": "strong",
     "evidence": "Indexes — German Words and Phrases (24/49)",
     "reason": null
    },
    {
     "ordinal": 1997,
     "position": "middle",
     "kind": "word-index-title",
     "strength": "strong",
     "evidence": "Indexes — German Words and Phrases (25/49)",
     "reason": null
    },
    {
     "ordinal": 1998,
     "position": "middle",
     "kind": "word-index-title",
     "strength": "strong",
     "evidence": "Indexes — German Words and Phrases (26/49)",
     "reason": null
    },
    {
     "ordinal": 1999,
     "position": "middle",
     "kind": "word-index-title",
     "strength": "strong",
     "evidence": "Indexes — German Words and Phrases (27/49)",
     "reason": null
    },
    {
     "ordinal": 2000,
     "position": "middle",
     "kind": "word-index-title",
     "strength": "strong",
     "evidence": "Indexes — German Words and Phrases (28/49)",
     "reason": null
    },
    {
     "ordinal": 2001,
     "position": "middle",
     "kind": "word-index-title",
     "strength": "strong",
     "evidence": "Indexes — German Words and Phrases (29/49)",
     "reason": null
    },
    {
     "ordinal": 2002,
     "position": "middle",
     "kind": "word-index-title",
     "strength": "strong",
     "evidence": "Indexes — German Words and Phrases (30/49)",
     "reason": null
    },
    {
     "ordinal": 2003,
     "position": "middle",
     "kind": "word-index-title",
     "strength": "strong",
     "evidence": "Indexes — German Words and Phrases (31/49)",
     "reason": null
    },
    {
     "ordinal": 2004,
     "position": "middle",
     "kind": "word-index-title",
     "strength": "strong",
     "evidence": "Indexes — German Words and Phrases (32/49)",
     "reason": null
    },
    {
     "ordinal": 2005,
     "position": "middle",
     "kind": "word-index-title",
     "strength": "strong",
     "evidence": "Indexes — German Words and Phrases (33/49)",
     "reason": null
    },
    {
     "ordinal": 2006,
     "position": "middle",
     "kind": "word-index-title",
     "strength": "strong",
     "evidence": "Indexes — German Words and Phrases (34/49)",
     "reason": null
    },
    {
     "ordinal": 2007,
     "position": "middle",
     "kind": "word-index-title",
     "strength": "strong",
     "evidence": "Indexes — German Words and Phrases (35/49)",
     "reason": null
    },
    {
     "ordinal": 2008,
     "position": "middle",
     "kind": "word-index-title",
     "strength": "strong",
     "evidence": "Indexes — German Words and Phrases (36/49)",
     "reason": null
    },
    {
     "ordinal": 2009,
     "position": "middle",
     "kind": "word-index-title",
     "strength": "strong",
     "evidence": "Indexes — German Words and Phrases (37/49)",
     "reason": null
    },
    {
     "ordinal": 2010,
     "position": "middle",
     "kind": "word-index-title",
     "strength": "strong",
     "evidence": "Indexes — German Words and Phrases (38/49)",
     "reason": null
    },
    {
     "ordinal": 2011,
     "position": "middle",
     "kind": "word-index-title",
     "strength": "strong",
     "evidence": "Indexes — German Words and Phrases (39/49)",
     "reason": null
    },
    {
     "ordinal": 2012,
     "position": "middle",
     "kind": "word-index-title",
     "strength": "strong",
     "evidence": "Indexes — German Words and Phrases (40/49)",
     "reason": null
    },
    {
     "ordinal": 2013,
     "position": "middle",
     "kind": "word-index-title",
     "strength": "strong",
     "evidence": "Indexes — German Words and Phrases (41/49)",
     "reason": null
    },
    {
     "ordinal": 2014,
     "position": "middle",
     "kind": "word-index-title",
     "strength": "strong",
     "evidence": "Indexes — German Words and Phrases (42/49)",
     "reason": null
    },
    {
     "ordinal": 2015,
     "position": "middle",
     "kind": "word-index-title",
     "strength": "strong",
     "evidence": "Indexes — German Words and Phrases (43/49)",
     "reason": null
    },
    {
     "ordinal": 2016,
     "position": "middle",
     "kind": "word-index-title",
     "strength": "strong",
     "evidence": "Indexes — German Words and Phrases (44/49)",
     "reason": null
    },
    {
     "ordinal": 2017,
     "position": "middle",
     "kind": "word-index-title",
     "strength": "strong",
     "evidence": "Indexes — German Words and Phrases (45/49)",
     "reason": null
    },
    {
     "ordinal": 2018,
     "position": "middle",
     "kind": "word-index-title",
     "strength": "strong",
     "evidence": "Indexes — German Words and Phrases (46/49)",
     "reason": null
    },
    {
     "ordinal": 2019,
     "position": "middle",
     "kind": "word-index-title",
     "strength": "strong",
     "evidence": "Indexes — German Words and Phrases (47/49)",
     "reason": null
    },
    {
     "ordinal": 2020,
     "position": "middle",
     "kind": "word-index-title",
     "strength": "strong",
     "evidence": "Indexes — German Words and Phrases (48/49)",
     "reason": null
    },
    {
     "ordinal": 2021,
     "position": "middle",
     "kind": "word-index-title",
     "strength": "strong",
     "evidence": "Indexes — German Words and Phrases (49/49)",
     "reason": null
    },
    {
     "ordinal": 2022,
     "position": "middle",
     "kind": "word-index-title",
     "strength": "strong",
     "evidence": "Indexes — French Words and Phrases (1/32)",
     "reason": null
    },
    {
     "ordinal": 2023,
     "position": "middle",
     "kind": "word-index-title",
     "strength": "strong",
     "evidence": "Indexes — French Words and Phrases (2/32)",
     "reason": null
    },
    {
     "ordinal": 2024,
     "position": "middle",
     "kind": "word-index-title",
     "strength": "strong",
     "evidence": "Indexes — French Words and Phrases (3/32)",
     "reason": null
    },
    {
     "ordinal": 2025,
     "position": "middle",
     "kind": "word-index-title",
     "strength": "strong",
     "evidence": "Indexes — French Words and Phrases (4/32)",
     "reason": null
    },
    {
     "ordinal": 2026,
     "position": "middle",
     "kind": "word-index-title",
     "strength": "strong",
     "evidence": "Indexes — French Words and Phrases (5/32)",
     "reason": null
    },
    {
     "ordinal": 2027,
     "position": "middle",
     "kind": "word-index-title",
     "strength": "strong",
     "evidence": "Indexes — French Words and Phrases (6/32)",
     "reason": null
    },
    {
     "ordinal": 2028,
     "position": "middle",
     "kind": "word-index-title",
     "strength": "strong",
     "evidence": "Indexes — French Words and Phrases (7/32)",
     "reason": null
    },
    {
     "ordinal": 2029,
     "position": "middle",
     "kind": "word-index-title",
     "strength": "strong",
     "evidence": "Indexes — French Words and Phrases (8/32)",
     "reason": null
    },
    {
     "ordinal": 2030,
     "position": "middle",
     "kind": "word-index-title",
     "strength": "strong",
     "evidence": "Indexes — French Words and Phrases (9/32)",
     "reason": null
    },
    {
     "ordinal": 2031,
     "position": "middle",
     "kind": "word-index-title",
     "strength": "strong",
     "evidence": "Indexes — French Words and Phrases (10/32)",
     "reason": null
    },
    {
     "ordinal": 2032,
     "position": "middle",
     "kind": "word-index-title",
     "strength": "strong",
     "evidence": "Indexes — French Words and Phrases (11/32)",
     "reason": null
    },
    {
     "ordinal": 2033,
     "position": "middle",
     "kind": "word-index-title",
     "strength": "strong",
     "evidence": "Indexes — French Words and Phrases (12/32)",
     "reason": null
    },
    {
     "ordinal": 2034,
     "position": "middle",
     "kind": "word-index-title",
     "strength": "strong",
     "evidence": "Indexes — French Words and Phrases (13/32)",
     "reason": null
    },
    {
     "ordinal": 2035,
     "position": "middle",
     "kind": "word-index-title",
     "strength": "strong",
     "evidence": "Indexes — French Words and Phrases (14/32)",
     "reason": null
    },
    {
     "ordinal": 2036,
     "position": "middle",
     "kind": "word-index-title",
     "strength": "strong",
     "evidence": "Indexes — French Words and Phrases (15/32)",
     "reason": null
    },
    {
     "ordinal": 2037,
     "position": "middle",
     "kind": "word-index-title",
     "strength": "strong",
     "evidence": "Indexes — French Words and Phrases (16/32)",
     "reason": null
    },
    {
     "ordinal": 2038,
     "position": "middle",
     "kind": "word-index-title",
     "strength": "strong",
     "evidence": "Indexes — French Words and Phrases (17/32)",
     "reason": null
    },
    {
     "ordinal": 2039,
     "position": "middle",
     "kind": "word-index-title",
     "strength": "strong",
     "evidence": "Indexes — French Words and Phrases (18/32)",
     "reason": null
    },
    {
     "ordinal": 2040,
     "position": "middle",
     "kind": "word-index-title",
     "strength": "strong",
     "evidence": "Indexes — French Words and Phrases (19/32)",
     "reason": null
    },
    {
     "ordinal": 2041,
     "position": "middle",
     "kind": "word-index-title",
     "strength": "strong",
     "evidence": "Indexes — French Words and Phrases (20/32)",
     "reason": null
    },
    {
     "ordinal": 2042,
     "position": "tail",
     "kind": "word-index-title",
     "strength": "strong",
     "evidence": "Indexes — French Words and Phrases (21/32)",
     "reason": null
    },
    {
     "ordinal": 2043,
     "position": "tail",
     "kind": "word-index-title",
     "strength": "strong",
     "evidence": "Indexes — French Words and Phrases (22/32)",
     "reason": null
    },
    {
     "ordinal": 2044,
     "position": "tail",
     "kind": "word-index-title",
     "strength": "strong",
     "evidence": "Indexes — French Words and Phrases (23/32)",
     "reason": null
    },
    {
     "ordinal": 2045,
     "position": "tail",
     "kind": "word-index-title",
     "strength": "strong",
     "evidence": "Indexes — French Words and Phrases (24/32)",
     "reason": null
    },
    {
     "ordinal": 2046,
     "position": "tail",
     "kind": "word-index-title",
     "strength": "strong",
     "evidence": "Indexes — French Words and Phrases (25/32)",
     "reason": null
    },
    {
     "ordinal": 2047,
     "position": "tail",
     "kind": "word-index-title",
     "strength": "strong",
     "evidence": "Indexes — French Words and Phrases (26/32)",
     "reason": null
    },
    {
     "ordinal": 2048,
     "position": "tail",
     "kind": "word-index-title",
     "strength": "strong",
     "evidence": "Indexes — French Words and Phrases (27/32)",
     "reason": null
    },
    {
     "ordinal": 2049,
     "position": "tail",
     "kind": "word-index-title",
     "strength": "strong",
     "evidence": "Indexes — French Words and Phrases (28/32)",
     "reason": null
    },
    {
     "ordinal": 2050,
     "position": "tail",
     "kind": "word-index-title",
     "strength": "strong",
     "evidence": "Indexes — French Words and Phrases (29/32)",
     "reason": null
    },
    {
     "ordinal": 2051,
     "position": "tail",
     "kind": "word-index-title",
     "strength": "strong",
     "evidence": "Indexes — French Words and Phrases (30/32)",
     "reason": null
    },
    {
     "ordinal": 2052,
     "position": "tail",
     "kind": "word-index-title",
     "strength": "strong",
     "evidence": "Indexes — French Words and Phrases (31/32)",
     "reason": null
    },
    {
     "ordinal": 2053,
     "position": "tail",
     "kind": "word-index-title",
     "strength": "strong",
     "evidence": "Indexes — French Words and Phrases (32/32)",
     "reason": null
    }
   ]
  },
  {
   "slug": "schaff-npnf106",
   "verdict": "PASS",
   "author": "Schaff, Philip",
   "scanned": 198,
   "findings": []
  },
  {
   "slug": "schaff-npnf107",
   "verdict": "PASS",
   "author": "Schaff, Philip",
   "scanned": 143,
   "findings": []
  },
  {
   "slug": "schaff-npnf108",
   "verdict": "PASS",
   "author": "Schaff, Philip",
   "scanned": 7,
   "findings": []
  },
  {
   "slug": "schaff-npnf109",
   "verdict": "FAIL",
   "author": "Schaff, Philip",
   "scanned": 14,
   "findings": [
    {
     "ordinal": 1,
     "position": "head",
     "kind": "apparatus-title",
     "strength": "strong",
     "evidence": "Prolegomena.",
     "reason": null
    },
    {
     "ordinal": 12,
     "position": "head",
     "kind": "foreign-work-banner",
     "strength": "strong",
     "evidence": "The Writings\nof Chrysostom",
     "reason": "names 'Chrysostom', not the declared author 'Schaff, Philip'"
    }
   ]
  },
  {
   "slug": "schaff-npnf110",
   "verdict": "FAIL",
   "author": "Schaff, Philip",
   "scanned": 88,
   "findings": [
    {
     "ordinal": 3,
     "position": "head",
     "kind": "foreign-work-banner",
     "strength": "strong",
     "evidence": "Homilies of St. John\nChrysostom",
     "reason": "names 'Chrysostom', not the declared author 'Schaff, Philip'"
    }
   ]
  },
  {
   "slug": "schaff-npnf111",
   "verdict": "FAIL",
   "author": "Schaff, Philip",
   "scanned": 91,
   "findings": [
    {
     "ordinal": 58,
     "position": "middle",
     "kind": "foreign-work-banner",
     "strength": "weak",
     "evidence": "The Homilies of St. John Chrysostom",
     "reason": "names 'Chrysostom', not the declared author 'Schaff, Philip'"
    },
    {
     "ordinal": 59,
     "position": "middle",
     "kind": "apparatus-title",
     "strength": "strong",
     "evidence": "The Argument",
     "reason": null
    }
   ]
  },
  {
   "slug": "schaff-npnf112",
   "verdict": "FAIL",
   "author": "Schaff, Philip",
   "scanned": 76,
   "findings": [
    {
     "ordinal": 2,
     "position": "head",
     "kind": "apparatus-title",
     "strength": "strong",
     "evidence": "Argument.",
     "reason": null
    },
    {
     "ordinal": 47,
     "position": "middle",
     "kind": "foreign-work-banner",
     "strength": "strong",
     "evidence": "Homilies\nof St. John Chrysostom",
     "reason": "names 'Chrysostom', not the declared author 'Schaff, Philip'"
    }
   ]
  },
  {
   "slug": "schaff-npnf113",
   "verdict": "PASS",
   "author": "Schaff, Philip",
   "scanned": 6,
   "findings": []
  },
  {
   "slug": "schaff-npnf114",
   "verdict": "FAIL",
   "author": "Schaff, Philip",
   "scanned": 125,
   "findings": [
    {
     "ordinal": 1,
     "position": "head",
     "kind": "foreign-work-banner",
     "strength": "strong",
     "evidence": "Works of St. Chrysostom",
     "reason": "names 'Chrysostom', not the declared author 'Schaff, Philip'"
    },
    {
     "ordinal": 89,
     "position": "middle",
     "kind": "apparatus-title",
     "strength": "strong",
     "evidence": "Argument.",
     "reason": null
    }
   ]
  },
  {
   "slug": "schaff-npnf201",
   "verdict": "FAIL",
   "author": "Schaff, Philip",
   "scanned": 588,
   "findings": [
    {
     "ordinal": 1,
     "position": "head",
     "kind": "foreign-work-banner",
     "strength": "weak",
     "evidence": "The Life of\nEusebius",
     "reason": "names 'Eusebius', not the declared author 'Schaff, Philip'"
    },
    {
     "ordinal": 2,
     "position": "head",
     "kind": "foreign-work-banner",
     "strength": "strong",
     "evidence": "The Writings of\nEusebius",
     "reason": "names 'Eusebius', not the declared author 'Schaff, Philip'"
    },
    {
     "ordinal": 34,
     "position": "middle",
     "kind": "foreign-work-banner",
     "strength": "strong",
     "evidence": "The Works of Philo",
     "reason": "names 'Philo', not the declared author 'Schaff, Philip'"
    },
    {
     "ordinal": 58,
     "position": "middle",
     "kind": "foreign-work-banner",
     "strength": "strong",
     "evidence": "The Epistle of\nClement",
     "reason": "names 'Clement', not the declared author 'Schaff, Philip'"
    },
    {
     "ordinal": 80,
     "position": "middle",
     "kind": "foreign-work-banner",
     "strength": "strong",
     "evidence": "The Epistle of\nClement",
     "reason": "names 'Clement', not the declared author 'Schaff, Philip'"
    },
    {
     "ordinal": 81,
     "position": "middle",
     "kind": "foreign-work-banner",
     "strength": "strong",
     "evidence": "The Writings of\nPapias",
     "reason": "names 'Papias', not the declared author 'Schaff, Philip'"
    },
    {
     "ordinal": 90,
     "position": "middle",
     "kind": "foreign-work-banner",
     "strength": "strong",
     "evidence": "The Epistle of Adrian",
     "reason": "names 'Adrian', not the declared author 'Schaff, Philip'"
    },
    {
     "ordinal": 93,
     "position": "middle",
     "kind": "foreign-work-banner",
     "strength": "strong",
     "evidence": "The Apology of Justin",
     "reason": "names 'Justin', not the declared author 'Schaff, Philip'"
    },
    {
     "ordinal": 94,
     "position": "middle",
     "kind": "foreign-work-banner",
     "strength": "strong",
     "evidence": "The Epistle of\nAntoninus",
     "reason": "names 'Antoninus', not the declared author 'Schaff, Philip'"
    },
    {
     "ordinal": 99,
     "position": "middle",
     "kind": "foreign-work-banner",
     "strength": "strong",
     "evidence": "The Works of Justin",
     "reason": "names 'Justin', not the declared author 'Schaff, Philip'"
    },
    {
     "ordinal": 131,
     "position": "middle",
     "kind": "foreign-work-banner",
     "strength": "strong",
     "evidence": "The Writings of\nIren",
     "reason": "names 'Iren', not the declared author 'Schaff, Philip'"
    },
    {
     "ordinal": 137,
     "position": "middle",
     "kind": "foreign-work-banner",
     "strength": "strong",
     "evidence": "Works\nof Iren",
     "reason": "names 'Iren', not the declared author 'Schaff, Philip'"
    },
    {
     "ordinal": 138,
     "position": "middle",
     "kind": "foreign-work-banner",
     "strength": "strong",
     "evidence": "The Works of Others",
     "reason": "names 'Others', not the declared author 'Schaff, Philip'"
    },
    {
     "ordinal": 152,
     "position": "middle",
     "kind": "foreign-work-banner",
     "strength": "strong",
     "evidence": "The Writings of\nClement",
     "reason": "names 'Clement', not the declared author 'Schaff, Philip'"
    },
    {
     "ordinal": 161,
     "position": "middle",
     "kind": "foreign-work-banner",
     "strength": "strong",
     "evidence": "The Works of Hippolytus",
     "reason": "names 'Hippolytus', not the declared author 'Schaff, Philip'"
    },
    {
     "ordinal": 175,
     "position": "middle",
     "kind": "foreign-work-banner",
     "strength": "strong",
     "evidence": "Works of\nOrigen",
     "reason": "names 'Origen', not the declared author 'Schaff, Philip'"
    },
    {
     "ordinal": 184,
     "position": "middle",
     "kind": "foreign-work-banner",
     "strength": "strong",
     "evidence": "Epistle of Dionysius",
     "reason": "names 'Dionysius', not the declared author 'Schaff, Philip'"
    },
    {
     "ordinal": 185,
     "position": "middle",
     "kind": "foreign-work-banner",
     "strength": "strong",
     "evidence": "Epistles of\nDionysius",
     "reason": "names 'Dionysius', not the declared author 'Schaff, Philip'"
    },
    {
     "ordinal": 205,
     "position": "middle",
     "kind": "foreign-work-banner",
     "strength": "strong",
     "evidence": "Epistles of Dionysius",
     "reason": "names 'Dionysius', not the declared author 'Schaff, Philip'"
    },
    {
     "ordinal": 211,
     "position": "middle",
     "kind": "foreign-work-banner",
     "strength": "strong",
     "evidence": "The Epistles of\nDionysius",
     "reason": "names 'Dionysius', not the declared author 'Schaff, Philip'"
    },
    {
     "ordinal": 227,
     "position": "middle",
     "kind": "foreign-work-banner",
     "strength": "strong",
     "evidence": "The Writings of\nPhileas",
     "reason": "names 'Phileas', not the declared author 'Schaff, Philip'"
    },
    {
     "ordinal": 268,
     "position": "middle",
     "kind": "apparatus-title",
     "strength": "strong",
     "evidence": "Prolegomena.",
     "reason": null
    },
    {
     "ordinal": 478,
     "position": "middle",
     "kind": "foreign-work-banner",
     "strength": "strong",
     "evidence": "Letter of Constantine Augustus",
     "reason": "names 'Augustus', not the declared author 'Schaff, Philip'"
    },
    {
     "ordinal": 550,
     "position": "middle",
     "kind": "foreign-work-banner",
     "strength": "weak",
     "evidence": "Works of Creation",
     "reason": "names 'Creation', not the declared author 'Schaff, Philip'"
    },
    {
     "ordinal": 558,
     "position": "middle",
     "kind": "foreign-work-banner",
     "strength": "weak",
     "evidence": "Life of Virtue",
     "reason": "names 'Virtue', not the declared author 'Schaff, Philip'"
    },
    {
     "ordinal": 567,
     "position": "middle",
     "kind": "foreign-work-banner",
     "strength": "weak",
     "evidence": "Life of Virtue",
     "reason": "names 'Virtue', not the declared author 'Schaff, Philip'"
    }
   ]
  },
  {
   "slug": "schaff-npnf202",
   "verdict": "FAIL",
   "author": "Schaff, Philip",
   "scanned": 495,
   "findings": [
    {
     "ordinal": 41,
     "position": "middle",
     "kind": "foreign-work-banner",
     "strength": "strong",
     "evidence": "Letter of\nConstantine",
     "reason": "names 'Constantine', not the declared author 'Schaff, Philip'"
    },
    {
     "ordinal": 287,
     "position": "middle",
     "kind": "foreign-work-banner",
     "strength": "strong",
     "evidence": "Writings of\nArius",
     "reason": "names 'Arius', not the declared author 'Schaff, Philip'"
    },
    {
     "ordinal": 302,
     "position": "middle",
     "kind": "foreign-work-banner",
     "strength": "strong",
     "evidence": "Letter of\nConstantine",
     "reason": "names 'Constantine', not the declared author 'Schaff, Philip'"
    },
    {
     "ordinal": 307,
     "position": "middle",
     "kind": "foreign-work-banner",
     "strength": "strong",
     "evidence": "Letter of Constantine",
     "reason": "names 'Constantine', not the declared author 'Schaff, Philip'"
    },
    {
     "ordinal": 313,
     "position": "middle",
     "kind": "foreign-work-banner",
     "strength": "strong",
     "evidence": "Letter of Julius",
     "reason": "names 'Julius', not the declared author 'Schaff, Philip'"
    },
    {
     "ordinal": 325,
     "position": "middle",
     "kind": "foreign-work-banner",
     "strength": "strong",
     "evidence": "Letter of Constantius",
     "reason": "names 'Constantius', not the declared author 'Schaff, Philip'"
    },
    {
     "ordinal": 326,
     "position": "middle",
     "kind": "foreign-work-banner",
     "strength": "strong",
     "evidence": "Letter of\nConstantius",
     "reason": "names 'Constantius', not the declared author 'Schaff, Philip'"
    },
    {
     "ordinal": 329,
     "position": "middle",
     "kind": "foreign-work-banner",
     "strength": "strong",
     "evidence": "Letter\nof Conciliation",
     "reason": "names 'Conciliation', not the declared author 'Schaff, Philip'"
    },
    {
     "ordinal": 366,
     "position": "middle",
     "kind": "foreign-work-banner",
     "strength": "weak",
     "evidence": "Letter of Julian",
     "reason": "names 'Julian', not the declared author 'Schaff, Philip'"
    },
    {
     "ordinal": 387,
     "position": "middle",
     "kind": "foreign-work-banner",
     "strength": "weak",
     "evidence": "The Life of Valentinian",
     "reason": "names 'Valentinian', not the declared author 'Schaff, Philip'"
    },
    {
     "ordinal": 393,
     "position": "middle",
     "kind": "foreign-work-banner",
     "strength": "weak",
     "evidence": "Letter of Valens",
     "reason": "names 'Valens', not the declared author 'Schaff, Philip'"
    }
   ]
  },
  {
   "slug": "schaff-npnf203",
   "verdict": "FAIL",
   "author": "Schaff, Philip",
   "scanned": 584,
   "findings": [
    {
     "ordinal": 3,
     "position": "head",
     "kind": "foreign-work-banner",
     "strength": "strong",
     "evidence": "The Epistle of Alexander",
     "reason": "names 'Alexander', not the declared author 'Schaff, Philip'"
    },
    {
     "ordinal": 4,
     "position": "head",
     "kind": "foreign-work-banner",
     "strength": "strong",
     "evidence": "The Letter of Arius",
     "reason": "names 'Arius', not the declared author 'Schaff, Philip'"
    },
    {
     "ordinal": 5,
     "position": "head",
     "kind": "foreign-work-banner",
     "strength": "strong",
     "evidence": "The Letter of\nEusebius",
     "reason": "names 'Eusebius', not the declared author 'Schaff, Philip'"
    },
    {
     "ordinal": 7,
     "position": "head",
     "kind": "foreign-work-banner",
     "strength": "strong",
     "evidence": "Writings of Eustathius",
     "reason": "names 'Eustathius', not the declared author 'Schaff, Philip'"
    },
    {
     "ordinal": 11,
     "position": "head",
     "kind": "foreign-work-banner",
     "strength": "weak",
     "evidence": "Letter of Eusebius",
     "reason": "names 'Eusebius', not the declared author 'Schaff, Philip'"
    },
    {
     "ordinal": 13,
     "position": "middle",
     "kind": "foreign-work-banner",
     "strength": "strong",
     "evidence": "Letter of Athanasius",
     "reason": "names 'Athanasius', not the declared author 'Schaff, Philip'"
    },
    {
     "ordinal": 15,
     "position": "middle",
     "kind": "foreign-work-banner",
     "strength": "strong",
     "evidence": "The Epistle of Constantine",
     "reason": "names 'Constantine', not the declared author 'Schaff, Philip'"
    },
    {
     "ordinal": 50,
     "position": "middle",
     "kind": "foreign-work-banner",
     "strength": "strong",
     "evidence": "The Letter of Athanasius",
     "reason": "names 'Athanasius', not the declared author 'Schaff, Philip'"
    },
    {
     "ordinal": 401,
     "position": "middle",
     "kind": "foreign-work-banner",
     "strength": "weak",
     "evidence": "Apology of Pamphilus",
     "reason": "names 'Pamphilus', not the declared author 'Schaff, Philip'"
    },
    {
     "ordinal": 488,
     "position": "middle",
     "kind": "foreign-work-banner",
     "strength": "weak",
     "evidence": "Origen's Commentaries",
     "reason": "names 'Origen', not the declared author 'Schaff, Philip'"
    }
   ]
  },
  {
   "slug": "schaff-npnf204",
   "verdict": "FAIL",
   "author": "Schaff, Philip",
   "scanned": 238,
   "findings": [
    {
     "ordinal": 1,
     "position": "head",
     "kind": "apparatus-title",
     "strength": "strong",
     "evidence": "Prolegomena.",
     "reason": null
    },
    {
     "ordinal": 7,
     "position": "head",
     "kind": "foreign-work-banner",
     "strength": "weak",
     "evidence": "Life of St. Athanasius",
     "reason": "names 'Athanasius', not the declared author 'Schaff, Philip'"
    },
    {
     "ordinal": 27,
     "position": "middle",
     "kind": "foreign-work-banner",
     "strength": "weak",
     "evidence": "Letters of Athanasius",
     "reason": "names 'Athanasius', not the declared author 'Schaff, Philip'"
    },
    {
     "ordinal": 205,
     "position": "middle",
     "kind": "foreign-work-banner",
     "strength": "strong",
     "evidence": "Letter of\nConstantius",
     "reason": "names 'Constantius', not the declared author 'Schaff, Philip'"
    }
   ]
  },
  {
   "slug": "schaff-person",
   "verdict": "FAIL",
   "author": "Schaff, Philip",
   "scanned": 512,
   "findings": [
    {
     "ordinal": 1,
     "position": "head",
     "kind": "apparatus-title",
     "strength": "strong",
     "evidence": "Title Page",
     "reason": null
    },
    {
     "ordinal": 432,
     "position": "middle",
     "kind": "foreign-work-banner",
     "strength": "weak",
     "evidence": "Discourse of Matters",
     "reason": "names 'Matters', not the declared author 'Schaff, Philip'"
    },
    {
     "ordinal": 480,
     "position": "middle",
     "kind": "word-index-title",
     "strength": "strong",
     "evidence": "Indexes — Greek Words and Phrases (1/2)",
     "reason": null
    },
    {
     "ordinal": 481,
     "position": "middle",
     "kind": "word-index-title",
     "strength": "strong",
     "evidence": "Indexes — Greek Words and Phrases (2/2)",
     "reason": null
    },
    {
     "ordinal": 482,
     "position": "middle",
     "kind": "word-index-title",
     "strength": "strong",
     "evidence": "Indexes — Latin Words and Phrases (1/2)",
     "reason": null
    },
    {
     "ordinal": 483,
     "position": "middle",
     "kind": "word-index-title",
     "strength": "strong",
     "evidence": "Indexes — Latin Words and Phrases (2/2)",
     "reason": null
    },
    {
     "ordinal": 484,
     "position": "middle",
     "kind": "word-index-title",
     "strength": "strong",
     "evidence": "Indexes — German Words and Phrases (1/4)",
     "reason": null
    },
    {
     "ordinal": 485,
     "position": "middle",
     "kind": "word-index-title",
     "strength": "strong",
     "evidence": "Indexes — German Words and Phrases (2/4)",
     "reason": null
    },
    {
     "ordinal": 486,
     "position": "middle",
     "kind": "word-index-title",
     "strength": "strong",
     "evidence": "Indexes — German Words and Phrases (3/4)",
     "reason": null
    },
    {
     "ordinal": 487,
     "position": "middle",
     "kind": "word-index-title",
     "strength": "strong",
     "evidence": "Indexes — German Words and Phrases (4/4)",
     "reason": null
    },
    {
     "ordinal": 488,
     "position": "middle",
     "kind": "word-index-title",
     "strength": "strong",
     "evidence": "Indexes — French Words and Phrases (1/22)",
     "reason": null
    },
    {
     "ordinal": 489,
     "position": "middle",
     "kind": "word-index-title",
     "strength": "strong",
     "evidence": "Indexes — French Words and Phrases (2/22)",
     "reason": null
    },
    {
     "ordinal": 490,
     "position": "middle",
     "kind": "word-index-title",
     "strength": "strong",
     "evidence": "Indexes — French Words and Phrases (3/22)",
     "reason": null
    },
    {
     "ordinal": 491,
     "position": "middle",
     "kind": "word-index-title",
     "strength": "strong",
     "evidence": "Indexes — French Words and Phrases (4/22)",
     "reason": null
    },
    {
     "ordinal": 492,
     "position": "middle",
     "kind": "word-index-title",
     "strength": "strong",
     "evidence": "Indexes — French Words and Phrases (5/22)",
     "reason": null
    },
    {
     "ordinal": 493,
     "position": "middle",
     "kind": "word-index-title",
     "strength": "strong",
     "evidence": "Indexes — French Words and Phrases (6/22)",
     "reason": null
    },
    {
     "ordinal": 494,
     "position": "middle",
     "kind": "word-index-title",
     "strength": "strong",
     "evidence": "Indexes — French Words and Phrases (7/22)",
     "reason": null
    },
    {
     "ordinal": 495,
     "position": "middle",
     "kind": "word-index-title",
     "strength": "strong",
     "evidence": "Indexes — French Words and Phrases (8/22)",
     "reason": null
    },
    {
     "ordinal": 496,
     "position": "middle",
     "kind": "word-index-title",
     "strength": "strong",
     "evidence": "Indexes — French Words and Phrases (9/22)",
     "reason": null
    },
    {
     "ordinal": 497,
     "position": "middle",
     "kind": "word-index-title",
     "strength": "strong",
     "evidence": "Indexes — French Words and Phrases (10/22)",
     "reason": null
    },
    {
     "ordinal": 498,
     "position": "middle",
     "kind": "word-index-title",
     "strength": "strong",
     "evidence": "Indexes — French Words and Phrases (11/22)",
     "reason": null
    },
    {
     "ordinal": 499,
     "position": "middle",
     "kind": "word-index-title",
     "strength": "strong",
     "evidence": "Indexes — French Words and Phrases (12/22)",
     "reason": null
    },
    {
     "ordinal": 500,
     "position": "middle",
     "kind": "word-index-title",
     "strength": "strong",
     "evidence": "Indexes — French Words and Phrases (13/22)",
     "reason": null
    },
    {
     "ordinal": 501,
     "position": "tail",
     "kind": "word-index-title",
     "strength": "strong",
     "evidence": "Indexes — French Words and Phrases (14/22)",
     "reason": null
    },
    {
     "ordinal": 502,
     "position": "tail",
     "kind": "word-index-title",
     "strength": "strong",
     "evidence": "Indexes — French Words and Phrases (15/22)",
     "reason": null
    },
    {
     "ordinal": 503,
     "position": "tail",
     "kind": "word-index-title",
     "strength": "strong",
     "evidence": "Indexes — French Words and Phrases (16/22)",
     "reason": null
    },
    {
     "ordinal": 504,
     "position": "tail",
     "kind": "word-index-title",
     "strength": "strong",
     "evidence": "Indexes — French Words and Phrases (17/22)",
     "reason": null
    },
    {
     "ordinal": 505,
     "position": "tail",
     "kind": "word-index-title",
     "strength": "strong",
     "evidence": "Indexes — French Words and Phrases (18/22)",
     "reason": null
    },
    {
     "ordinal": 506,
     "position": "tail",
     "kind": "word-index-title",
     "strength": "strong",
     "evidence": "Indexes — French Words and Phrases (19/22)",
     "reason": null
    },
    {
     "ordinal": 507,
     "position": "tail",
     "kind": "word-index-title",
     "strength": "strong",
     "evidence": "Indexes — French Words and Phrases (20/22)",
     "reason": null
    },
    {
     "ordinal": 508,
     "position": "tail",
     "kind": "word-index-title",
     "strength": "strong",
     "evidence": "Indexes — French Words and Phrases (21/22)",
     "reason": null
    },
    {
     "ordinal": 509,
     "position": "tail",
     "kind": "word-index-title",
     "strength": "strong",
     "evidence": "Indexes — French Words and Phrases (22/22)",
     "reason": null
    }
   ]
  },
  {
   "slug": "scofield-crosswire",
   "verdict": "PASS",
   "author": "C.I. Scofield",
   "scanned": 3207,
   "findings": []
  },
  {
   "slug": "shepard-sabbath",
   "verdict": "PASS",
   "author": "Shepard, Thomas",
   "scanned": 1,
   "findings": []
  },
  {
   "slug": "spurgeon-catechism",
   "verdict": "PASS",
   "author": "Spurgeon, Charles Haddon",
   "scanned": 1,
   "findings": []
  },
  {
   "slug": "thayers-lexicon",
   "verdict": "PASS",
   "author": "Joseph Henry Thayer",
   "scanned": 5507,
   "findings": [
    {
     "ordinal": 2723,
     "position": "middle",
     "kind": "foreign-work-banner",
     "strength": "weak",
     "evidence": "Epistle of Barn",
     "reason": "names 'Barn', not the declared author 'Joseph Henry Thayer'"
    }
   ]
  },
  {
   "slug": "thompson-chain-reference",
   "verdict": "PASS",
   "author": "Frank Charles Thompson",
   "scanned": 1650,
   "findings": [
    {
     "ordinal": 259,
     "position": "middle",
     "kind": "foreign-work-banner",
     "strength": "weak",
     "evidence": "Lives of Goo",
     "reason": "names 'Goo', not the declared author 'Frank Charles Thompson'"
    },
    {
     "ordinal": 594,
     "position": "middle",
     "kind": "foreign-work-byline",
     "strength": "weak",
     "evidence": "By Good Works",
     "reason": "names 'Works', not the declared author 'Frank Charles Thompson'"
    },
    {
     "ordinal": 1481,
     "position": "middle",
     "kind": "foreign-work-byline",
     "strength": "weak",
     "evidence": "By Demanding Great Sacrifices",
     "reason": "names 'Sacrifices', not the declared author 'Frank Charles Thompson'"
    },
    {
     "ordinal": 1498,
     "position": "middle",
     "kind": "foreign-work-byline",
     "strength": "weak",
     "evidence": "By Youthful Piety",
     "reason": "names 'Piety', not the declared author 'Frank Charles Thompson'"
    }
   ]
  },
  {
   "slug": "tolstoy-kreutzer",
   "verdict": "PASS",
   "author": "Tolstoy, Leo Nikolayevich",
   "scanned": 1,
   "findings": []
  },
  {
   "slug": "tolstoy-maupassant",
   "verdict": "FAIL",
   "author": "Tolstoy, Leo Nikolayevich",
   "scanned": 2,
   "findings": [
    {
     "ordinal": 1,
     "position": "head",
     "kind": "foreign-work-banner",
     "strength": "strong",
     "evidence": "The Works of Guy",
     "reason": "names 'Guy', not the declared author 'Tolstoy, Leo Nikolayevich'"
    },
    {
     "ordinal": 2,
     "position": "head",
     "kind": "word-index-title",
     "strength": "strong",
     "evidence": "French Words and Phrases",
     "reason": null
    }
   ]
  },
  {
   "slug": "tulloch-religion",
   "verdict": "PASS",
   "author": "Tulloch, John",
   "scanned": 1,
   "findings": []
  },
  {
   "slug": "vanbraght-mirror",
   "verdict": "FAIL",
   "author": "Braght, Thieleman J. van",
   "scanned": 7080,
   "findings": [
    {
     "ordinal": 1,
     "position": "head",
     "kind": "apparatus-title",
     "strength": "strong",
     "evidence": "Title Page",
     "reason": null
    },
    {
     "ordinal": 53,
     "position": "middle",
     "kind": "apparatus-title",
     "strength": "weak",
     "evidence": "Contents — To The Readers in General (1/25)",
     "reason": null
    },
    {
     "ordinal": 54,
     "position": "middle",
     "kind": "apparatus-title",
     "strength": "weak",
     "evidence": "Contents — To The Readers in General (2/25)",
     "reason": null
    },
    {
     "ordinal": 55,
     "position": "middle",
     "kind": "apparatus-title",
     "strength": "weak",
     "evidence": "Contents — To The Readers in General (3/25)",
     "reason": null
    },
    {
     "ordinal": 56,
     "position": "middle",
     "kind": "apparatus-title",
     "strength": "weak",
     "evidence": "Contents — To The Readers in General (4/25)",
     "reason": null
    },
    {
     "ordinal": 57,
     "position": "middle",
     "kind": "apparatus-title",
     "strength": "weak",
     "evidence": "Contents — To The Readers in General (5/25)",
     "reason": null
    },
    {
     "ordinal": 58,
     "position": "middle",
     "kind": "apparatus-title",
     "strength": "weak",
     "evidence": "Contents — To The Readers in General (6/25)",
     "reason": null
    },
    {
     "ordinal": 59,
     "position": "middle",
     "kind": "apparatus-title",
     "strength": "weak",
     "evidence": "Contents — To The Readers in General (7/25)",
     "reason": null
    },
    {
     "ordinal": 60,
     "position": "middle",
     "kind": "apparatus-title",
     "strength": "weak",
     "evidence": "Contents — To The Readers in General (8/25)",
     "reason": null
    },
    {
     "ordinal": 61,
     "position": "middle",
     "kind": "apparatus-title",
     "strength": "weak",
     "evidence": "Contents — To The Readers in General (9/25)",
     "reason": null
    },
    {
     "ordinal": 62,
     "position": "middle",
     "kind": "apparatus-title",
     "strength": "weak",
     "evidence": "Contents — To The Readers in General (10/25)",
     "reason": null
    },
    {
     "ordinal": 63,
     "position": "middle",
     "kind": "apparatus-title",
     "strength": "weak",
     "evidence": "Contents — To The Readers in General (11/25)",
     "reason": null
    },
    {
     "ordinal": 64,
     "position": "middle",
     "kind": "apparatus-title",
     "strength": "weak",
     "evidence": "Contents — To The Readers in General (12/25)",
     "reason": null
    },
    {
     "ordinal": 65,
     "position": "middle",
     "kind": "apparatus-title",
     "strength": "weak",
     "evidence": "Contents — To The Readers in General (13/25)",
     "reason": null
    },
    {
     "ordinal": 66,
     "position": "middle",
     "kind": "apparatus-title",
     "strength": "weak",
     "evidence": "Contents — To The Readers in General (14/25)",
     "reason": null
    },
    {
     "ordinal": 67,
     "position": "middle",
     "kind": "apparatus-title",
     "strength": "weak",
     "evidence": "Contents — To The Readers in General (15/25)",
     "reason": null
    },
    {
     "ordinal": 68,
     "position": "middle",
     "kind": "apparatus-title",
     "strength": "weak",
     "evidence": "Contents — To The Readers in General (16/25)",
     "reason": null
    },
    {
     "ordinal": 69,
     "position": "middle",
     "kind": "apparatus-title",
     "strength": "weak",
     "evidence": "Contents — To The Readers in General (17/25)",
     "reason": null
    },
    {
     "ordinal": 70,
     "position": "middle",
     "kind": "apparatus-title",
     "strength": "weak",
     "evidence": "Contents — To The Readers in General (18/25)",
     "reason": null
    },
    {
     "ordinal": 71,
     "position": "middle",
     "kind": "apparatus-title",
     "strength": "weak",
     "evidence": "Contents — To The Readers in General (19/25)",
     "reason": null
    },
    {
     "ordinal": 72,
     "position": "middle",
     "kind": "apparatus-title",
     "strength": "weak",
     "evidence": "Contents — To The Readers in General (20/25)",
     "reason": null
    },
    {
     "ordinal": 73,
     "position": "middle",
     "kind": "apparatus-title",
     "strength": "weak",
     "evidence": "Contents — To The Readers in General (21/25)",
     "reason": null
    },
    {
     "ordinal": 74,
     "position": "middle",
     "kind": "apparatus-title",
     "strength": "weak",
     "evidence": "Contents — To The Readers in General (22/25)",
     "reason": null
    },
    {
     "ordinal": 75,
     "position": "middle",
     "kind": "apparatus-title",
     "strength": "weak",
     "evidence": "Contents — To The Readers in General (23/25)",
     "reason": null
    },
    {
     "ordinal": 76,
     "position": "middle",
     "kind": "apparatus-title",
     "strength": "weak",
     "evidence": "Contents — To The Readers in General (24/25)",
     "reason": null
    },
    {
     "ordinal": 77,
     "position": "middle",
     "kind": "apparatus-title",
     "strength": "weak",
     "evidence": "Contents — To The Readers in General (25/25)",
     "reason": null
    },
    {
     "ordinal": 976,
     "position": "middle",
     "kind": "foreign-work-byline",
     "strength": "weak",
     "evidence": "BY HIS HEATHEN SCHOLARS, FOR\nTHE\n\nTEST",
     "reason": "names 'SCHOLARS', not the declared author 'Braght, Thieleman J. van'"
    },
    {
     "ordinal": 1343,
     "position": "middle",
     "kind": "foreign-work-banner",
     "strength": "weak",
     "evidence": "Mehrning's History",
     "reason": "names 'Mehrning', not the declared author 'Braght, Thieleman J. van'"
    },
    {
     "ordinal": 1351,
     "position": "middle",
     "kind": "foreign-work-banner",
     "strength": "weak",
     "evidence": "Mehrning's History",
     "reason": "names 'Mehrning', not the declared author 'Braght, Thieleman J. van'"
    },
    {
     "ordinal": 1668,
     "position": "middle",
     "kind": "foreign-work-byline",
     "strength": "weak",
     "evidence": "BY THEIR INQUISITORS, AND\nACCUSERS",
     "reason": "names 'INQUISITORS', not the declared author 'Braght, Thieleman J. van'"
    },
    {
     "ordinal": 2011,
     "position": "middle",
     "kind": "foreign-work-banner",
     "strength": "weak",
     "evidence": "THE LETTER OF KING\nHENRY VI",
     "reason": "names 'HENRY', not the declared author 'Braght, Thieleman J. van'"
    },
    {
     "ordinal": 2115,
     "position": "middle",
     "kind": "foreign-work-banner",
     "strength": "weak",
     "evidence": "Mehrning's History",
     "reason": "names 'Mehrning', not the declared author 'Braght, Thieleman J. van'"
    },
    {
     "ordinal": 2799,
     "position": "middle",
     "kind": "apparatus-title",
     "strength": "weak",
     "evidence": "The contents of the",
     "reason": null
    },
    {
     "ordinal": 2823,
     "position": "middle",
     "kind": "foreign-work-banner",
     "strength": "weak",
     "evidence": "LETTER OF CONSOLATION AND\nADMONITION",
     "reason": "names 'ADMONITION', not the declared author 'Braght, Thieleman J. van'"
    },
    {
     "ordinal": 3074,
     "position": "middle",
     "kind": "foreign-work-banner",
     "strength": "weak",
     "evidence": "LETTER OF JEROME SEGERS TO",
     "reason": "names 'SEGERS', not the declared author 'Braght, Thieleman J. van'"
    },
    {
     "ordinal": 3770,
     "position": "middle",
     "kind": "foreign-work-banner",
     "strength": "weak",
     "evidence": "LETTER OF JELIS\nBERNAERTS TO",
     "reason": "names 'BERNAERTS', not the declared author 'Braght, Thieleman J. van'"
    },
    {
     "ordinal": 4252,
     "position": "middle",
     "kind": "foreign-work-banner",
     "strength": "weak",
     "evidence": "LETTER OF MATTHIAS\nSERVAES",
     "reason": "names 'SERVAES', not the declared author 'Braght, Thieleman J. van'"
    },
    {
     "ordinal": 4305,
     "position": "middle",
     "kind": "foreign-work-banner",
     "strength": "weak",
     "evidence": "LETTER OF HANS SYMONS",
     "reason": "names 'SYMONS', not the declared author 'Braght, Thieleman J. van'"
    },
    {
     "ordinal": 4611,
     "position": "middle",
     "kind": "foreign-work-banner",
     "strength": "weak",
     "evidence": "THE FIRST LETTER OF WOUTER\nDENIJS",
     "reason": "names 'DENIJS', not the declared author 'Braght, Thieleman J. van'"
    },
    {
     "ordinal": 4616,
     "position": "middle",
     "kind": "foreign-work-banner",
     "strength": "weak",
     "evidence": "THE SECOND LETTER OF WOUTER\nDENIJS AND",
     "reason": "names 'AND', not the declared author 'Braght, Thieleman J. van'"
    },
    {
     "ordinal": 4679,
     "position": "middle",
     "kind": "foreign-work-banner",
     "strength": "weak",
     "evidence": "THE FIRST LETTER OF JAN VAN HASEBROECK",
     "reason": "names 'HASEBROECK', not the declared author 'Braght, Thieleman J. van'"
    },
    {
     "ordinal": 4690,
     "position": "middle",
     "kind": "foreign-work-banner",
     "strength": "weak",
     "evidence": "THE SECOND LETTER OF JAN VAN\nHASEBROECK",
     "reason": "names 'HASEBROECK', not the declared author 'Braght, Thieleman J. van'"
    },
    {
     "ordinal": 4699,
     "position": "middle",
     "kind": "foreign-work-banner",
     "strength": "weak",
     "evidence": "THE THIRD LETTER OF JAN VAN\nHASEBROECK",
     "reason": "names 'HASEBROECK', not the declared author 'Braght, Thieleman J. van'"
    },
    {
     "ordinal": 4864,
     "position": "middle",
     "kind": "foreign-work-banner",
     "strength": "weak",
     "evidence": "THE SECOND LETTER OF JACOB\nTAE CHANDLER",
     "reason": "names 'CHANDLER', not the declared author 'Braght, Thieleman J. van'"
    },
    {
     "ordinal": 4927,
     "position": "middle",
     "kind": "foreign-work-banner",
     "strength": "strong",
     "evidence": "LETTER OF JACOB THE\nCHANDLER",
     "reason": "names 'CHANDLER', not the declared author 'Braght, Thieleman J. van'"
    },
    {
     "ordinal": 4960,
     "position": "middle",
     "kind": "foreign-work-banner",
     "strength": "weak",
     "evidence": "LETTER OF JACOB THE\nCHANDLER",
     "reason": "names 'CHANDLER', not the declared author 'Braght, Thieleman J. van'"
    },
    {
     "ordinal": 5085,
     "position": "middle",
     "kind": "foreign-work-banner",
     "strength": "weak",
     "evidence": "LETTER OF JAN QUIRIJNSS",
     "reason": "names 'QUIRIJNSS', not the declared author 'Braght, Thieleman J. van'"
    },
    {
     "ordinal": 5101,
     "position": "middle",
     "kind": "foreign-work-banner",
     "strength": "weak",
     "evidence": "LETTERS OF CLEMENT\nHENDRICKSS",
     "reason": "names 'HENDRICKSS', not the declared author 'Braght, Thieleman J. van'"
    },
    {
     "ordinal": 5110,
     "position": "middle",
     "kind": "foreign-work-banner",
     "strength": "weak",
     "evidence": "Third Letter of Clement\nHendrichss",
     "reason": "names 'Hendrichss', not the declared author 'Braght, Thieleman J. van'"
    },
    {
     "ordinal": 5195,
     "position": "middle",
     "kind": "foreign-work-banner",
     "strength": "weak",
     "evidence": "LETTER OF JOOST\nVERKINDERT",
     "reason": "names 'VERKINDERT', not the declared author 'Braght, Thieleman J. van'"
    },
    {
     "ordinal": 5203,
     "position": "middle",
     "kind": "foreign-work-banner",
     "strength": "weak",
     "evidence": "LETTER OF JOOST\nVERKINDERT",
     "reason": "names 'VERKINDERT', not the declared author 'Braght, Thieleman J. van'"
    },
    {
     "ordinal": 5215,
     "position": "middle",
     "kind": "foreign-work-banner",
     "strength": "weak",
     "evidence": "LETTER OF JOOST\nVERKINDERT",
     "reason": "names 'VERKINDERT', not the declared author 'Braght, Thieleman J. van'"
    },
    {
     "ordinal": 5235,
     "position": "middle",
     "kind": "foreign-work-banner",
     "strength": "strong",
     "evidence": "LETTER OF JOOST\nVERKINDERT WRIT",
     "reason": "names 'WRIT', not the declared author 'Braght, Thieleman J. van'"
    },
    {
     "ordinal": 5241,
     "position": "middle",
     "kind": "foreign-work-banner",
     "strength": "weak",
     "evidence": "LETTER OF JOOST\nVERKINDERT",
     "reason": "names 'VERKINDERT', not the declared author 'Braght, Thieleman J. van'"
    },
    {
     "ordinal": 5246,
     "position": "middle",
     "kind": "foreign-work-banner",
     "strength": "weak",
     "evidence": "LETTER OF JOOST\nVERKINDERT",
     "reason": "names 'VERKINDERT', not the declared author 'Braght, Thieleman J. van'"
    },
    {
     "ordinal": 5261,
     "position": "middle",
     "kind": "foreign-work-banner",
     "strength": "strong",
     "evidence": "LETTER OF JOOST\nVERKINDERT",
     "reason": "names 'VERKINDERT', not the declared author 'Braght, Thieleman J. van'"
    },
    {
     "ordinal": 5270,
     "position": "middle",
     "kind": "foreign-work-banner",
     "strength": "weak",
     "evidence": "THE FIRST LETTER OF HANSKEN\nVAN DEN",
     "reason": "names 'DEN', not the declared author 'Braght, Thieleman J. van'"
    },
    {
     "ordinal": 5293,
     "position": "middle",
     "kind": "foreign-work-banner",
     "strength": "weak",
     "evidence": "THE FOURTH LETTER OF HANSKEN\nVAN DEN",
     "reason": "names 'DEN', not the declared author 'Braght, Thieleman J. van'"
    },
    {
     "ordinal": 5412,
     "position": "middle",
     "kind": "foreign-work-banner",
     "strength": "strong",
     "evidence": "THE SECOND LETTER OF YDSE GAUKES",
     "reason": "names 'GAUKES', not the declared author 'Braght, Thieleman J. van'"
    },
    {
     "ordinal": 5425,
     "position": "middle",
     "kind": "foreign-work-banner",
     "strength": "strong",
     "evidence": "THE THIRD LETTER OF YDSE\nGAUKES",
     "reason": "names 'GAUKES', not the declared author 'Braght, Thieleman J. van'"
    },
    {
     "ordinal": 6253,
     "position": "middle",
     "kind": "foreign-work-banner",
     "strength": "weak",
     "evidence": "THE LETTER OF JOHN\nFOX",
     "reason": "names 'FOX', not the declared author 'Braght, Thieleman J. van'"
    },
    {
     "ordinal": 6454,
     "position": "middle",
     "kind": "foreign-work-banner",
     "strength": "weak",
     "evidence": "LETTER OF PRIVILEGE GRANTED\nBY",
     "reason": "names 'GRANTED', not the declared author 'Braght, Thieleman J. van'"
    },
    {
     "ordinal": 6544,
     "position": "middle",
     "kind": "foreign-work-banner",
     "strength": "weak",
     "evidence": "THE FIRST LETTER OF JOOST DE\nTOLLENAER",
     "reason": "names 'TOLLENAER', not the declared author 'Braght, Thieleman J. van'"
    },
    {
     "ordinal": 6951,
     "position": "middle",
     "kind": "apparatus-title",
     "strength": "strong",
     "evidence": "ADVERTISEMENT",
     "reason": null
    }
   ]
  },
  {
   "slug": "whitefield-works",
   "verdict": "PASS",
   "author": "George Whitefield",
   "scanned": 59,
   "findings": []
  },
  {
   "slug": "whyte-behmen",
   "verdict": "PASS",
   "author": "Whyte, Alexander",
   "scanned": 2,
   "findings": []
  },
  {
   "slug": "winkworth-tauler",
   "verdict": "FAIL",
   "author": "Winkworth, Catherine",
   "scanned": 731,
   "findings": [
    {
     "ordinal": 1,
     "position": "head",
     "kind": "apparatus-title",
     "strength": "strong",
     "evidence": "Title Page",
     "reason": null
    },
    {
     "ordinal": 2,
     "position": "head",
     "kind": "foreign-work-byline",
     "strength": "weak",
     "evidence": "By\n\nJohn Greenleaf Whittier",
     "reason": "names 'Whittier', not the declared author 'Winkworth, Catherine'"
    },
    {
     "ordinal": 7,
     "position": "head",
     "kind": "apparatus-title",
     "strength": "strong",
     "evidence": "Table of Contents (1/7)",
     "reason": null
    },
    {
     "ordinal": 8,
     "position": "head",
     "kind": "apparatus-title",
     "strength": "strong",
     "evidence": "Table of Contents (2/7)",
     "reason": null
    },
    {
     "ordinal": 9,
     "position": "head",
     "kind": "apparatus-title",
     "strength": "strong",
     "evidence": "Table of Contents (3/7)",
     "reason": null
    },
    {
     "ordinal": 10,
     "position": "head",
     "kind": "apparatus-title",
     "strength": "strong",
     "evidence": "Table of Contents (4/7)",
     "reason": null
    },
    {
     "ordinal": 11,
     "position": "head",
     "kind": "apparatus-title",
     "strength": "strong",
     "evidence": "Table of Contents (5/7)",
     "reason": null
    },
    {
     "ordinal": 12,
     "position": "head",
     "kind": "apparatus-title",
     "strength": "strong",
     "evidence": "Table of Contents (6/7)",
     "reason": null
    },
    {
     "ordinal": 13,
     "position": "middle",
     "kind": "apparatus-title",
     "strength": "strong",
     "evidence": "Table of Contents (7/7)",
     "reason": null
    },
    {
     "ordinal": 28,
     "position": "middle",
     "kind": "apparatus-title",
     "strength": "weak",
     "evidence": "Preface to the Original Edition (1/32)",
     "reason": null
    },
    {
     "ordinal": 29,
     "position": "middle",
     "kind": "apparatus-title",
     "strength": "weak",
     "evidence": "Preface to the Original Edition (2/32)",
     "reason": null
    },
    {
     "ordinal": 30,
     "position": "middle",
     "kind": "apparatus-title",
     "strength": "weak",
     "evidence": "Preface to the Original Edition (3/32)",
     "reason": null
    },
    {
     "ordinal": 31,
     "position": "middle",
     "kind": "apparatus-title",
     "strength": "weak",
     "evidence": "Preface to the Original Edition (4/32)",
     "reason": null
    },
    {
     "ordinal": 32,
     "position": "middle",
     "kind": "apparatus-title",
     "strength": "weak",
     "evidence": "Preface to the Original Edition (5/32)",
     "reason": null
    },
    {
     "ordinal": 33,
     "position": "middle",
     "kind": "apparatus-title",
     "strength": "weak",
     "evidence": "Preface to the Original Edition (6/32)",
     "reason": null
    },
    {
     "ordinal": 34,
     "position": "middle",
     "kind": "apparatus-title",
     "strength": "weak",
     "evidence": "Preface to the Original Edition (7/32)",
     "reason": null
    },
    {
     "ordinal": 35,
     "position": "middle",
     "kind": "apparatus-title",
     "strength": "weak",
     "evidence": "Preface to the Original Edition (8/32)",
     "reason": null
    },
    {
     "ordinal": 36,
     "position": "middle",
     "kind": "apparatus-title",
     "strength": "weak",
     "evidence": "Preface to the Original Edition (9/32)",
     "reason": null
    },
    {
     "ordinal": 37,
     "position": "middle",
     "kind": "apparatus-title",
     "strength": "weak",
     "evidence": "Preface to the Original Edition (10/32)",
     "reason": null
    },
    {
     "ordinal": 38,
     "position": "middle",
     "kind": "apparatus-title",
     "strength": "weak",
     "evidence": "Preface to the Original Edition (11/32)",
     "reason": null
    },
    {
     "ordinal": 39,
     "position": "middle",
     "kind": "apparatus-title",
     "strength": "weak",
     "evidence": "Preface to the Original Edition (12/32)",
     "reason": null
    },
    {
     "ordinal": 40,
     "position": "middle",
     "kind": "apparatus-title",
     "strength": "weak",
     "evidence": "Preface to the Original Edition (13/32)",
     "reason": null
    },
    {
     "ordinal": 41,
     "position": "middle",
     "kind": "apparatus-title",
     "strength": "weak",
     "evidence": "Preface to the Original Edition (14/32)",
     "reason": null
    },
    {
     "ordinal": 42,
     "position": "middle",
     "kind": "apparatus-title",
     "strength": "weak",
     "evidence": "Preface to the Original Edition (15/32)",
     "reason": null
    },
    {
     "ordinal": 43,
     "position": "middle",
     "kind": "apparatus-title",
     "strength": "weak",
     "evidence": "Preface to the Original Edition (16/32)",
     "reason": null
    },
    {
     "ordinal": 44,
     "position": "middle",
     "kind": "apparatus-title",
     "strength": "weak",
     "evidence": "Preface to the Original Edition (17/32)",
     "reason": null
    },
    {
     "ordinal": 45,
     "position": "middle",
     "kind": "apparatus-title",
     "strength": "weak",
     "evidence": "Preface to the Original Edition (18/32)",
     "reason": null
    },
    {
     "ordinal": 46,
     "position": "middle",
     "kind": "apparatus-title",
     "strength": "weak",
     "evidence": "Preface to the Original Edition (19/32)",
     "reason": null
    },
    {
     "ordinal": 47,
     "position": "middle",
     "kind": "apparatus-title",
     "strength": "weak",
     "evidence": "Preface to the Original Edition (20/32)",
     "reason": null
    },
    {
     "ordinal": 48,
     "position": "middle",
     "kind": "apparatus-title",
     "strength": "weak",
     "evidence": "Preface to the Original Edition (21/32)",
     "reason": null
    },
    {
     "ordinal": 49,
     "position": "middle",
     "kind": "apparatus-title",
     "strength": "weak",
     "evidence": "Preface to the Original Edition (22/32)",
     "reason": null
    },
    {
     "ordinal": 50,
     "position": "middle",
     "kind": "apparatus-title",
     "strength": "weak",
     "evidence": "Preface to the Original Edition (23/32)",
     "reason": null
    },
    {
     "ordinal": 51,
     "position": "middle",
     "kind": "apparatus-title",
     "strength": "weak",
     "evidence": "Preface to the Original Edition (24/32)",
     "reason": null
    },
    {
     "ordinal": 52,
     "position": "middle",
     "kind": "apparatus-title",
     "strength": "weak",
     "evidence": "Preface to the Original Edition (25/32)",
     "reason": null
    },
    {
     "ordinal": 53,
     "position": "middle",
     "kind": "apparatus-title",
     "strength": "weak",
     "evidence": "Preface to the Original Edition (26/32)",
     "reason": null
    },
    {
     "ordinal": 54,
     "position": "middle",
     "kind": "apparatus-title",
     "strength": "weak",
     "evidence": "Preface to the Original Edition (27/32)",
     "reason": null
    },
    {
     "ordinal": 55,
     "position": "middle",
     "kind": "apparatus-title",
     "strength": "weak",
     "evidence": "Preface to the Original Edition (28/32)",
     "reason": null
    },
    {
     "ordinal": 56,
     "position": "middle",
     "kind": "apparatus-title",
     "strength": "weak",
     "evidence": "Preface to the Original Edition (29/32)",
     "reason": null
    },
    {
     "ordinal": 57,
     "position": "middle",
     "kind": "apparatus-title",
     "strength": "weak",
     "evidence": "Preface to the Original Edition (30/32)",
     "reason": null
    },
    {
     "ordinal": 58,
     "position": "middle",
     "kind": "apparatus-title",
     "strength": "weak",
     "evidence": "Preface to the Original Edition (31/32)",
     "reason": null
    },
    {
     "ordinal": 59,
     "position": "middle",
     "kind": "apparatus-title",
     "strength": "weak",
     "evidence": "Preface to the Original Edition (32/32)",
     "reason": null
    },
    {
     "ordinal": 153,
     "position": "middle",
     "kind": "foreign-work-banner",
     "strength": "strong",
     "evidence": "Tauler’s Life",
     "reason": "names 'Tauler', not the declared author 'Winkworth, Catherine'"
    },
    {
     "ordinal": 154,
     "position": "middle",
     "kind": "foreign-work-banner",
     "strength": "weak",
     "evidence": "Tauler’s Life",
     "reason": "names 'Tauler', not the declared author 'Winkworth, Catherine'"
    },
    {
     "ordinal": 155,
     "position": "middle",
     "kind": "foreign-work-banner",
     "strength": "weak",
     "evidence": "Tauler’s Life",
     "reason": "names 'Tauler', not the declared author 'Winkworth, Catherine'"
    },
    {
     "ordinal": 156,
     "position": "middle",
     "kind": "foreign-work-banner",
     "strength": "weak",
     "evidence": "Tauler’s Life",
     "reason": "names 'Tauler', not the declared author 'Winkworth, Catherine'"
    },
    {
     "ordinal": 157,
     "position": "middle",
     "kind": "foreign-work-banner",
     "strength": "weak",
     "evidence": "Tauler’s Life",
     "reason": "names 'Tauler', not the declared author 'Winkworth, Catherine'"
    },
    {
     "ordinal": 158,
     "position": "middle",
     "kind": "foreign-work-banner",
     "strength": "weak",
     "evidence": "Tauler’s Life",
     "reason": "names 'Tauler', not the declared author 'Winkworth, Catherine'"
    },
    {
     "ordinal": 159,
     "position": "middle",
     "kind": "foreign-work-banner",
     "strength": "weak",
     "evidence": "Tauler’s Life",
     "reason": "names 'Tauler', not the declared author 'Winkworth, Catherine'"
    },
    {
     "ordinal": 160,
     "position": "middle",
     "kind": "foreign-work-banner",
     "strength": "weak",
     "evidence": "Tauler’s Life",
     "reason": "names 'Tauler', not the declared author 'Winkworth, Catherine'"
    },
    {
     "ordinal": 161,
     "position": "middle",
     "kind": "foreign-work-banner",
     "strength": "weak",
     "evidence": "Tauler’s Life",
     "reason": "names 'Tauler', not the declared author 'Winkworth, Catherine'"
    },
    {
     "ordinal": 162,
     "position": "middle",
     "kind": "foreign-work-banner",
     "strength": "weak",
     "evidence": "Tauler’s Life",
     "reason": "names 'Tauler', not the declared author 'Winkworth, Catherine'"
    },
    {
     "ordinal": 163,
     "position": "middle",
     "kind": "foreign-work-banner",
     "strength": "weak",
     "evidence": "Tauler’s Life",
     "reason": "names 'Tauler', not the declared author 'Winkworth, Catherine'"
    },
    {
     "ordinal": 164,
     "position": "middle",
     "kind": "foreign-work-banner",
     "strength": "weak",
     "evidence": "Tauler’s Life",
     "reason": "names 'Tauler', not the declared author 'Winkworth, Catherine'"
    },
    {
     "ordinal": 165,
     "position": "middle",
     "kind": "foreign-work-banner",
     "strength": "weak",
     "evidence": "Tauler’s Life",
     "reason": "names 'Tauler', not the declared author 'Winkworth, Catherine'"
    },
    {
     "ordinal": 166,
     "position": "middle",
     "kind": "foreign-work-banner",
     "strength": "weak",
     "evidence": "Tauler’s Life",
     "reason": "names 'Tauler', not the declared author 'Winkworth, Catherine'"
    },
    {
     "ordinal": 167,
     "position": "middle",
     "kind": "foreign-work-banner",
     "strength": "weak",
     "evidence": "Tauler’s Life",
     "reason": "names 'Tauler', not the declared author 'Winkworth, Catherine'"
    },
    {
     "ordinal": 168,
     "position": "middle",
     "kind": "foreign-work-banner",
     "strength": "weak",
     "evidence": "Tauler’s Life",
     "reason": "names 'Tauler', not the declared author 'Winkworth, Catherine'"
    },
    {
     "ordinal": 169,
     "position": "middle",
     "kind": "foreign-work-banner",
     "strength": "weak",
     "evidence": "Tauler’s Life",
     "reason": "names 'Tauler', not the declared author 'Winkworth, Catherine'"
    },
    {
     "ordinal": 170,
     "position": "middle",
     "kind": "foreign-work-banner",
     "strength": "weak",
     "evidence": "Tauler’s Life",
     "reason": "names 'Tauler', not the declared author 'Winkworth, Catherine'"
    },
    {
     "ordinal": 171,
     "position": "middle",
     "kind": "foreign-work-banner",
     "strength": "weak",
     "evidence": "Tauler’s Life",
     "reason": "names 'Tauler', not the declared author 'Winkworth, Catherine'"
    },
    {
     "ordinal": 172,
     "position": "middle",
     "kind": "foreign-work-banner",
     "strength": "weak",
     "evidence": "Tauler’s Life",
     "reason": "names 'Tauler', not the declared author 'Winkworth, Catherine'"
    },
    {
     "ordinal": 173,
     "position": "middle",
     "kind": "foreign-work-banner",
     "strength": "weak",
     "evidence": "Tauler’s Life",
     "reason": "names 'Tauler', not the declared author 'Winkworth, Catherine'"
    },
    {
     "ordinal": 174,
     "position": "middle",
     "kind": "foreign-work-banner",
     "strength": "weak",
     "evidence": "Tauler’s Life",
     "reason": "names 'Tauler', not the declared author 'Winkworth, Catherine'"
    },
    {
     "ordinal": 175,
     "position": "middle",
     "kind": "foreign-work-banner",
     "strength": "weak",
     "evidence": "Tauler’s Life",
     "reason": "names 'Tauler', not the declared author 'Winkworth, Catherine'"
    },
    {
     "ordinal": 176,
     "position": "middle",
     "kind": "foreign-work-banner",
     "strength": "weak",
     "evidence": "Tauler’s Life",
     "reason": "names 'Tauler', not the declared author 'Winkworth, Catherine'"
    },
    {
     "ordinal": 177,
     "position": "middle",
     "kind": "foreign-work-banner",
     "strength": "weak",
     "evidence": "Tauler’s Life",
     "reason": "names 'Tauler', not the declared author 'Winkworth, Catherine'"
    },
    {
     "ordinal": 178,
     "position": "middle",
     "kind": "foreign-work-banner",
     "strength": "weak",
     "evidence": "Tauler’s Life",
     "reason": "names 'Tauler', not the declared author 'Winkworth, Catherine'"
    },
    {
     "ordinal": 179,
     "position": "middle",
     "kind": "foreign-work-banner",
     "strength": "weak",
     "evidence": "Tauler’s Life",
     "reason": "names 'Tauler', not the declared author 'Winkworth, Catherine'"
    },
    {
     "ordinal": 180,
     "position": "middle",
     "kind": "foreign-work-banner",
     "strength": "weak",
     "evidence": "Tauler’s Life",
     "reason": "names 'Tauler', not the declared author 'Winkworth, Catherine'"
    },
    {
     "ordinal": 181,
     "position": "middle",
     "kind": "foreign-work-banner",
     "strength": "weak",
     "evidence": "Tauler’s Life",
     "reason": "names 'Tauler', not the declared author 'Winkworth, Catherine'"
    },
    {
     "ordinal": 182,
     "position": "middle",
     "kind": "foreign-work-banner",
     "strength": "weak",
     "evidence": "Tauler’s Life",
     "reason": "names 'Tauler', not the declared author 'Winkworth, Catherine'"
    },
    {
     "ordinal": 183,
     "position": "middle",
     "kind": "foreign-work-banner",
     "strength": "weak",
     "evidence": "Tauler’s Life",
     "reason": "names 'Tauler', not the declared author 'Winkworth, Catherine'"
    },
    {
     "ordinal": 184,
     "position": "middle",
     "kind": "foreign-work-banner",
     "strength": "weak",
     "evidence": "Tauler’s Life",
     "reason": "names 'Tauler', not the declared author 'Winkworth, Catherine'"
    },
    {
     "ordinal": 185,
     "position": "middle",
     "kind": "foreign-work-banner",
     "strength": "weak",
     "evidence": "Tauler’s Life",
     "reason": "names 'Tauler', not the declared author 'Winkworth, Catherine'"
    },
    {
     "ordinal": 186,
     "position": "middle",
     "kind": "foreign-work-banner",
     "strength": "weak",
     "evidence": "Tauler’s Life",
     "reason": "names 'Tauler', not the declared author 'Winkworth, Catherine'"
    },
    {
     "ordinal": 187,
     "position": "middle",
     "kind": "foreign-work-banner",
     "strength": "weak",
     "evidence": "Tauler’s Life",
     "reason": "names 'Tauler', not the declared author 'Winkworth, Catherine'"
    },
    {
     "ordinal": 188,
     "position": "middle",
     "kind": "foreign-work-banner",
     "strength": "weak",
     "evidence": "Tauler’s Life",
     "reason": "names 'Tauler', not the declared author 'Winkworth, Catherine'"
    },
    {
     "ordinal": 189,
     "position": "middle",
     "kind": "foreign-work-banner",
     "strength": "weak",
     "evidence": "Tauler’s Life",
     "reason": "names 'Tauler', not the declared author 'Winkworth, Catherine'"
    },
    {
     "ordinal": 190,
     "position": "middle",
     "kind": "foreign-work-banner",
     "strength": "weak",
     "evidence": "Tauler’s Life",
     "reason": "names 'Tauler', not the declared author 'Winkworth, Catherine'"
    },
    {
     "ordinal": 191,
     "position": "middle",
     "kind": "foreign-work-banner",
     "strength": "weak",
     "evidence": "Tauler’s Life",
     "reason": "names 'Tauler', not the declared author 'Winkworth, Catherine'"
    },
    {
     "ordinal": 192,
     "position": "middle",
     "kind": "foreign-work-banner",
     "strength": "weak",
     "evidence": "Tauler’s Life",
     "reason": "names 'Tauler', not the declared author 'Winkworth, Catherine'"
    },
    {
     "ordinal": 193,
     "position": "middle",
     "kind": "foreign-work-banner",
     "strength": "weak",
     "evidence": "Tauler’s Life",
     "reason": "names 'Tauler', not the declared author 'Winkworth, Catherine'"
    },
    {
     "ordinal": 194,
     "position": "middle",
     "kind": "foreign-work-banner",
     "strength": "weak",
     "evidence": "Tauler’s Life",
     "reason": "names 'Tauler', not the declared author 'Winkworth, Catherine'"
    },
    {
     "ordinal": 195,
     "position": "middle",
     "kind": "foreign-work-banner",
     "strength": "weak",
     "evidence": "Tauler’s Life",
     "reason": "names 'Tauler', not the declared author 'Winkworth, Catherine'"
    },
    {
     "ordinal": 196,
     "position": "middle",
     "kind": "foreign-work-banner",
     "strength": "weak",
     "evidence": "Tauler’s Life",
     "reason": "names 'Tauler', not the declared author 'Winkworth, Catherine'"
    },
    {
     "ordinal": 197,
     "position": "middle",
     "kind": "foreign-work-banner",
     "strength": "weak",
     "evidence": "Tauler’s Life",
     "reason": "names 'Tauler', not the declared author 'Winkworth, Catherine'"
    },
    {
     "ordinal": 198,
     "position": "middle",
     "kind": "foreign-work-banner",
     "strength": "weak",
     "evidence": "Tauler’s Life",
     "reason": "names 'Tauler', not the declared author 'Winkworth, Catherine'"
    },
    {
     "ordinal": 199,
     "position": "middle",
     "kind": "foreign-work-banner",
     "strength": "weak",
     "evidence": "Tauler’s Life",
     "reason": "names 'Tauler', not the declared author 'Winkworth, Catherine'"
    },
    {
     "ordinal": 200,
     "position": "middle",
     "kind": "foreign-work-banner",
     "strength": "weak",
     "evidence": "Tauler’s Life",
     "reason": "names 'Tauler', not the declared author 'Winkworth, Catherine'"
    },
    {
     "ordinal": 201,
     "position": "middle",
     "kind": "foreign-work-banner",
     "strength": "weak",
     "evidence": "Tauler’s Life",
     "reason": "names 'Tauler', not the declared author 'Winkworth, Catherine'"
    },
    {
     "ordinal": 202,
     "position": "middle",
     "kind": "foreign-work-banner",
     "strength": "weak",
     "evidence": "Tauler’s Life",
     "reason": "names 'Tauler', not the declared author 'Winkworth, Catherine'"
    },
    {
     "ordinal": 203,
     "position": "middle",
     "kind": "foreign-work-banner",
     "strength": "weak",
     "evidence": "Tauler’s Life",
     "reason": "names 'Tauler', not the declared author 'Winkworth, Catherine'"
    },
    {
     "ordinal": 204,
     "position": "middle",
     "kind": "foreign-work-banner",
     "strength": "weak",
     "evidence": "Tauler’s Life",
     "reason": "names 'Tauler', not the declared author 'Winkworth, Catherine'"
    },
    {
     "ordinal": 205,
     "position": "middle",
     "kind": "foreign-work-banner",
     "strength": "weak",
     "evidence": "Tauler’s Life",
     "reason": "names 'Tauler', not the declared author 'Winkworth, Catherine'"
    },
    {
     "ordinal": 206,
     "position": "middle",
     "kind": "foreign-work-banner",
     "strength": "weak",
     "evidence": "Tauler’s Life",
     "reason": "names 'Tauler', not the declared author 'Winkworth, Catherine'"
    },
    {
     "ordinal": 207,
     "position": "middle",
     "kind": "foreign-work-banner",
     "strength": "weak",
     "evidence": "Tauler’s Life",
     "reason": "names 'Tauler', not the declared author 'Winkworth, Catherine'"
    },
    {
     "ordinal": 208,
     "position": "middle",
     "kind": "foreign-work-banner",
     "strength": "weak",
     "evidence": "Tauler’s Life",
     "reason": "names 'Tauler', not the declared author 'Winkworth, Catherine'"
    },
    {
     "ordinal": 209,
     "position": "middle",
     "kind": "foreign-work-banner",
     "strength": "weak",
     "evidence": "Tauler’s Life",
     "reason": "names 'Tauler', not the declared author 'Winkworth, Catherine'"
    },
    {
     "ordinal": 210,
     "position": "middle",
     "kind": "foreign-work-banner",
     "strength": "weak",
     "evidence": "Tauler’s Life",
     "reason": "names 'Tauler', not the declared author 'Winkworth, Catherine'"
    },
    {
     "ordinal": 211,
     "position": "middle",
     "kind": "foreign-work-banner",
     "strength": "weak",
     "evidence": "Tauler’s Life",
     "reason": "names 'Tauler', not the declared author 'Winkworth, Catherine'"
    },
    {
     "ordinal": 212,
     "position": "middle",
     "kind": "foreign-work-banner",
     "strength": "weak",
     "evidence": "Tauler’s Life",
     "reason": "names 'Tauler', not the declared author 'Winkworth, Catherine'"
    },
    {
     "ordinal": 213,
     "position": "middle",
     "kind": "foreign-work-banner",
     "strength": "weak",
     "evidence": "Tauler’s Life",
     "reason": "names 'Tauler', not the declared author 'Winkworth, Catherine'"
    },
    {
     "ordinal": 214,
     "position": "middle",
     "kind": "foreign-work-banner",
     "strength": "weak",
     "evidence": "Tauler’s Life",
     "reason": "names 'Tauler', not the declared author 'Winkworth, Catherine'"
    },
    {
     "ordinal": 215,
     "position": "middle",
     "kind": "foreign-work-banner",
     "strength": "weak",
     "evidence": "Tauler’s Life",
     "reason": "names 'Tauler', not the declared author 'Winkworth, Catherine'"
    },
    {
     "ordinal": 216,
     "position": "middle",
     "kind": "foreign-work-banner",
     "strength": "weak",
     "evidence": "Tauler’s Life",
     "reason": "names 'Tauler', not the declared author 'Winkworth, Catherine'"
    },
    {
     "ordinal": 217,
     "position": "middle",
     "kind": "foreign-work-banner",
     "strength": "weak",
     "evidence": "Tauler’s Life",
     "reason": "names 'Tauler', not the declared author 'Winkworth, Catherine'"
    },
    {
     "ordinal": 218,
     "position": "middle",
     "kind": "foreign-work-banner",
     "strength": "weak",
     "evidence": "Tauler’s Life",
     "reason": "names 'Tauler', not the declared author 'Winkworth, Catherine'"
    },
    {
     "ordinal": 219,
     "position": "middle",
     "kind": "foreign-work-banner",
     "strength": "weak",
     "evidence": "Tauler’s Life",
     "reason": "names 'Tauler', not the declared author 'Winkworth, Catherine'"
    },
    {
     "ordinal": 220,
     "position": "middle",
     "kind": "foreign-work-banner",
     "strength": "weak",
     "evidence": "Tauler’s Life",
     "reason": "names 'Tauler', not the declared author 'Winkworth, Catherine'"
    },
    {
     "ordinal": 221,
     "position": "middle",
     "kind": "foreign-work-banner",
     "strength": "weak",
     "evidence": "Tauler’s Life",
     "reason": "names 'Tauler', not the declared author 'Winkworth, Catherine'"
    },
    {
     "ordinal": 222,
     "position": "middle",
     "kind": "foreign-work-banner",
     "strength": "weak",
     "evidence": "Tauler’s Life",
     "reason": "names 'Tauler', not the declared author 'Winkworth, Catherine'"
    },
    {
     "ordinal": 223,
     "position": "middle",
     "kind": "foreign-work-banner",
     "strength": "weak",
     "evidence": "Tauler’s Life",
     "reason": "names 'Tauler', not the declared author 'Winkworth, Catherine'"
    },
    {
     "ordinal": 224,
     "position": "middle",
     "kind": "foreign-work-banner",
     "strength": "weak",
     "evidence": "Tauler’s Life",
     "reason": "names 'Tauler', not the declared author 'Winkworth, Catherine'"
    },
    {
     "ordinal": 225,
     "position": "middle",
     "kind": "foreign-work-banner",
     "strength": "weak",
     "evidence": "Tauler’s Life",
     "reason": "names 'Tauler', not the declared author 'Winkworth, Catherine'"
    },
    {
     "ordinal": 226,
     "position": "middle",
     "kind": "foreign-work-banner",
     "strength": "weak",
     "evidence": "Tauler’s Life",
     "reason": "names 'Tauler', not the declared author 'Winkworth, Catherine'"
    },
    {
     "ordinal": 227,
     "position": "middle",
     "kind": "foreign-work-banner",
     "strength": "weak",
     "evidence": "Tauler’s Life",
     "reason": "names 'Tauler', not the declared author 'Winkworth, Catherine'"
    },
    {
     "ordinal": 228,
     "position": "middle",
     "kind": "foreign-work-banner",
     "strength": "weak",
     "evidence": "Tauler’s Life",
     "reason": "names 'Tauler', not the declared author 'Winkworth, Catherine'"
    },
    {
     "ordinal": 229,
     "position": "middle",
     "kind": "foreign-work-banner",
     "strength": "weak",
     "evidence": "Tauler’s Life",
     "reason": "names 'Tauler', not the declared author 'Winkworth, Catherine'"
    },
    {
     "ordinal": 230,
     "position": "middle",
     "kind": "foreign-work-banner",
     "strength": "weak",
     "evidence": "Tauler’s Life",
     "reason": "names 'Tauler', not the declared author 'Winkworth, Catherine'"
    },
    {
     "ordinal": 231,
     "position": "middle",
     "kind": "foreign-work-banner",
     "strength": "weak",
     "evidence": "Tauler’s Life",
     "reason": "names 'Tauler', not the declared author 'Winkworth, Catherine'"
    },
    {
     "ordinal": 232,
     "position": "middle",
     "kind": "foreign-work-banner",
     "strength": "weak",
     "evidence": "Tauler’s Life",
     "reason": "names 'Tauler', not the declared author 'Winkworth, Catherine'"
    },
    {
     "ordinal": 233,
     "position": "middle",
     "kind": "foreign-work-banner",
     "strength": "weak",
     "evidence": "Tauler’s Life",
     "reason": "names 'Tauler', not the declared author 'Winkworth, Catherine'"
    },
    {
     "ordinal": 234,
     "position": "middle",
     "kind": "foreign-work-banner",
     "strength": "weak",
     "evidence": "Tauler’s Life",
     "reason": "names 'Tauler', not the declared author 'Winkworth, Catherine'"
    },
    {
     "ordinal": 235,
     "position": "middle",
     "kind": "foreign-work-banner",
     "strength": "weak",
     "evidence": "Tauler’s Life",
     "reason": "names 'Tauler', not the declared author 'Winkworth, Catherine'"
    },
    {
     "ordinal": 236,
     "position": "middle",
     "kind": "foreign-work-banner",
     "strength": "weak",
     "evidence": "Tauler’s Life",
     "reason": "names 'Tauler', not the declared author 'Winkworth, Catherine'"
    },
    {
     "ordinal": 237,
     "position": "middle",
     "kind": "foreign-work-banner",
     "strength": "weak",
     "evidence": "Tauler’s Life",
     "reason": "names 'Tauler', not the declared author 'Winkworth, Catherine'"
    },
    {
     "ordinal": 238,
     "position": "middle",
     "kind": "foreign-work-banner",
     "strength": "weak",
     "evidence": "Tauler’s Life",
     "reason": "names 'Tauler', not the declared author 'Winkworth, Catherine'"
    },
    {
     "ordinal": 239,
     "position": "middle",
     "kind": "foreign-work-banner",
     "strength": "weak",
     "evidence": "Tauler’s Life",
     "reason": "names 'Tauler', not the declared author 'Winkworth, Catherine'"
    },
    {
     "ordinal": 240,
     "position": "middle",
     "kind": "foreign-work-banner",
     "strength": "weak",
     "evidence": "Tauler’s Life",
     "reason": "names 'Tauler', not the declared author 'Winkworth, Catherine'"
    },
    {
     "ordinal": 241,
     "position": "middle",
     "kind": "foreign-work-banner",
     "strength": "weak",
     "evidence": "Tauler’s Life",
     "reason": "names 'Tauler', not the declared author 'Winkworth, Catherine'"
    },
    {
     "ordinal": 242,
     "position": "middle",
     "kind": "foreign-work-banner",
     "strength": "weak",
     "evidence": "Tauler’s Life",
     "reason": "names 'Tauler', not the declared author 'Winkworth, Catherine'"
    },
    {
     "ordinal": 243,
     "position": "middle",
     "kind": "foreign-work-banner",
     "strength": "weak",
     "evidence": "Tauler’s Life",
     "reason": "names 'Tauler', not the declared author 'Winkworth, Catherine'"
    },
    {
     "ordinal": 244,
     "position": "middle",
     "kind": "foreign-work-banner",
     "strength": "weak",
     "evidence": "Tauler’s Life",
     "reason": "names 'Tauler', not the declared author 'Winkworth, Catherine'"
    },
    {
     "ordinal": 245,
     "position": "middle",
     "kind": "foreign-work-banner",
     "strength": "weak",
     "evidence": "Tauler’s Life",
     "reason": "names 'Tauler', not the declared author 'Winkworth, Catherine'"
    },
    {
     "ordinal": 246,
     "position": "middle",
     "kind": "foreign-work-banner",
     "strength": "weak",
     "evidence": "Tauler’s Life",
     "reason": "names 'Tauler', not the declared author 'Winkworth, Catherine'"
    },
    {
     "ordinal": 247,
     "position": "middle",
     "kind": "foreign-work-banner",
     "strength": "weak",
     "evidence": "Tauler’s Life",
     "reason": "names 'Tauler', not the declared author 'Winkworth, Catherine'"
    },
    {
     "ordinal": 248,
     "position": "middle",
     "kind": "foreign-work-banner",
     "strength": "weak",
     "evidence": "Tauler’s Life",
     "reason": "names 'Tauler', not the declared author 'Winkworth, Catherine'"
    },
    {
     "ordinal": 249,
     "position": "middle",
     "kind": "foreign-work-banner",
     "strength": "weak",
     "evidence": "Tauler’s Life",
     "reason": "names 'Tauler', not the declared author 'Winkworth, Catherine'"
    },
    {
     "ordinal": 250,
     "position": "middle",
     "kind": "foreign-work-banner",
     "strength": "weak",
     "evidence": "Tauler’s Life",
     "reason": "names 'Tauler', not the declared author 'Winkworth, Catherine'"
    },
    {
     "ordinal": 251,
     "position": "middle",
     "kind": "foreign-work-banner",
     "strength": "weak",
     "evidence": "Tauler’s Life",
     "reason": "names 'Tauler', not the declared author 'Winkworth, Catherine'"
    },
    {
     "ordinal": 252,
     "position": "middle",
     "kind": "foreign-work-banner",
     "strength": "weak",
     "evidence": "Tauler’s Life",
     "reason": "names 'Tauler', not the declared author 'Winkworth, Catherine'"
    },
    {
     "ordinal": 253,
     "position": "middle",
     "kind": "foreign-work-banner",
     "strength": "weak",
     "evidence": "Tauler’s Life",
     "reason": "names 'Tauler', not the declared author 'Winkworth, Catherine'"
    },
    {
     "ordinal": 254,
     "position": "middle",
     "kind": "foreign-work-banner",
     "strength": "weak",
     "evidence": "Tauler’s Life",
     "reason": "names 'Tauler', not the declared author 'Winkworth, Catherine'"
    },
    {
     "ordinal": 255,
     "position": "middle",
     "kind": "foreign-work-banner",
     "strength": "weak",
     "evidence": "Tauler’s Life",
     "reason": "names 'Tauler', not the declared author 'Winkworth, Catherine'"
    },
    {
     "ordinal": 256,
     "position": "middle",
     "kind": "foreign-work-banner",
     "strength": "weak",
     "evidence": "Tauler’s Life",
     "reason": "names 'Tauler', not the declared author 'Winkworth, Catherine'"
    },
    {
     "ordinal": 257,
     "position": "middle",
     "kind": "foreign-work-banner",
     "strength": "weak",
     "evidence": "Tauler’s Life",
     "reason": "names 'Tauler', not the declared author 'Winkworth, Catherine'"
    },
    {
     "ordinal": 258,
     "position": "middle",
     "kind": "foreign-work-banner",
     "strength": "weak",
     "evidence": "Tauler’s Life",
     "reason": "names 'Tauler', not the declared author 'Winkworth, Catherine'"
    },
    {
     "ordinal": 259,
     "position": "middle",
     "kind": "foreign-work-banner",
     "strength": "weak",
     "evidence": "Tauler’s Life",
     "reason": "names 'Tauler', not the declared author 'Winkworth, Catherine'"
    },
    {
     "ordinal": 260,
     "position": "middle",
     "kind": "foreign-work-banner",
     "strength": "weak",
     "evidence": "Tauler’s Life",
     "reason": "names 'Tauler', not the declared author 'Winkworth, Catherine'"
    },
    {
     "ordinal": 261,
     "position": "middle",
     "kind": "foreign-work-banner",
     "strength": "weak",
     "evidence": "Tauler’s Life",
     "reason": "names 'Tauler', not the declared author 'Winkworth, Catherine'"
    },
    {
     "ordinal": 262,
     "position": "middle",
     "kind": "foreign-work-banner",
     "strength": "weak",
     "evidence": "Tauler’s Life",
     "reason": "names 'Tauler', not the declared author 'Winkworth, Catherine'"
    },
    {
     "ordinal": 263,
     "position": "middle",
     "kind": "foreign-work-banner",
     "strength": "weak",
     "evidence": "Tauler’s Life",
     "reason": "names 'Tauler', not the declared author 'Winkworth, Catherine'"
    },
    {
     "ordinal": 264,
     "position": "middle",
     "kind": "foreign-work-banner",
     "strength": "weak",
     "evidence": "Tauler’s Life",
     "reason": "names 'Tauler', not the declared author 'Winkworth, Catherine'"
    },
    {
     "ordinal": 265,
     "position": "middle",
     "kind": "foreign-work-banner",
     "strength": "weak",
     "evidence": "Tauler’s Life",
     "reason": "names 'Tauler', not the declared author 'Winkworth, Catherine'"
    },
    {
     "ordinal": 266,
     "position": "middle",
     "kind": "foreign-work-banner",
     "strength": "weak",
     "evidence": "Tauler’s Life",
     "reason": "names 'Tauler', not the declared author 'Winkworth, Catherine'"
    },
    {
     "ordinal": 267,
     "position": "middle",
     "kind": "foreign-work-banner",
     "strength": "weak",
     "evidence": "Tauler’s Life",
     "reason": "names 'Tauler', not the declared author 'Winkworth, Catherine'"
    },
    {
     "ordinal": 268,
     "position": "middle",
     "kind": "foreign-work-banner",
     "strength": "weak",
     "evidence": "Tauler’s Life",
     "reason": "names 'Tauler', not the declared author 'Winkworth, Catherine'"
    },
    {
     "ordinal": 269,
     "position": "middle",
     "kind": "foreign-work-banner",
     "strength": "weak",
     "evidence": "Tauler’s Life",
     "reason": "names 'Tauler', not the declared author 'Winkworth, Catherine'"
    },
    {
     "ordinal": 270,
     "position": "middle",
     "kind": "foreign-work-banner",
     "strength": "weak",
     "evidence": "Tauler’s Life",
     "reason": "names 'Tauler', not the declared author 'Winkworth, Catherine'"
    },
    {
     "ordinal": 271,
     "position": "middle",
     "kind": "foreign-work-banner",
     "strength": "weak",
     "evidence": "Tauler’s Life",
     "reason": "names 'Tauler', not the declared author 'Winkworth, Catherine'"
    },
    {
     "ordinal": 272,
     "position": "middle",
     "kind": "foreign-work-banner",
     "strength": "weak",
     "evidence": "Tauler’s Life",
     "reason": "names 'Tauler', not the declared author 'Winkworth, Catherine'"
    },
    {
     "ordinal": 273,
     "position": "middle",
     "kind": "foreign-work-banner",
     "strength": "weak",
     "evidence": "Tauler’s Life",
     "reason": "names 'Tauler', not the declared author 'Winkworth, Catherine'"
    },
    {
     "ordinal": 274,
     "position": "middle",
     "kind": "foreign-work-banner",
     "strength": "weak",
     "evidence": "Tauler’s Life",
     "reason": "names 'Tauler', not the declared author 'Winkworth, Catherine'"
    },
    {
     "ordinal": 275,
     "position": "middle",
     "kind": "foreign-work-banner",
     "strength": "weak",
     "evidence": "Tauler’s Life",
     "reason": "names 'Tauler', not the declared author 'Winkworth, Catherine'"
    },
    {
     "ordinal": 276,
     "position": "middle",
     "kind": "foreign-work-banner",
     "strength": "weak",
     "evidence": "Tauler’s Life",
     "reason": "names 'Tauler', not the declared author 'Winkworth, Catherine'"
    },
    {
     "ordinal": 277,
     "position": "middle",
     "kind": "foreign-work-banner",
     "strength": "weak",
     "evidence": "Tauler’s Life",
     "reason": "names 'Tauler', not the declared author 'Winkworth, Catherine'"
    },
    {
     "ordinal": 278,
     "position": "middle",
     "kind": "foreign-work-banner",
     "strength": "weak",
     "evidence": "Tauler’s Life",
     "reason": "names 'Tauler', not the declared author 'Winkworth, Catherine'"
    },
    {
     "ordinal": 279,
     "position": "middle",
     "kind": "foreign-work-banner",
     "strength": "weak",
     "evidence": "Tauler’s Life",
     "reason": "names 'Tauler', not the declared author 'Winkworth, Catherine'"
    },
    {
     "ordinal": 280,
     "position": "middle",
     "kind": "foreign-work-banner",
     "strength": "weak",
     "evidence": "Tauler’s Life",
     "reason": "names 'Tauler', not the declared author 'Winkworth, Catherine'"
    },
    {
     "ordinal": 281,
     "position": "middle",
     "kind": "foreign-work-banner",
     "strength": "weak",
     "evidence": "Tauler’s Life",
     "reason": "names 'Tauler', not the declared author 'Winkworth, Catherine'"
    },
    {
     "ordinal": 282,
     "position": "middle",
     "kind": "foreign-work-banner",
     "strength": "weak",
     "evidence": "Tauler’s Life",
     "reason": "names 'Tauler', not the declared author 'Winkworth, Catherine'"
    },
    {
     "ordinal": 283,
     "position": "middle",
     "kind": "foreign-work-banner",
     "strength": "weak",
     "evidence": "Tauler’s Life",
     "reason": "names 'Tauler', not the declared author 'Winkworth, Catherine'"
    },
    {
     "ordinal": 284,
     "position": "middle",
     "kind": "foreign-work-banner",
     "strength": "weak",
     "evidence": "Tauler’s Life",
     "reason": "names 'Tauler', not the declared author 'Winkworth, Catherine'"
    },
    {
     "ordinal": 285,
     "position": "middle",
     "kind": "foreign-work-banner",
     "strength": "weak",
     "evidence": "Tauler’s Life",
     "reason": "names 'Tauler', not the declared author 'Winkworth, Catherine'"
    },
    {
     "ordinal": 286,
     "position": "middle",
     "kind": "foreign-work-banner",
     "strength": "weak",
     "evidence": "Tauler’s Life",
     "reason": "names 'Tauler', not the declared author 'Winkworth, Catherine'"
    },
    {
     "ordinal": 287,
     "position": "middle",
     "kind": "foreign-work-banner",
     "strength": "weak",
     "evidence": "Tauler’s Life",
     "reason": "names 'Tauler', not the declared author 'Winkworth, Catherine'"
    },
    {
     "ordinal": 288,
     "position": "middle",
     "kind": "foreign-work-banner",
     "strength": "weak",
     "evidence": "Tauler’s Life",
     "reason": "names 'Tauler', not the declared author 'Winkworth, Catherine'"
    },
    {
     "ordinal": 289,
     "position": "middle",
     "kind": "foreign-work-banner",
     "strength": "weak",
     "evidence": "Tauler’s Life",
     "reason": "names 'Tauler', not the declared author 'Winkworth, Catherine'"
    },
    {
     "ordinal": 290,
     "position": "middle",
     "kind": "foreign-work-banner",
     "strength": "weak",
     "evidence": "Tauler’s Life",
     "reason": "names 'Tauler', not the declared author 'Winkworth, Catherine'"
    },
    {
     "ordinal": 291,
     "position": "middle",
     "kind": "foreign-work-banner",
     "strength": "weak",
     "evidence": "Tauler’s Life",
     "reason": "names 'Tauler', not the declared author 'Winkworth, Catherine'"
    },
    {
     "ordinal": 292,
     "position": "middle",
     "kind": "foreign-work-banner",
     "strength": "weak",
     "evidence": "Tauler’s Life",
     "reason": "names 'Tauler', not the declared author 'Winkworth, Catherine'"
    },
    {
     "ordinal": 293,
     "position": "middle",
     "kind": "foreign-work-banner",
     "strength": "weak",
     "evidence": "Tauler’s Life",
     "reason": "names 'Tauler', not the declared author 'Winkworth, Catherine'"
    },
    {
     "ordinal": 294,
     "position": "middle",
     "kind": "foreign-work-banner",
     "strength": "weak",
     "evidence": "Tauler’s Life",
     "reason": "names 'Tauler', not the declared author 'Winkworth, Catherine'"
    },
    {
     "ordinal": 295,
     "position": "middle",
     "kind": "foreign-work-banner",
     "strength": "weak",
     "evidence": "Tauler’s Life",
     "reason": "names 'Tauler', not the declared author 'Winkworth, Catherine'"
    },
    {
     "ordinal": 296,
     "position": "middle",
     "kind": "foreign-work-banner",
     "strength": "weak",
     "evidence": "Tauler’s Life",
     "reason": "names 'Tauler', not the declared author 'Winkworth, Catherine'"
    },
    {
     "ordinal": 297,
     "position": "middle",
     "kind": "foreign-work-banner",
     "strength": "weak",
     "evidence": "Tauler’s Life",
     "reason": "names 'Tauler', not the declared author 'Winkworth, Catherine'"
    },
    {
     "ordinal": 298,
     "position": "middle",
     "kind": "foreign-work-banner",
     "strength": "weak",
     "evidence": "Tauler’s Life",
     "reason": "names 'Tauler', not the declared author 'Winkworth, Catherine'"
    },
    {
     "ordinal": 299,
     "position": "middle",
     "kind": "foreign-work-banner",
     "strength": "weak",
     "evidence": "Tauler’s Life",
     "reason": "names 'Tauler', not the declared author 'Winkworth, Catherine'"
    },
    {
     "ordinal": 300,
     "position": "middle",
     "kind": "foreign-work-banner",
     "strength": "weak",
     "evidence": "Tauler’s Life",
     "reason": "names 'Tauler', not the declared author 'Winkworth, Catherine'"
    },
    {
     "ordinal": 301,
     "position": "middle",
     "kind": "foreign-work-banner",
     "strength": "weak",
     "evidence": "Tauler’s Life",
     "reason": "names 'Tauler', not the declared author 'Winkworth, Catherine'"
    },
    {
     "ordinal": 302,
     "position": "middle",
     "kind": "foreign-work-banner",
     "strength": "weak",
     "evidence": "Tauler’s Life",
     "reason": "names 'Tauler', not the declared author 'Winkworth, Catherine'"
    },
    {
     "ordinal": 303,
     "position": "middle",
     "kind": "foreign-work-banner",
     "strength": "weak",
     "evidence": "Tauler’s Life",
     "reason": "names 'Tauler', not the declared author 'Winkworth, Catherine'"
    },
    {
     "ordinal": 304,
     "position": "middle",
     "kind": "foreign-work-banner",
     "strength": "weak",
     "evidence": "Tauler’s Life",
     "reason": "names 'Tauler', not the declared author 'Winkworth, Catherine'"
    },
    {
     "ordinal": 305,
     "position": "middle",
     "kind": "foreign-work-banner",
     "strength": "weak",
     "evidence": "Tauler’s Life",
     "reason": "names 'Tauler', not the declared author 'Winkworth, Catherine'"
    },
    {
     "ordinal": 306,
     "position": "middle",
     "kind": "foreign-work-banner",
     "strength": "weak",
     "evidence": "Tauler’s Life",
     "reason": "names 'Tauler', not the declared author 'Winkworth, Catherine'"
    },
    {
     "ordinal": 307,
     "position": "middle",
     "kind": "foreign-work-banner",
     "strength": "weak",
     "evidence": "Tauler’s Life",
     "reason": "names 'Tauler', not the declared author 'Winkworth, Catherine'"
    },
    {
     "ordinal": 308,
     "position": "middle",
     "kind": "foreign-work-banner",
     "strength": "weak",
     "evidence": "Tauler’s Life",
     "reason": "names 'Tauler', not the declared author 'Winkworth, Catherine'"
    },
    {
     "ordinal": 309,
     "position": "middle",
     "kind": "foreign-work-banner",
     "strength": "weak",
     "evidence": "Tauler’s Life",
     "reason": "names 'Tauler', not the declared author 'Winkworth, Catherine'"
    },
    {
     "ordinal": 310,
     "position": "middle",
     "kind": "foreign-work-banner",
     "strength": "weak",
     "evidence": "Tauler’s Life",
     "reason": "names 'Tauler', not the declared author 'Winkworth, Catherine'"
    },
    {
     "ordinal": 311,
     "position": "middle",
     "kind": "foreign-work-banner",
     "strength": "weak",
     "evidence": "Tauler’s Life",
     "reason": "names 'Tauler', not the declared author 'Winkworth, Catherine'"
    },
    {
     "ordinal": 312,
     "position": "middle",
     "kind": "foreign-work-banner",
     "strength": "weak",
     "evidence": "Tauler’s Life",
     "reason": "names 'Tauler', not the declared author 'Winkworth, Catherine'"
    },
    {
     "ordinal": 313,
     "position": "middle",
     "kind": "foreign-work-banner",
     "strength": "weak",
     "evidence": "Tauler’s Life",
     "reason": "names 'Tauler', not the declared author 'Winkworth, Catherine'"
    },
    {
     "ordinal": 314,
     "position": "middle",
     "kind": "foreign-work-banner",
     "strength": "weak",
     "evidence": "Tauler’s Life",
     "reason": "names 'Tauler', not the declared author 'Winkworth, Catherine'"
    },
    {
     "ordinal": 315,
     "position": "middle",
     "kind": "foreign-work-banner",
     "strength": "weak",
     "evidence": "Tauler’s Life",
     "reason": "names 'Tauler', not the declared author 'Winkworth, Catherine'"
    },
    {
     "ordinal": 316,
     "position": "middle",
     "kind": "foreign-work-banner",
     "strength": "weak",
     "evidence": "Tauler’s Life",
     "reason": "names 'Tauler', not the declared author 'Winkworth, Catherine'"
    },
    {
     "ordinal": 317,
     "position": "middle",
     "kind": "foreign-work-banner",
     "strength": "weak",
     "evidence": "Tauler’s Life",
     "reason": "names 'Tauler', not the declared author 'Winkworth, Catherine'"
    },
    {
     "ordinal": 318,
     "position": "middle",
     "kind": "foreign-work-banner",
     "strength": "weak",
     "evidence": "Tauler’s Life",
     "reason": "names 'Tauler', not the declared author 'Winkworth, Catherine'"
    },
    {
     "ordinal": 319,
     "position": "middle",
     "kind": "foreign-work-banner",
     "strength": "weak",
     "evidence": "Tauler’s Life",
     "reason": "names 'Tauler', not the declared author 'Winkworth, Catherine'"
    },
    {
     "ordinal": 320,
     "position": "middle",
     "kind": "foreign-work-banner",
     "strength": "weak",
     "evidence": "Tauler’s Life",
     "reason": "names 'Tauler', not the declared author 'Winkworth, Catherine'"
    },
    {
     "ordinal": 321,
     "position": "middle",
     "kind": "foreign-work-banner",
     "strength": "weak",
     "evidence": "Tauler’s Life",
     "reason": "names 'Tauler', not the declared author 'Winkworth, Catherine'"
    },
    {
     "ordinal": 322,
     "position": "middle",
     "kind": "foreign-work-banner",
     "strength": "weak",
     "evidence": "Tauler’s Life",
     "reason": "names 'Tauler', not the declared author 'Winkworth, Catherine'"
    }
   ]
  },
  {
   "slug": "wuttke-ethics1",
   "verdict": "FAIL",
   "author": "Wuttke, Adolf",
   "scanned": 1135,
   "findings": [
    {
     "ordinal": 1,
     "position": "head",
     "kind": "apparatus-title",
     "strength": "strong",
     "evidence": "Title Page",
     "reason": null
    },
    {
     "ordinal": 2,
     "position": "head",
     "kind": "foreign-work-banner",
     "strength": "strong",
     "evidence": "LETTER OF AUTHORIZATION",
     "reason": "names 'AUTHORIZATION', not the declared author 'Wuttke, Adolf'"
    },
    {
     "ordinal": 1129,
     "position": "tail",
     "kind": "word-index-title",
     "strength": "strong",
     "evidence": "Indexes — Greek Words and Phrases",
     "reason": null
    },
    {
     "ordinal": 1130,
     "position": "tail",
     "kind": "word-index-title",
     "strength": "strong",
     "evidence": "Indexes — Latin Words and Phrases (1/3)",
     "reason": null
    },
    {
     "ordinal": 1131,
     "position": "tail",
     "kind": "word-index-title",
     "strength": "strong",
     "evidence": "Indexes — Latin Words and Phrases (2/3)",
     "reason": null
    },
    {
     "ordinal": 1132,
     "position": "tail",
     "kind": "word-index-title",
     "strength": "strong",
     "evidence": "Indexes — Latin Words and Phrases (3/3)",
     "reason": null
    }
   ]
  },
  {
   "slug": "young-j-christ",
   "verdict": "FAIL",
   "author": "Young, John",
   "scanned": 409,
   "findings": [
    {
     "ordinal": 1,
     "position": "head",
     "kind": "apparatus-title",
     "strength": "strong",
     "evidence": "Title Page",
     "reason": null
    },
    {
     "ordinal": 2,
     "position": "head",
     "kind": "apparatus-title",
     "strength": "strong",
     "evidence": "ADVERTISEMENT",
     "reason": null
    },
    {
     "ordinal": 7,
     "position": "head",
     "kind": "apparatus-title",
     "strength": "strong",
     "evidence": "PREFACE.",
     "reason": null
    },
    {
     "ordinal": 17,
     "position": "middle",
     "kind": "apparatus-title",
     "strength": "strong",
     "evidence": "INTRODUCTION",
     "reason": null
    },
    {
     "ordinal": 400,
     "position": "tail",
     "kind": "word-index-title",
     "strength": "strong",
     "evidence": "Indexes — Greek Words and Phrases (1/7)",
     "reason": null
    },
    {
     "ordinal": 401,
     "position": "tail",
     "kind": "word-index-title",
     "strength": "strong",
     "evidence": "Indexes — Greek Words and Phrases (2/7)",
     "reason": null
    },
    {
     "ordinal": 402,
     "position": "tail",
     "kind": "word-index-title",
     "strength": "strong",
     "evidence": "Indexes — Greek Words and Phrases (3/7)",
     "reason": null
    },
    {
     "ordinal": 403,
     "position": "tail",
     "kind": "word-index-title",
     "strength": "strong",
     "evidence": "Indexes — Greek Words and Phrases (4/7)",
     "reason": null
    },
    {
     "ordinal": 404,
     "position": "tail",
     "kind": "word-index-title",
     "strength": "strong",
     "evidence": "Indexes — Greek Words and Phrases (5/7)",
     "reason": null
    },
    {
     "ordinal": 405,
     "position": "tail",
     "kind": "word-index-title",
     "strength": "strong",
     "evidence": "Indexes — Greek Words and Phrases (6/7)",
     "reason": null
    },
    {
     "ordinal": 406,
     "position": "tail",
     "kind": "word-index-title",
     "strength": "strong",
     "evidence": "Indexes — Greek Words and Phrases (7/7)",
     "reason": null
    },
    {
     "ordinal": 407,
     "position": "tail",
     "kind": "word-index-title",
     "strength": "strong",
     "evidence": "Indexes — Latin Words and Phrases",
     "reason": null
    }
   ]
  }
 ]
}
JSON_DETAIL_END
