(node:3056) Warning: SECURITY WARNING: The SSL modes 'prefer', 'require', and 'verify-ca' are treated as aliases for 'verify-full'.
In the next major version (pg-connection-string v3.0.0 and pg v9.0.0), these modes will adopt standard libpq semantics, which have weaker security guarantees.

To prepare for this change:
- If you want the current behavior, explicitly use 'sslmode=verify-full'
- If you want libpq compatibility now, use 'uselibpqcompat=true&sslmode=require'

See https://www.postgresql.org/docs/current/libpq-ssl.html for libpq SSL mode definitions.
(Use `node --trace-warnings ...` to show where the warning was created)
detector version : 2.1.0
target           : ep-odd-fog-atnykudm.c-9.us-east-1.aws.neon.tech (read-only txn; credentials not printed)
slug file        : docs/evidence/adr029-scan-2026-09-07-prod/input-slugs.json (439 works, sha256 f294807bbae53068112bac388d0c4fcc3300b21139a5b83439933424a6336622)

FAIL  abelard-misfortunes                      17 sections  §16…§17 (2 findings)   foreign-work-banner=1, word-index-title=1
FAIL  addison-evidences                        23 sections  §23 (1 finding)        word-index-title=1
FAIL  alexander-a-canon                        36 sections  §1…§36 (2 findings)    apparatus-title=1, word-index-title=1
FAIL  alexander-a-evidences                    15 sections  §15 (1 finding)        word-index-title=1
FAIL  alexander-a-outlines                     31 sections  §31 (1 finding)        word-index-title=1
PASS  allen-j-peace                             8 sections  —                      no findings
PASS  allestree-government                     13 sections  —                      no findings
FAIL  allestree-oracles                        10 sections  §9…§10 (2 findings)    apparatus-title=1, word-index-title=1
PASS  alphonsus-uniformity                      7 sections  —                      no findings
FAIL  alphonsus-volonta                         8 sections  §8 (1 finding)         word-index-title=1
FAIL  anderson-prayer                          16 sections  §1 (1 finding)         apparatus-title=1
FAIL  andrewes-devotions1                      56 sections  §2…§56 (2 findings)    apparatus-title=1, word-index-title=1
PASS  anselm-basic-works                      163 sections  —                      no findings
FAIL  anselm-devotions                         57 sections  §57 (1 finding)        word-index-title=1
FAIL  anselm-meditations                       23 sections  §23 (1 finding)        foreign-work-banner=1, word-index-title=1
FAIL  aquinas-nature-grace                      5 sections  §5 (1 finding)         publisher-blurb-body=1
PASS  arminius-works1                         111 sections  —                      no findings
PASS  arminius-works2                         150 sections  —                      foreign-work-banner=1
FAIL  arminius-works3                          61 sections  §1…§61 (2 findings)    foreign-work-banner=2
PASS  arndt-true                              174 sections  —                      no findings
FAIL  augustine-doctrine                      156 sections  §43…§156 (4 findings)  apparatus-title=3, word-index-title=1
PASS  augustine-enchiridion                    33 sections  —                      no findings
FAIL  baker-holy-wisdom                       104 sections  §1 (1 finding)         apparatus-title=1
PASS  barclay-quakers                          39 sections  —                      no findings
PASS  barnes-ntnotes                         8155 sections  —                      foreign-work-banner=124
FAIL  bartleman-deity                           7 sections  §1 (1 finding)         apparatus-title=1
PASS  bavinck-revelation                       10 sections  —                      no findings
PASS  baxter-causes                             6 sections  —                      no findings
PASS  baxter-pastor                            17 sections  —                      no findings
PASS  baxter-unconverted                        5 sections  —                      no findings
FAIL  bayly-piety                              37 sections  §1…§2 (2 findings)     apparatus-title=2
PASS  benedict-rule                            75 sections  —                      foreign-work-banner=2
PASS  benson-psalmody                          12 sections  —                      no findings
FAIL  berkhof-newtestament                     31 sections  §1 (1 finding)         apparatus-title=1
FAIL  berkhof-summary                          22 sections  §17 (1 finding)        foreign-work-banner=1
FAIL  berkhof-systematictheology               75 sections  §44 (1 finding)        foreign-work-banner=2
FAIL  bernard-letters                          77 sections  §77 (1 finding)        word-index-title=1
PASS  bernard-loving-god                       15 sections  —                      no findings
PASS  bernard-st-malachy                       18 sections  —                      foreign-work-banner=1
PASS  beth-miracles                             4 sections  —                      foreign-work-byline=1
FAIL  bevan-friends                            60 sections  §1…§2 (2 findings)     foreign-work-banner=2
PASS  bevan-matelda                            55 sections  —                      no findings
FAIL  beveridge-w-thoughts                     64 sections  §64 (1 finding)        word-index-title=1
FAIL  beveridge-w-thoughts2                    14 sections  §3…§14 (2 findings)    apparatus-title=1, word-index-title=1
PASS  blois-mirror                             13 sections  —                      no findings
PASS  blois-oratory                            31 sections  —                      no findings
PASS  blois-spiritual                         129 sections  —                      no findings
FAIL  boehme-supersensual                     149 sections  §4 (1 finding)         foreign-work-byline=1, foreign-work-banner=1
FAIL  boehme-waytochrist                       27 sections  §27 (1 finding)        apparatus-title=1
PASS  boethius-consolation                      8 sections  —                      no findings
PASS  boethius-tracts                           6 sections  —                      no findings
PASS  boettner-predest                         41 sections  —                      no findings
PASS  bonar-peace                              12 sections  —                      no findings
PASS  bonar-rentveil                           12 sections  —                      no findings
PASS  boston-crook                              3 sections  —                      no findings
PASS  bounds-essentials                        14 sections  —                      no findings
PASS  bounds-necessity                         15 sections  —                      no findings
PASS  bounds-power                             20 sections  —                      no findings
PASS  bounds-prayingmen                        16 sections  —                      no findings
PASS  bounds-purpose                           13 sections  —                      no findings
PASS  bounds-reality                           15 sections  —                      no findings
PASS  bounds-weapon                            12 sections  —                      no findings
PASS  boyce-theology                           42 sections  —                      no findings
FAIL  bradford-meditations                     15 sections  §1 (1 finding)         apparatus-title=1
FAIL  browne-morals                             5 sections  §5 (1 finding)         word-index-title=1
FAIL  browne-religio                           10 sections  §1 (1 finding)         apparatus-title=1
FAIL  bruce-twelve                             61 sections  §60…§61 (2 findings)   word-index-title=2
FAIL  burgon-corruption                        21 sections  §21 (1 finding)        word-index-title=1
FAIL  burgon-mark                              19 sections  §19 (1 finding)        word-index-title=1
FAIL  burgon-revision-revised                  28 sections  §28 (1 finding)        word-index-title=1
FAIL  bushnell-nurture                         18 sections  §18 (1 finding)        word-index-title=1
FAIL  bushnell-vicarious                       23 sections  §23 (1 finding)        word-index-title=1
FAIL  butler-analogy                           23 sections  §23 (1 finding)        word-index-title=1
FAIL  calvin-chr-life                           7 sections  §7 (1 finding)         word-index-title=1
FAIL  calvin-treatise-relics                   12 sections  §11…§12 (2 findings)   publisher-catalogue-title=1, word-index-title=1
FAIL  campbell-atonement                       17 sections  §17 (1 finding)        publisher-catalogue-title=1
PASS  cassian-conferences                     516 sections  —                      foreign-work-banner=2
FAIL  catherine-dialog                         95 sections  §52…§95 (2 findings)   foreign-work-banner=2
PASS  catherine-g-life                        109 sections  —                      no findings
PASS  charnock-reconcil                         5 sections  —                      no findings
PASS  chesterton-america                       19 sections  —                      no findings
PASS  chesterton-ball-cross                    20 sections  —                      no findings
PASS  chesterton-defendant                     17 sections  —                      no findings
PASS  chesterton-divorce                       10 sections  —                      no findings
PASS  chesterton-eugenics                      17 sections  —                      no findings
PASS  chesterton-everlasting                   14 sections  —                      no findings
PASS  chesterton-heretics                      20 sections  —                      no findings
PASS  chesterton-innocencebrown                12 sections  —                      no findings
PASS  chesterton-longbow                        8 sections  —                      no findings
PASS  chesterton-magic                          4 sections  —                      no findings
PASS  chesterton-manalive                      10 sections  —                      no findings
PASS  chesterton-napoleon                      15 sections  —                      no findings
PASS  chesterton-orthodoxy                      9 sections  —                      no findings
PASS  chesterton-thingsconsidered              26 sections  —                      no findings
PASS  chesterton-thursday                      15 sections  —                      no findings
PASS  chesterton-toomuch                        8 sections  —                      no findings
PASS  chesterton-trifles                       39 sections  —                      no findings
PASS  chesterton-victorianage                   4 sections  —                      no findings
PASS  chesterton-whatwrong                     52 sections  —                      no findings
PASS  chesterton-whitehorse                     9 sections  —                      no findings
PASS  chesterton-wisdom                        12 sections  —                      no findings
PASS  coleridge-reflection                    116 sections  —                      foreign-work-byline=1, foreign-work-banner=1
FAIL  collins-divinesongs                      18 sections  §4 (1 finding)         apparatus-title=1
PASS  conybeare-lxxgrammar                     13 sections  —                      no findings
FAIL  cotton-john-keyes                         9 sections  §9 (1 finding)         word-index-title=1
PASS  cowper-guyonpoems                        37 sections  —                      no findings
FAIL  cross-g-theology                         17 sections  §1…§17 (4 findings)    foreign-work-banner=2, word-index-title=2
PASS  dante-divinecomedy                      102 sections  —                      no findings
FAIL  daubney-additions                        48 sections  §45…§48 (4 findings)   foreign-work-banner=3, publisher-blurb-body=1, word-index-title=3
FAIL  deane-pseudepig                          11 sections  §1…§11 (2 findings)    apparatus-title=1, word-index-title=1
PASS  decaussade-abandonment                  224 sections  —                      no findings
PASS  defoe-crusoe                             27 sections  —                      no findings
FAIL  denney-christ-death                      14 sections  §12…§14 (3 findings)   word-index-title=3
PASS  desales-devout-life                     125 sections  —                      no findings
FAIL  desales-love                            206 sections  §205…§206 (2 findings) word-index-title=2
PASS  dick-j-acts                              29 sections  —                      foreign-work-banner=2
PASS  dionysius-works                          18 sections  —                      no findings
FAIL  doddridge-regen                          12 sections  §12 (1 finding)        word-index-title=1
PASS  dods-likechrist                           6 sections  —                      no findings
PASS  dostoevsky-brothers                      96 sections  —                      no findings
PASS  dostoevsky-crimepunish                   41 sections  —                      no findings
PASS  dostoevsky-undernotes                    22 sections  —                      no findings
PASS  drummond-ascent                          14 sections  —                      foreign-work-banner=1
PASS  drummond-bsi                              7 sections  —                      no findings
PASS  drummond-greatest                        23 sections  —                      no findings
PASS  drummond-ideal                           18 sections  —                      no findings
PASS  drummond-life                             4 sections  —                      no findings
PASS  drummond-monkey                          13 sections  —                      no findings
FAIL  drummond-natural-law                     16 sections  §1…§16 (2 findings)    publisher-blurb-body=1, word-index-title=1
FAIL  drummond-new-ev                           8 sections  §8 (1 finding)         word-index-title=1
PASS  drummond-stone-roll                       7 sections  —                      no findings
PASS  edersheim-sketches                       18 sections  —                      no findings
FAIL  edersheim-temple                         21 sections  §20 (1 finding)        word-index-title=1
PASS  edwards-affections                       28 sections  —                      no findings
PASS  edwards-treatiseongrace                   3 sections  —                      no findings
FAIL  edwards-will                             37 sections  §37 (1 finding)        word-index-title=1
FAIL  edwards-works1                          302 sections  §25…§266 (2 findings)  foreign-work-banner=6
PASS  edwards-works2                          241 sections  —                      foreign-work-banner=3
PASS  emmerich-lifemary                        21 sections  —                      foreign-work-banner=1
FAIL  emmerich-passion                         78 sections  §78 (1 finding)        word-index-title=1
FAIL  erasmus-colloquies1                      41 sections  §5…§7 (2 findings)     apparatus-title=2, foreign-work-banner=1
FAIL  farrar-clouds                            80 sections  §79…§80 (2 findings)   word-index-title=2
PASS  feltoe-dionysius                         42 sections  —                      no findings
FAIL  fenelon-existence-god                    92 sections  §76 (1 finding)        foreign-work-banner=1
PASS  fenelon-maxims                            5 sections  —                      no findings
PASS  fenelon-progress                        108 sections  —                      no findings
PASS  finney-backslide                          6 sections  —                      no findings
PASS  finney-power                             17 sections  —                      no findings
PASS  finney-revivals                          23 sections  —                      no findings
FAIL  finney-theology                          54 sections  §54 (1 finding)        word-index-title=1
PASS  finney-toprofessingchristians            24 sections  —                      no findings
PASS  fisher-e-marrow                          21 sections  —                      no findings
PASS  flavel-fountain                          44 sections  —                      no findings
FAIL  flavel-grace                             37 sections  §1 (1 finding)         apparatus-title=1
PASS  flavel-lovely                             8 sections  —                      no findings
FAIL  flavel-pneum                             10 sections  §1…§2 (2 findings)     apparatus-title=2
PASS  flavel-saintindeed                       24 sections  —                      no findings
PASS  forsyth-prayer                            7 sections  —                      no findings
PASS  forsyth-work                              8 sections  —                      no findings
PASS  fosdick-meaningprayer                    31 sections  —                      no findings
FAIL  fox-g-autobio                            21 sections  §18 (1 finding)        foreign-work-banner=1
PASS  fuller-david                              3 sections  —                      no findings
FAIL  fuller-goodthoughts                     226 sections  §226 (1 finding)       foreign-work-byline=1, word-index-title=1
PASS  gardner-cell                             17 sections  —                      foreign-work-banner=4
PASS  gerson-snares                             6 sections  —                      no findings
FAIL  gill-doctrinal                          112 sections  §112 (1 finding)       word-index-title=1
FAIL  gill-practical                           53 sections  §53 (1 finding)        word-index-title=1
PASS  gordon-talkschrist                        8 sections  —                      no findings
PASS  gordon-talksfollowingchrist              11 sections  —                      no findings
PASS  gordon-talksjesus                        21 sections  —                      no findings
PASS  gordon-talksjohn                          7 sections  —                      no findings
PASS  gordon-talkspower                         8 sections  —                      no findings
PASS  gordon-talkswinners                      14 sections  —                      no findings
PASS  gray-jm-synthetic                        63 sections  —                      no findings
PASS  griffin-sufferings                       23 sections  —                      no findings
PASS  groom-bible                              61 sections  —                      no findings
PASS  guthrie-interest2                        25 sections  —                      no findings
PASS  guyon-auto                               50 sections  —                      no findings
PASS  guyon-song                               10 sections  —                      no findings
PASS  guyon-spiritual-torrents                 16 sections  —                      no findings
PASS  handel-messiah                           17 sections  —                      no findings
FAIL  harnack-origin-nt                        22 sections  §1…§22 (2 findings)    apparatus-title=1, word-index-title=1
PASS  havergal-keptuse                         33 sections  —                      no findings
PASS  herbert-temple2                          41 sections  —                      no findings
PASS  hoadly-acceptance                        18 sections  —                      no findings
PASS  hodge-darwinism                          23 sections  —                      no findings
PASS  hoskier-codexb1                           5 sections  —                      no findings
FAIL  howe-john-howe05                         53 sections  §53 (1 finding)        foreign-work-byline=1, word-index-title=1
FAIL  howe-john-howe06                         43 sections  §43 (1 finding)        word-index-title=1
FAIL  howe-john-howe07                         62 sections  §62 (1 finding)        word-index-title=1
FAIL  howe-john-howe08                         56 sections  §56 (1 finding)        word-index-title=1
PASS  iecm-ojibway                             80 sections  —                      no findings
PASS  inge-mysticism                            9 sections  —                      no findings
PASS  inge-outspoken                           12 sections  —                      no findings
FAIL  james-varieties                          18 sections  §17…§18 (2 findings)   word-index-title=2
FAIL  jenyns-evil                               7 sections  §7 (1 finding)         word-index-title=1
PASS  jenyns-internal1776                       5 sections  —                      no findings
PASS  jenyns-internal1799                       5 sections  —                      no findings
PASS  jfb                                   15473 sections  —                      foreign-work-banner=2
FAIL  john-cross-ascent                       108 sections  §9…§107 (2 findings)   foreign-work-banner=2, apparatus-title=1, word-index-title=1
FAIL  john-cross-canticle                      44 sections  §3…§44 (2 findings)    apparatus-title=1, word-index-title=1
FAIL  john-cross-dark-night                    46 sections  §45 (1 finding)        word-index-title=1
PASS  johnson-bw-pnt                          298 sections  —                      foreign-work-banner=1
FAIL  jowett-b-essays                          13 sections  §13 (1 finding)        word-index-title=1
FAIL  jowett-b-scripture                        9 sections  §9 (1 finding)         word-index-title=1
FAIL  jowett-b-theological                      8 sections  §8 (1 finding)         word-index-title=1
PASS  jowett-calvary                            7 sections  —                      no findings
FAIL  jowett-epistpeter                        31 sections  §31 (1 finding)        word-index-title=1
PASS  jowett-friendonroad                      59 sections  —                      no findings
PASS  jowett-passion                            8 sections  —                      foreign-work-banner=1
PASS  jowett-silverlining                      26 sections  —                      no findings
PASS  keble-year                              109 sections  —                      no findings
PASS  kelly-gerhardtsong                       78 sections  —                      no findings
PASS  kierkegaard-selections                    5 sections  —                      foreign-work-byline=1
PASS  knox-blast                                5 sections  —                      no findings
PASS  knox-works1                              24 sections  —                      no findings
FAIL  kuyper-holy-spirit                      134 sections  §70 (1 finding)        foreign-work-byline=1, foreign-work-banner=1
PASS  kuyper-near                             110 sections  —                      no findings
FAIL  lardner-n-miracles                       15 sections  §1…§15 (2 findings)    apparatus-title=1, word-index-title=1
PASS  law-apracticaltreat                      16 sections  —                      no findings
PASS  law-collection                           25 sections  —                      no findings
PASS  law-doubt                                 5 sections  —                      no findings
PASS  law-humbleearnest                        35 sections  —                      no findings
PASS  law-love2                                 5 sections  —                      no findings
PASS  law-prayer                                5 sections  —                      no findings
PASS  law-serious-call                         25 sections  —                      no findings
PASS  law-waytodivine                           3 sections  —                      no findings
PASS  leightonpullan-earlychristian            10 sections  —                      no findings
PASS  lewis-he-sswales                          4 sections  —                      no findings
FAIL  lightfoot-fathers                        15 sections  §10 (1 finding)        foreign-work-banner=9
PASS  lightfoot-talmud                         62 sections  —                      no findings
FAIL  lindsay-early-church                     11 sections  §10…§11 (2 findings)   word-index-title=2
FAIL  luckock-h-studies                         7 sections  §7 (1 finding)         word-index-title=1
PASS  macdonald-adela1                          7 sections  —                      no findings
PASS  macdonald-adela2                          7 sections  —                      no findings
PASS  macdonald-adela3                         10 sections  —                      no findings
PASS  macdonald-backofnorth                    38 sections  —                      no findings
PASS  macdonald-dayboy                         21 sections  —                      no findings
PASS  macdonald-donal-grant                    86 sections  —                      no findings
PASS  macdonald-doublestory                    14 sections  —                      no findings
PASS  macdonald-elginbrod                      76 sections  —                      no findings
PASS  macdonald-heatherandsnow                 45 sections  —                      no findings
PASS  macdonald-hope                           12 sections  —                      no findings
PASS  macdonald-lady                           36 sections  —                      no findings
PASS  macdonald-lilith                         47 sections  —                      no findings
PASS  macdonald-miracles                       12 sections  —                      no findings
PASS  macdonald-neighbourhood                  34 sections  —                      no findings
PASS  macdonald-phantastes-faerie              27 sections  —                      no findings
PASS  macdonald-portent                        33 sections  —                      no findings
PASS  macdonald-princess                       15 sections  —                      no findings
PASS  macdonald-princesscurdie                 35 sections  —                      no findings
FAIL  macdonald-princessgoblin                 34 sections  §1 (1 finding)         apparatus-title=1
PASS  macdonald-purposes-shadows                5 sections  —                      no findings
PASS  macdonald-rfalconer                      73 sections  —                      no findings
PASS  macdonald-salted                         27 sections  —                      no findings
PASS  macdonald-saltedfire                     26 sections  —                      no findings
PASS  macdonald-seaboardparish                 43 sections  —                      no findings
PASS  macdonald-sirgibbie                      64 sections  —                      no findings
PASS  macdonald-strife                         12 sections  —                      no findings
PASS  macdonald-there-back                     67 sections  —                      no findings
PASS  macdonald-thomaswingfold                 98 sections  —                      no findings
PASS  macdonald-vicardaughter                  44 sections  —                      no findings
FAIL  maclaren-david                           18 sections  §17 (1 finding)        publisher-blurb-body=1
FAIL  maimonides-guide                        187 sections  §82…§187 (3 findings)  apparatus-title=2, word-index-title=1
PASS  manning-henry-grounds                     4 sections  —                      no findings
PASS  mcgarvey-gospels                        201 sections  —                      no findings
FAIL  mead-matthew-almost                      11 sections  §11 (1 finding)        word-index-title=1
PASS  mead-matthew-name                         4 sections  —                      no findings
FAIL  mede-key                                 59 sections  §59 (1 finding)        word-index-title=1
PASS  meyer-guidance                            9 sections  —                      no findings
PASS  meyer-into-holiest                       36 sections  —                      no findings
PASS  milton-paradiselost                      10 sections  —                      no findings
FAIL  moffat-jampetjud                          7 sections  §6…§7 (2 findings)     word-index-title=2
PASS  molinos-guide                            59 sections  —                      no findings
PASS  moody-anecdotes                          63 sections  —                      no findings
PASS  more-comfort                             69 sections  —                      no findings
FAIL  moule-brethren                           15 sections  §15 (1 finding)        publisher-blurb-body=1
PASS  moule-hebrews                            14 sections  —                      no findings
PASS  murray-covenants                         24 sections  —                      no findings
PASS  murray-deeper                             8 sections  —                      no findings
PASS  murray-indwelling                        13 sections  —                      no findings
PASS  murray-lords-table                       31 sections  —                      no findings
PASS  murray-new-life                          53 sections  —                      foreign-work-banner=1
PASS  murray-obedience                          9 sections  —                      foreign-work-banner=2
PASS  murray-prayer                            32 sections  —                      foreign-work-banner=1
PASS  murray-surrender                          9 sections  —                      no findings
PASS  murray-true-vine                         31 sections  —                      no findings
PASS  murray-waiting                           33 sections  —                      no findings
FAIL  murray-working                           31 sections  §15 (1 finding)        foreign-work-banner=1
PASS  nave-bible                               25 sections  —                      no findings
FAIL  neander-a-life                          358 sections  §62…§358 (5 findings)  foreign-work-banner=3, apparatus-title=1, word-index-title=2
FAIL  neander-a-light                          29 sections  §29 (1 finding)        foreign-work-banner=1, word-index-title=1
PASS  newman-callista                          36 sections  —                      no findings
PASS  newman-gerontius                          7 sections  —                      no findings
FAIL  newman-tractstimes                       11 sections  §11 (1 finding)        publisher-blurb-body=1
PASS  newton-messiah1                          25 sections  —                      no findings
PASS  newton-messiah2                          25 sections  —                      no findings
PASS  oman-grace                               26 sections  —                      no findings
FAIL  orr-view                                 67 sections  §66…§67 (2 findings)   word-index-title=2
PASS  orrce-holylife                           46 sections  —                      no findings
PASS  orrce-lambs                              53 sections  —                      no findings
PASS  otto-ideaholy                            23 sections  —                      no findings
PASS  owen-apostasy                            13 sections  —                      no findings
PASS  owen-churchlove                           5 sections  —                      no findings
PASS  owen-communion                           24 sections  —                      no findings
PASS  owen-conscience                          14 sections  —                      no findings
PASS  owen-deathofdeath                        31 sections  —                      no findings
PASS  owen-discourses                          28 sections  —                      no findings
PASS  owen-display                             14 sections  —                      no findings
PASS  owen-eshcol                              24 sections  —                      no findings
PASS  owen-evangelicalchurches                 26 sections  —                      no findings
PASS  owen-faith                                7 sections  —                      no findings
PASS  owen-glory                               16 sections  —                      no findings
FAIL  owen-grotius                              4 sections  §2…§4 (2 findings)     apparatus-title=1, word-index-title=1
PASS  owen-indwellingsin                       17 sections  —                      no findings
FAIL  owen-just                                41 sections  §41 (1 finding)        word-index-title=1
PASS  owen-justice                             18 sections  —                      no findings
PASS  owen-liturgies                           10 sections  —                      no findings
PASS  owen-mort                                14 sections  —                      no findings
PASS  owen-pastorspeople                        8 sections  —                      no findings
PASS  owen-perseverance                        17 sections  —                      no findings
PASS  owen-pneum                               72 sections  —                      no findings
FAIL  owen-poema                                3 sections  §3 (1 finding)         word-index-title=1
PASS  owen-schism                              20 sections  —                      foreign-work-banner=1
PASS  owen-sin-grace                            6 sections  —                      no findings
PASS  owen-spirituallyminded                   21 sections  —                      no findings
PASS  owen-temptation                           9 sections  —                      no findings
FAIL  owen-trinity                              8 sections  §3…§8 (2 findings)     apparatus-title=1, word-index-title=1
PASS  owen-truthinnocence                       7 sections  —                      no findings
PASS  owen-vindicevang                         36 sections  —                      no findings
PASS  owen-worship                             53 sections  —                      no findings
FAIL  paley-evidence                           48 sections  §48 (1 finding)        word-index-title=1
PASS  paley-paleysnatural                      20 sections  —                      no findings
PASS  palgrave-sacredsong                     423 sections  —                      no findings
PASS  pascal-provincial                        20 sections  —                      no findings
FAIL  penn-primitivechristianity               20 sections  §1 (1 finding)         publisher-catalogue-title=1
PASS  penn-quakers                              8 sections  —                      no findings
PASS  philo-works                              44 sections  —                      foreign-work-banner=1
PASS  pink-antichrist                          60 sections  —                      no findings
PASS  pink-godhood                              4 sections  —                      no findings
FAIL  pink-gospels                             12 sections  §1 (1 finding)         apparatus-title=1
FAIL  pink-inspiration                         23 sections  §1 (1 finding)         apparatus-title=1
PASS  pink-just                                10 sections  —                      no findings
PASS  pink-return                             103 sections  —                      no findings
PASS  pink-sovereignty                         17 sections  —                      no findings
FAIL  pressense-early                          70 sections  §69…§70 (2 findings)   foreign-work-banner=1, word-index-title=2
FAIL  prideaux-directions                      13 sections  §13 (1 finding)        word-index-title=1
PASS  pusey-eirenicon                           5 sections  —                      no findings
PASS  quadrupani-light                         28 sections  —                      no findings
FAIL  ramsay-bethlehem                         18 sections  §17…§18 (2 findings)   word-index-title=2
FAIL  ray-persuasive                           15 sections  §1…§15 (2 findings)    apparatus-title=1, word-index-title=1
FAIL  richardson-fathers                       40 sections  §2…§40 (4 findings)    apparatus-title=1, foreign-work-banner=6, word-index-title=1
PASS  robertson-at-word                       287 sections  —                      foreign-work-byline=21, foreign-work-banner=4
PASS  robinson-j-words                         15 sections  —                      no findings
FAIL  rolt-dionysius                           27 sections  §26…§27 (2 findings)   foreign-work-banner=1, word-index-title=2
PASS  ruysbroeck-adornment                    129 sections  —                      no findings
PASS  ryle-upper-room                          23 sections  —                      no findings
FAIL  schaff-romance                            7 sections  §7 (1 finding)         foreign-work-byline=1, word-index-title=1
PASS  schleiermach-religion                     8 sections  —                      no findings
FAIL  schmid-theology                          79 sections  §78…§79 (2 findings)   word-index-title=2
PASS  sheldon-ihsteps                          31 sections  —                      no findings
FAIL  shepard-worksthomas                      30 sections  §1…§14 (2 findings)    apparatus-title=1, foreign-work-byline=1, foreign-work-banner=2, publisher-blurb-body=1
PASS  simon-works1                             75 sections  —                      no findings
FAIL  simon-works2                             87 sections  §15…§34 (2 findings)   foreign-work-banner=2
PASS  singh-feet                               16 sections  —                      no findings
PASS  smith-ga-jeremiah                        24 sections  —                      no findings
PASS  smith-geo-carey                          16 sections  —                      no findings
PASS  smith-hw-comfort                         17 sections  —                      no findings
PASS  smith-hw-secret                          22 sections  —                      foreign-work-banner=1
PASS  smith-hw-types                           24 sections  —                      no findings
PASS  spurgeon-grace                           20 sections  —                      no findings
PASS  spurgeon-till-he-come                    23 sections  —                      no findings
PASS  steele-love                              23 sections  —                      no findings
FAIL  swete-greekot                            28 sections  §27…§28 (2 findings)   foreign-work-byline=1, foreign-work-banner=1, word-index-title=2
FAIL  taylor-holy-dying                        42 sections  §42 (1 finding)        word-index-title=1
FAIL  taylor-jh-union                          10 sections  §1…§4 (2 findings)     apparatus-title=2
PASS  teresa-castle2                           31 sections  —                      foreign-work-byline=1
PASS  teresa-life                              40 sections  —                      foreign-work-banner=1
FAIL  therese-autobio                          89 sections  §18…§83 (2 findings)   foreign-work-banner=2
FAIL  thomson-owenlife                         17 sections  §17 (1 finding)        foreign-work-banner=2, word-index-title=1
FAIL  tillotson-works04                        32 sections  §32 (1 finding)        word-index-title=1
FAIL  tillotson-works05                        32 sections  §32 (1 finding)        word-index-title=1
FAIL  tillotson-works06                        28 sections  §28 (1 finding)        word-index-title=1
FAIL  tillotson-works07                        33 sections  §33 (1 finding)        foreign-work-byline=2, word-index-title=1
FAIL  tillotson-works08                        32 sections  §32 (1 finding)        foreign-work-byline=1, foreign-work-banner=3, word-index-title=1
FAIL  tillotson-works09                        36 sections  §36 (1 finding)        word-index-title=1
FAIL  tillotson-works10                        57 sections  §57 (1 finding)        foreign-work-banner=2, word-index-title=1
PASS  tischendorf-gospels                       7 sections  —                      no findings
FAIL  tischendorf-origins                       5 sections  §4…§5 (2 findings)     word-index-title=2
PASS  tolstoy-23-tales                         24 sections  —                      no findings
PASS  tolstoy-family                            9 sections  —                      no findings
PASS  tolstoy-gospel                           15 sections  —                      no findings
FAIL  tolstoy-hadij                            19 sections  §19 (1 finding)        word-index-title=1
FAIL  tolstoy-ivan                             13 sections  §13 (1 finding)        word-index-title=1
FAIL  tolstoy-karenina                        242 sections  §241…§242 (2 findings) word-index-title=2
PASS  tolstoy-master                           10 sections  —                      no findings
PASS  tolstoy-sergius                           6 sections  —                      no findings
PASS  torrey-pray                              13 sections  —                      no findings
FAIL  torrey-revival                           42 sections  §40…§42 (2 findings)   foreign-work-banner=1, publisher-blurb-body=1
PASS  torrey-ttt                               24 sections  —                      no findings
PASS  torrey-work-holy-spirit                  22 sections  —                      no findings
PASS  traherne-centuries                        6 sections  —                      no findings
FAIL  trench-7churches                         11 sections  §10…§11 (2 findings)   word-index-title=2
FAIL  tulloch-luther                            9 sections  §7…§9 (3 findings)     word-index-title=3
FAIL  tulloch-sin                               9 sections  §9 (1 finding)         word-index-title=1
FAIL  tulloch-theism                           40 sections  §39…§40 (2 findings)   word-index-title=2
FAIL  ullmann-sinlessness                      38 sections  §38 (1 finding)        foreign-work-banner=1, word-index-title=1
PASS  underhill-essentials                     13 sections  —                      no findings
PASS  underhill-life                           10 sections  —                      no findings
FAIL  underhill-mysticism                      22 sections  §21…§22 (2 findings)   word-index-title=2
PASS  underhill-practical                      10 sections  —                      no findings
PASS  upham-maxims                             45 sections  —                      no findings
PASS  ursinus-gospel                            5 sections  —                      no findings
PASS  vandyke-otherwiseman                      5 sections  —                      foreign-work-byline=1
FAIL  walker-harmony2                         342 sections  §1 (1 finding)         apparatus-title=1
FAIL  watson-commandments                      24 sections  §24 (1 finding)        word-index-title=1
PASS  watson-cordial                           10 sections  —                      no findings
PASS  watts-divsongs                           46 sections  —                      no findings
PASS  wesley-journal                          392 sections  —                      foreign-work-banner=2, foreign-work-byline=1
PASS  wesley-perfection                         7 sections  —                      no findings
FAIL  wesley-works                            257 sections  §2…§142 (3 findings)   apparatus-title=2, foreign-work-banner=2
FAIL  west-ce-analogy                          18 sections  §18 (1 finding)        word-index-title=1
PASS  westcott-epistlehebrews                  27 sections  —                      no findings
PASS  white-acts                               58 sections  —                      no findings
PASS  white-controversy                        43 sections  —                      foreign-work-banner=1
PASS  white-desire                             87 sections  —                      no findings
PASS  white-prophets                           68 sections  —                      no findings
PASS  white-steps                              14 sections  —                      no findings
PASS  whyte-pray                               24 sections  —                      no findings
PASS  whyte-teresa                             17 sections  —                      no findings
FAIL  willison-testimony                        8 sections  §2…§8 (2 findings)     apparatus-title=1, word-index-title=1
PASS  winkworth-chorales                      206 sections  —                      no findings
PASS  winkworth-life                          121 sections  —                      no findings
PASS  winkworth-lyra                          104 sections  —                      no findings
PASS  winkworth-singers                        62 sections  —                      foreign-work-banner=1
PASS  woolman-journal                          16 sections  —                      no findings
FAIL  wuttke-ethics2                           38 sections  §38 (1 finding)        word-index-title=1
PASS  wyss-swiss                               18 sections  —                      no findings
FAIL  young-e-night                             4 sections  §4 (1 finding)         publisher-blurb-body=1

=== SCAN VERDICT — 439 works: 296 PASS, 143 FAIL, 0 EMPTY ===

JSON_DETAIL_BEGIN
{
 "detectorVersion": "2.1.0",
 "slugFile": "docs/evidence/adr029-scan-2026-09-07-prod/input-slugs.json",
 "slugFileSha256": "f294807bbae53068112bac388d0c4fcc3300b21139a5b83439933424a6336622",
 "works": [
  {
   "slug": "abelard-misfortunes",
   "verdict": "FAIL",
   "author": "Abelard, Peter",
   "scanned": 17,
   "findings": [
    {
     "ordinal": 16,
     "position": "tail",
     "kind": "foreign-work-banner",
     "strength": "strong",
     "evidence": "THE WRITING OF\nTHIS HIS LETTER",
     "reason": "names 'LETTER', not the declared author 'Abelard, Peter'"
    },
    {
     "ordinal": 17,
     "position": "tail",
     "kind": "word-index-title",
     "strength": "strong",
     "evidence": "Latin Words and Phrases",
     "reason": null
    }
   ]
  },
  {
   "slug": "addison-evidences",
   "verdict": "FAIL",
   "author": "Addison, Joseph",
   "scanned": 23,
   "findings": [
    {
     "ordinal": 23,
     "position": "tail",
     "kind": "word-index-title",
     "strength": "strong",
     "evidence": "Latin Words and Phrases",
     "reason": null
    }
   ]
  },
  {
   "slug": "alexander-a-canon",
   "verdict": "FAIL",
   "author": "Alexander, Archibald",
   "scanned": 36,
   "findings": [
    {
     "ordinal": 1,
     "position": "head",
     "kind": "apparatus-title",
     "strength": "strong",
     "evidence": "PREFACE.",
     "reason": null
    },
    {
     "ordinal": 36,
     "position": "tail",
     "kind": "word-index-title",
     "strength": "strong",
     "evidence": "Latin Words and Phrases",
     "reason": null
    }
   ]
  },
  {
   "slug": "alexander-a-evidences",
   "verdict": "FAIL",
   "author": "Alexander, Archibald",
   "scanned": 15,
   "findings": [
    {
     "ordinal": 15,
     "position": "tail",
     "kind": "word-index-title",
     "strength": "strong",
     "evidence": "Latin Words and Phrases",
     "reason": null
    }
   ]
  },
  {
   "slug": "alexander-a-outlines",
   "verdict": "FAIL",
   "author": "Alexander, Archibald",
   "scanned": 31,
   "findings": [
    {
     "ordinal": 31,
     "position": "tail",
     "kind": "word-index-title",
     "strength": "strong",
     "evidence": "Latin Words and Phrases",
     "reason": null
    }
   ]
  },
  {
   "slug": "allen-j-peace",
   "verdict": "PASS",
   "author": "Allen, James",
   "scanned": 8,
   "findings": []
  },
  {
   "slug": "allestree-government",
   "verdict": "PASS",
   "author": "Allestree, Richard",
   "scanned": 13,
   "findings": []
  },
  {
   "slug": "allestree-oracles",
   "verdict": "FAIL",
   "author": "Allestree, Richard",
   "scanned": 10,
   "findings": [
    {
     "ordinal": 9,
     "position": "head",
     "kind": "apparatus-title",
     "strength": "strong",
     "evidence": "The Contents.",
     "reason": null
    },
    {
     "ordinal": 10,
     "position": "head",
     "kind": "word-index-title",
     "strength": "strong",
     "evidence": "Latin Words and Phrases",
     "reason": null
    }
   ]
  },
  {
   "slug": "alphonsus-uniformity",
   "verdict": "PASS",
   "author": "Alphonsus de Liguori, Saint",
   "scanned": 7,
   "findings": []
  },
  {
   "slug": "alphonsus-volonta",
   "verdict": "FAIL",
   "author": "Alphonsus de Liguori, Saint",
   "scanned": 8,
   "findings": [
    {
     "ordinal": 8,
     "position": "head",
     "kind": "word-index-title",
     "strength": "strong",
     "evidence": "Latin Words and Phrases",
     "reason": null
    }
   ]
  },
  {
   "slug": "anderson-prayer",
   "verdict": "FAIL",
   "author": "Anderson, Tony Marshall",
   "scanned": 16,
   "findings": [
    {
     "ordinal": 1,
     "position": "head",
     "kind": "apparatus-title",
     "strength": "strong",
     "evidence": "TABLE OF CONTENTS",
     "reason": null
    }
   ]
  },
  {
   "slug": "andrewes-devotions1",
   "verdict": "FAIL",
   "author": "Andrewes, Lancelot",
   "scanned": 56,
   "findings": [
    {
     "ordinal": 2,
     "position": "head",
     "kind": "apparatus-title",
     "strength": "strong",
     "evidence": "INTRODUCTION.",
     "reason": null
    },
    {
     "ordinal": 56,
     "position": "tail",
     "kind": "word-index-title",
     "strength": "strong",
     "evidence": "Latin Words and Phrases",
     "reason": null
    }
   ]
  },
  {
   "slug": "anselm-basic-works",
   "verdict": "PASS",
   "author": "Anselm, Saint, Archbishop of Canterbury",
   "scanned": 163,
   "findings": []
  },
  {
   "slug": "anselm-devotions",
   "verdict": "FAIL",
   "author": "Anselm, Saint, Archbishop of Canterbury",
   "scanned": 57,
   "findings": [
    {
     "ordinal": 57,
     "position": "tail",
     "kind": "word-index-title",
     "strength": "strong",
     "evidence": "Latin Words and Phrases",
     "reason": null
    }
   ]
  },
  {
   "slug": "anselm-meditations",
   "verdict": "FAIL",
   "author": "Anselm, Saint, Archbishop of Canterbury",
   "scanned": 23,
   "findings": [
    {
     "ordinal": 6,
     "position": "head",
     "kind": "foreign-work-banner",
     "strength": "weak",
     "evidence": "THE LIFE OF SOUL AND OF",
     "reason": "names 'AND', not the declared author 'Anselm, Saint, Archbishop of Canterbury'"
    },
    {
     "ordinal": 23,
     "position": "tail",
     "kind": "word-index-title",
     "strength": "strong",
     "evidence": "Latin Words and Phrases",
     "reason": null
    }
   ]
  },
  {
   "slug": "aquinas-nature-grace",
   "verdict": "FAIL",
   "author": "Thomas Aquinas, Saint",
   "scanned": 5,
   "findings": [
    {
     "ordinal": 5,
     "position": "head",
     "kind": "publisher-blurb-body",
     "strength": "strong",
     "evidence": "new edition of the symbol is required, as was said in the preceding\narticle. Now",
     "reason": null
    }
   ]
  },
  {
   "slug": "arminius-works1",
   "verdict": "PASS",
   "author": "Arminius, Jacobus",
   "scanned": 111,
   "findings": []
  },
  {
   "slug": "arminius-works2",
   "verdict": "PASS",
   "author": "Arminius, Jacobus",
   "scanned": 150,
   "findings": [
    {
     "ordinal": 144,
     "position": "tail",
     "kind": "foreign-work-banner",
     "strength": "weak",
     "evidence": "WORKS OF BELIEVERS\n\nQUERIES",
     "reason": "names 'QUERIES', not the declared author 'Arminius, Jacobus'"
    }
   ]
  },
  {
   "slug": "arminius-works3",
   "verdict": "FAIL",
   "author": "Arminius, Jacobus",
   "scanned": 61,
   "findings": [
    {
     "ordinal": 1,
     "position": "head",
     "kind": "foreign-work-banner",
     "strength": "strong",
     "evidence": "THE WORKS OF JAMES ARMINIUS VOL",
     "reason": "names 'VOL', not the declared author 'Arminius, Jacobus'"
    },
    {
     "ordinal": 61,
     "position": "tail",
     "kind": "foreign-work-banner",
     "strength": "strong",
     "evidence": "THE TREATISE OF WILLIAM PERKINS CONCERNING",
     "reason": "names 'CONCERNING', not the declared author 'Arminius, Jacobus'"
    }
   ]
  },
  {
   "slug": "arndt-true",
   "verdict": "PASS",
   "author": "Arndt, Johann",
   "scanned": 174,
   "findings": []
  },
  {
   "slug": "augustine-doctrine",
   "verdict": "FAIL",
   "author": "Augustine, Saint",
   "scanned": 156,
   "findings": [
    {
     "ordinal": 43,
     "position": "middle",
     "kind": "apparatus-title",
     "strength": "strong",
     "evidence": "Argument",
     "reason": null
    },
    {
     "ordinal": 86,
     "position": "middle",
     "kind": "apparatus-title",
     "strength": "strong",
     "evidence": "Argument.",
     "reason": null
    },
    {
     "ordinal": 124,
     "position": "middle",
     "kind": "apparatus-title",
     "strength": "strong",
     "evidence": "Argument.",
     "reason": null
    },
    {
     "ordinal": 156,
     "position": "tail",
     "kind": "word-index-title",
     "strength": "strong",
     "evidence": "Latin Words and Phrases",
     "reason": null
    }
   ]
  },
  {
   "slug": "augustine-enchiridion",
   "verdict": "PASS",
   "author": "Augustine, Saint",
   "scanned": 33,
   "findings": []
  },
  {
   "slug": "baker-holy-wisdom",
   "verdict": "FAIL",
   "author": "Baker, Augustine",
   "scanned": 104,
   "findings": [
    {
     "ordinal": 1,
     "position": "head",
     "kind": "apparatus-title",
     "strength": "strong",
     "evidence": "PREFACE TO THE PRESENT EDITION.",
     "reason": null
    }
   ]
  },
  {
   "slug": "barclay-quakers",
   "verdict": "PASS",
   "author": "Barclay, Robert",
   "scanned": 39,
   "findings": []
  },
  {
   "slug": "barnes-ntnotes",
   "verdict": "PASS",
   "author": "Barnes, Albert",
   "scanned": 8155,
   "findings": [
    {
     "ordinal": 6440,
     "position": "middle",
     "kind": "foreign-work-banner",
     "strength": "weak",
     "evidence": "THE EPISTLE OF PAUL TO THE",
     "reason": "names 'THE', not the declared author 'Barnes, Albert'"
    },
    {
     "ordinal": 6441,
     "position": "middle",
     "kind": "foreign-work-banner",
     "strength": "weak",
     "evidence": "THE EPISTLE OF PAUL TO THE",
     "reason": "names 'THE', not the declared author 'Barnes, Albert'"
    },
    {
     "ordinal": 6442,
     "position": "middle",
     "kind": "foreign-work-banner",
     "strength": "weak",
     "evidence": "THE EPISTLE OF PAUL TO THE",
     "reason": "names 'THE', not the declared author 'Barnes, Albert'"
    },
    {
     "ordinal": 6443,
     "position": "middle",
     "kind": "foreign-work-banner",
     "strength": "weak",
     "evidence": "THE EPISTLE OF PAUL TO THE",
     "reason": "names 'THE', not the declared author 'Barnes, Albert'"
    },
    {
     "ordinal": 6444,
     "position": "middle",
     "kind": "foreign-work-banner",
     "strength": "weak",
     "evidence": "THE EPISTLE OF PAUL TO THE",
     "reason": "names 'THE', not the declared author 'Barnes, Albert'"
    },
    {
     "ordinal": 6445,
     "position": "middle",
     "kind": "foreign-work-banner",
     "strength": "weak",
     "evidence": "THE EPISTLE OF PAUL TO THE",
     "reason": "names 'THE', not the declared author 'Barnes, Albert'"
    },
    {
     "ordinal": 6446,
     "position": "middle",
     "kind": "foreign-work-banner",
     "strength": "weak",
     "evidence": "THE EPISTLE OF PAUL TO THE",
     "reason": "names 'THE', not the declared author 'Barnes, Albert'"
    },
    {
     "ordinal": 6447,
     "position": "middle",
     "kind": "foreign-work-banner",
     "strength": "weak",
     "evidence": "THE EPISTLE OF PAUL TO THE",
     "reason": "names 'THE', not the declared author 'Barnes, Albert'"
    },
    {
     "ordinal": 6448,
     "position": "middle",
     "kind": "foreign-work-banner",
     "strength": "weak",
     "evidence": "THE EPISTLE OF PAUL TO THE",
     "reason": "names 'THE', not the declared author 'Barnes, Albert'"
    },
    {
     "ordinal": 6449,
     "position": "middle",
     "kind": "foreign-work-banner",
     "strength": "weak",
     "evidence": "THE EPISTLE OF PAUL TO THE",
     "reason": "names 'THE', not the declared author 'Barnes, Albert'"
    },
    {
     "ordinal": 6450,
     "position": "middle",
     "kind": "foreign-work-banner",
     "strength": "weak",
     "evidence": "THE EPISTLE OF PAUL TO THE",
     "reason": "names 'THE', not the declared author 'Barnes, Albert'"
    },
    {
     "ordinal": 6451,
     "position": "middle",
     "kind": "foreign-work-banner",
     "strength": "weak",
     "evidence": "THE EPISTLE OF PAUL TO THE",
     "reason": "names 'THE', not the declared author 'Barnes, Albert'"
    },
    {
     "ordinal": 6452,
     "position": "middle",
     "kind": "foreign-work-banner",
     "strength": "weak",
     "evidence": "THE EPISTLE OF PAUL TO THE",
     "reason": "names 'THE', not the declared author 'Barnes, Albert'"
    },
    {
     "ordinal": 6453,
     "position": "middle",
     "kind": "foreign-work-banner",
     "strength": "weak",
     "evidence": "THE EPISTLE OF PAUL TO THE",
     "reason": "names 'THE', not the declared author 'Barnes, Albert'"
    },
    {
     "ordinal": 6454,
     "position": "middle",
     "kind": "foreign-work-banner",
     "strength": "weak",
     "evidence": "THE EPISTLE OF PAUL TO THE",
     "reason": "names 'THE', not the declared author 'Barnes, Albert'"
    },
    {
     "ordinal": 6455,
     "position": "middle",
     "kind": "foreign-work-banner",
     "strength": "weak",
     "evidence": "THE EPISTLE OF PAUL TO THE",
     "reason": "names 'THE', not the declared author 'Barnes, Albert'"
    },
    {
     "ordinal": 6456,
     "position": "middle",
     "kind": "foreign-work-banner",
     "strength": "weak",
     "evidence": "THE EPISTLE OF PAUL TO THE",
     "reason": "names 'THE', not the declared author 'Barnes, Albert'"
    },
    {
     "ordinal": 6457,
     "position": "middle",
     "kind": "foreign-work-banner",
     "strength": "weak",
     "evidence": "THE EPISTLE OF PAUL TO THE",
     "reason": "names 'THE', not the declared author 'Barnes, Albert'"
    },
    {
     "ordinal": 6458,
     "position": "middle",
     "kind": "foreign-work-banner",
     "strength": "weak",
     "evidence": "THE EPISTLE OF PAUL TO THE",
     "reason": "names 'THE', not the declared author 'Barnes, Albert'"
    },
    {
     "ordinal": 6459,
     "position": "middle",
     "kind": "foreign-work-banner",
     "strength": "weak",
     "evidence": "THE EPISTLE OF PAUL TO THE",
     "reason": "names 'THE', not the declared author 'Barnes, Albert'"
    },
    {
     "ordinal": 6460,
     "position": "middle",
     "kind": "foreign-work-banner",
     "strength": "weak",
     "evidence": "THE EPISTLE OF PAUL TO THE",
     "reason": "names 'THE', not the declared author 'Barnes, Albert'"
    },
    {
     "ordinal": 6461,
     "position": "middle",
     "kind": "foreign-work-banner",
     "strength": "weak",
     "evidence": "THE EPISTLE OF PAUL TO THE",
     "reason": "names 'THE', not the declared author 'Barnes, Albert'"
    },
    {
     "ordinal": 6462,
     "position": "middle",
     "kind": "foreign-work-banner",
     "strength": "weak",
     "evidence": "THE EPISTLE OF PAUL TO THE",
     "reason": "names 'THE', not the declared author 'Barnes, Albert'"
    },
    {
     "ordinal": 6463,
     "position": "middle",
     "kind": "foreign-work-banner",
     "strength": "weak",
     "evidence": "THE EPISTLE OF PAUL TO THE",
     "reason": "names 'THE', not the declared author 'Barnes, Albert'"
    },
    {
     "ordinal": 6464,
     "position": "middle",
     "kind": "foreign-work-banner",
     "strength": "weak",
     "evidence": "THE EPISTLE OF PAUL TO THE",
     "reason": "names 'THE', not the declared author 'Barnes, Albert'"
    },
    {
     "ordinal": 6465,
     "position": "middle",
     "kind": "foreign-work-banner",
     "strength": "weak",
     "evidence": "THE EPISTLE OF PAUL TO THE",
     "reason": "names 'THE', not the declared author 'Barnes, Albert'"
    },
    {
     "ordinal": 6466,
     "position": "middle",
     "kind": "foreign-work-banner",
     "strength": "weak",
     "evidence": "THE EPISTLE OF PAUL TO THE",
     "reason": "names 'THE', not the declared author 'Barnes, Albert'"
    },
    {
     "ordinal": 6467,
     "position": "middle",
     "kind": "foreign-work-banner",
     "strength": "weak",
     "evidence": "THE EPISTLE OF PAUL TO THE",
     "reason": "names 'THE', not the declared author 'Barnes, Albert'"
    },
    {
     "ordinal": 6468,
     "position": "middle",
     "kind": "foreign-work-banner",
     "strength": "weak",
     "evidence": "THE EPISTLE OF PAUL TO THE",
     "reason": "names 'THE', not the declared author 'Barnes, Albert'"
    },
    {
     "ordinal": 6469,
     "position": "middle",
     "kind": "foreign-work-banner",
     "strength": "weak",
     "evidence": "THE EPISTLE OF PAUL TO THE",
     "reason": "names 'THE', not the declared author 'Barnes, Albert'"
    },
    {
     "ordinal": 6470,
     "position": "middle",
     "kind": "foreign-work-banner",
     "strength": "weak",
     "evidence": "THE EPISTLE OF PAUL TO THE",
     "reason": "names 'THE', not the declared author 'Barnes, Albert'"
    },
    {
     "ordinal": 6471,
     "position": "middle",
     "kind": "foreign-work-banner",
     "strength": "weak",
     "evidence": "THE EPISTLE OF PAUL TO THE",
     "reason": "names 'THE', not the declared author 'Barnes, Albert'"
    },
    {
     "ordinal": 6472,
     "position": "middle",
     "kind": "foreign-work-banner",
     "strength": "weak",
     "evidence": "THE EPISTLE OF PAUL TO THE",
     "reason": "names 'THE', not the declared author 'Barnes, Albert'"
    },
    {
     "ordinal": 6473,
     "position": "middle",
     "kind": "foreign-work-banner",
     "strength": "weak",
     "evidence": "THE EPISTLE OF PAUL TO THE",
     "reason": "names 'THE', not the declared author 'Barnes, Albert'"
    },
    {
     "ordinal": 6474,
     "position": "middle",
     "kind": "foreign-work-banner",
     "strength": "weak",
     "evidence": "THE EPISTLE OF PAUL TO THE",
     "reason": "names 'THE', not the declared author 'Barnes, Albert'"
    },
    {
     "ordinal": 6475,
     "position": "middle",
     "kind": "foreign-work-banner",
     "strength": "weak",
     "evidence": "THE EPISTLE OF PAUL TO THE",
     "reason": "names 'THE', not the declared author 'Barnes, Albert'"
    },
    {
     "ordinal": 6476,
     "position": "middle",
     "kind": "foreign-work-banner",
     "strength": "weak",
     "evidence": "THE EPISTLE OF PAUL TO THE",
     "reason": "names 'THE', not the declared author 'Barnes, Albert'"
    },
    {
     "ordinal": 6477,
     "position": "middle",
     "kind": "foreign-work-banner",
     "strength": "weak",
     "evidence": "THE EPISTLE OF PAUL TO THE",
     "reason": "names 'THE', not the declared author 'Barnes, Albert'"
    },
    {
     "ordinal": 6478,
     "position": "middle",
     "kind": "foreign-work-banner",
     "strength": "weak",
     "evidence": "THE EPISTLE OF PAUL TO THE",
     "reason": "names 'THE', not the declared author 'Barnes, Albert'"
    },
    {
     "ordinal": 6479,
     "position": "middle",
     "kind": "foreign-work-banner",
     "strength": "weak",
     "evidence": "THE EPISTLE OF PAUL TO THE",
     "reason": "names 'THE', not the declared author 'Barnes, Albert'"
    },
    {
     "ordinal": 6480,
     "position": "middle",
     "kind": "foreign-work-banner",
     "strength": "weak",
     "evidence": "THE EPISTLE OF PAUL TO THE",
     "reason": "names 'THE', not the declared author 'Barnes, Albert'"
    },
    {
     "ordinal": 6481,
     "position": "middle",
     "kind": "foreign-work-banner",
     "strength": "weak",
     "evidence": "THE EPISTLE OF PAUL TO THE",
     "reason": "names 'THE', not the declared author 'Barnes, Albert'"
    },
    {
     "ordinal": 6482,
     "position": "middle",
     "kind": "foreign-work-banner",
     "strength": "weak",
     "evidence": "THE EPISTLE OF PAUL TO THE",
     "reason": "names 'THE', not the declared author 'Barnes, Albert'"
    },
    {
     "ordinal": 6483,
     "position": "middle",
     "kind": "foreign-work-banner",
     "strength": "weak",
     "evidence": "THE EPISTLE OF PAUL TO THE",
     "reason": "names 'THE', not the declared author 'Barnes, Albert'"
    },
    {
     "ordinal": 6484,
     "position": "middle",
     "kind": "foreign-work-banner",
     "strength": "weak",
     "evidence": "THE EPISTLE OF PAUL TO THE",
     "reason": "names 'THE', not the declared author 'Barnes, Albert'"
    },
    {
     "ordinal": 6485,
     "position": "middle",
     "kind": "foreign-work-banner",
     "strength": "weak",
     "evidence": "THE EPISTLE OF PAUL TO THE",
     "reason": "names 'THE', not the declared author 'Barnes, Albert'"
    },
    {
     "ordinal": 6486,
     "position": "middle",
     "kind": "foreign-work-banner",
     "strength": "weak",
     "evidence": "THE EPISTLE OF PAUL TO THE",
     "reason": "names 'THE', not the declared author 'Barnes, Albert'"
    },
    {
     "ordinal": 6487,
     "position": "middle",
     "kind": "foreign-work-banner",
     "strength": "weak",
     "evidence": "THE EPISTLE OF PAUL TO THE",
     "reason": "names 'THE', not the declared author 'Barnes, Albert'"
    },
    {
     "ordinal": 6488,
     "position": "middle",
     "kind": "foreign-work-banner",
     "strength": "weak",
     "evidence": "THE EPISTLE OF PAUL TO THE",
     "reason": "names 'THE', not the declared author 'Barnes, Albert'"
    },
    {
     "ordinal": 6489,
     "position": "middle",
     "kind": "foreign-work-banner",
     "strength": "weak",
     "evidence": "THE EPISTLE OF PAUL TO THE",
     "reason": "names 'THE', not the declared author 'Barnes, Albert'"
    },
    {
     "ordinal": 6490,
     "position": "middle",
     "kind": "foreign-work-banner",
     "strength": "weak",
     "evidence": "THE EPISTLE OF PAUL TO THE",
     "reason": "names 'THE', not the declared author 'Barnes, Albert'"
    },
    {
     "ordinal": 6491,
     "position": "middle",
     "kind": "foreign-work-banner",
     "strength": "weak",
     "evidence": "THE EPISTLE OF PAUL TO THE",
     "reason": "names 'THE', not the declared author 'Barnes, Albert'"
    },
    {
     "ordinal": 6492,
     "position": "middle",
     "kind": "foreign-work-banner",
     "strength": "weak",
     "evidence": "THE EPISTLE OF PAUL TO THE",
     "reason": "names 'THE', not the declared author 'Barnes, Albert'"
    },
    {
     "ordinal": 6493,
     "position": "middle",
     "kind": "foreign-work-banner",
     "strength": "weak",
     "evidence": "THE EPISTLE OF PAUL TO THE",
     "reason": "names 'THE', not the declared author 'Barnes, Albert'"
    },
    {
     "ordinal": 6494,
     "position": "middle",
     "kind": "foreign-work-banner",
     "strength": "weak",
     "evidence": "THE EPISTLE OF PAUL TO THE",
     "reason": "names 'THE', not the declared author 'Barnes, Albert'"
    },
    {
     "ordinal": 6495,
     "position": "middle",
     "kind": "foreign-work-banner",
     "strength": "weak",
     "evidence": "THE EPISTLE OF PAUL TO THE",
     "reason": "names 'THE', not the declared author 'Barnes, Albert'"
    },
    {
     "ordinal": 6496,
     "position": "middle",
     "kind": "foreign-work-banner",
     "strength": "weak",
     "evidence": "THE EPISTLE OF PAUL TO THE",
     "reason": "names 'THE', not the declared author 'Barnes, Albert'"
    },
    {
     "ordinal": 6497,
     "position": "middle",
     "kind": "foreign-work-banner",
     "strength": "weak",
     "evidence": "THE EPISTLE OF PAUL TO THE",
     "reason": "names 'THE', not the declared author 'Barnes, Albert'"
    },
    {
     "ordinal": 6498,
     "position": "middle",
     "kind": "foreign-work-banner",
     "strength": "weak",
     "evidence": "THE EPISTLE OF PAUL TO THE",
     "reason": "names 'THE', not the declared author 'Barnes, Albert'"
    },
    {
     "ordinal": 6499,
     "position": "middle",
     "kind": "foreign-work-banner",
     "strength": "weak",
     "evidence": "THE EPISTLE OF PAUL TO THE",
     "reason": "names 'THE', not the declared author 'Barnes, Albert'"
    },
    {
     "ordinal": 6500,
     "position": "middle",
     "kind": "foreign-work-banner",
     "strength": "weak",
     "evidence": "THE EPISTLE OF PAUL TO THE",
     "reason": "names 'THE', not the declared author 'Barnes, Albert'"
    },
    {
     "ordinal": 6501,
     "position": "middle",
     "kind": "foreign-work-banner",
     "strength": "weak",
     "evidence": "THE EPISTLE OF PAUL TO THE",
     "reason": "names 'THE', not the declared author 'Barnes, Albert'"
    },
    {
     "ordinal": 6502,
     "position": "middle",
     "kind": "foreign-work-banner",
     "strength": "weak",
     "evidence": "THE EPISTLE OF PAUL TO THE",
     "reason": "names 'THE', not the declared author 'Barnes, Albert'"
    },
    {
     "ordinal": 6503,
     "position": "middle",
     "kind": "foreign-work-banner",
     "strength": "weak",
     "evidence": "THE EPISTLE OF PAUL TO THE",
     "reason": "names 'THE', not the declared author 'Barnes, Albert'"
    },
    {
     "ordinal": 6504,
     "position": "middle",
     "kind": "foreign-work-banner",
     "strength": "weak",
     "evidence": "THE EPISTLE OF PAUL TO THE",
     "reason": "names 'THE', not the declared author 'Barnes, Albert'"
    },
    {
     "ordinal": 6505,
     "position": "middle",
     "kind": "foreign-work-banner",
     "strength": "weak",
     "evidence": "THE EPISTLE OF PAUL TO THE",
     "reason": "names 'THE', not the declared author 'Barnes, Albert'"
    },
    {
     "ordinal": 6506,
     "position": "middle",
     "kind": "foreign-work-banner",
     "strength": "weak",
     "evidence": "THE EPISTLE OF PAUL TO THE",
     "reason": "names 'THE', not the declared author 'Barnes, Albert'"
    },
    {
     "ordinal": 6507,
     "position": "middle",
     "kind": "foreign-work-banner",
     "strength": "weak",
     "evidence": "THE EPISTLE OF PAUL TO THE",
     "reason": "names 'THE', not the declared author 'Barnes, Albert'"
    },
    {
     "ordinal": 6508,
     "position": "middle",
     "kind": "foreign-work-banner",
     "strength": "weak",
     "evidence": "THE EPISTLE OF PAUL TO THE",
     "reason": "names 'THE', not the declared author 'Barnes, Albert'"
    },
    {
     "ordinal": 6509,
     "position": "middle",
     "kind": "foreign-work-banner",
     "strength": "weak",
     "evidence": "THE EPISTLE OF PAUL TO THE",
     "reason": "names 'THE', not the declared author 'Barnes, Albert'"
    },
    {
     "ordinal": 6510,
     "position": "middle",
     "kind": "foreign-work-banner",
     "strength": "weak",
     "evidence": "THE EPISTLE OF PAUL TO THE",
     "reason": "names 'THE', not the declared author 'Barnes, Albert'"
    },
    {
     "ordinal": 6511,
     "position": "middle",
     "kind": "foreign-work-banner",
     "strength": "weak",
     "evidence": "THE EPISTLE OF PAUL TO THE",
     "reason": "names 'THE', not the declared author 'Barnes, Albert'"
    },
    {
     "ordinal": 6512,
     "position": "middle",
     "kind": "foreign-work-banner",
     "strength": "weak",
     "evidence": "THE EPISTLE OF PAUL TO THE",
     "reason": "names 'THE', not the declared author 'Barnes, Albert'"
    },
    {
     "ordinal": 6513,
     "position": "middle",
     "kind": "foreign-work-banner",
     "strength": "weak",
     "evidence": "THE EPISTLE OF PAUL TO THE",
     "reason": "names 'THE', not the declared author 'Barnes, Albert'"
    },
    {
     "ordinal": 6514,
     "position": "middle",
     "kind": "foreign-work-banner",
     "strength": "weak",
     "evidence": "THE EPISTLE OF PAUL TO THE",
     "reason": "names 'THE', not the declared author 'Barnes, Albert'"
    },
    {
     "ordinal": 6515,
     "position": "middle",
     "kind": "foreign-work-banner",
     "strength": "weak",
     "evidence": "THE EPISTLE OF PAUL TO THE",
     "reason": "names 'THE', not the declared author 'Barnes, Albert'"
    },
    {
     "ordinal": 6516,
     "position": "middle",
     "kind": "foreign-work-banner",
     "strength": "weak",
     "evidence": "THE EPISTLE OF PAUL TO THE",
     "reason": "names 'THE', not the declared author 'Barnes, Albert'"
    },
    {
     "ordinal": 6517,
     "position": "middle",
     "kind": "foreign-work-banner",
     "strength": "weak",
     "evidence": "THE EPISTLE OF PAUL TO THE",
     "reason": "names 'THE', not the declared author 'Barnes, Albert'"
    },
    {
     "ordinal": 6518,
     "position": "middle",
     "kind": "foreign-work-banner",
     "strength": "weak",
     "evidence": "THE EPISTLE OF PAUL TO THE",
     "reason": "names 'THE', not the declared author 'Barnes, Albert'"
    },
    {
     "ordinal": 6519,
     "position": "middle",
     "kind": "foreign-work-banner",
     "strength": "weak",
     "evidence": "THE EPISTLE OF PAUL TO THE",
     "reason": "names 'THE', not the declared author 'Barnes, Albert'"
    },
    {
     "ordinal": 6520,
     "position": "middle",
     "kind": "foreign-work-banner",
     "strength": "weak",
     "evidence": "THE EPISTLE OF PAUL TO THE",
     "reason": "names 'THE', not the declared author 'Barnes, Albert'"
    },
    {
     "ordinal": 6521,
     "position": "middle",
     "kind": "foreign-work-banner",
     "strength": "weak",
     "evidence": "THE EPISTLE OF PAUL TO THE",
     "reason": "names 'THE', not the declared author 'Barnes, Albert'"
    },
    {
     "ordinal": 6522,
     "position": "middle",
     "kind": "foreign-work-banner",
     "strength": "weak",
     "evidence": "THE EPISTLE OF PAUL TO THE",
     "reason": "names 'THE', not the declared author 'Barnes, Albert'"
    },
    {
     "ordinal": 6523,
     "position": "middle",
     "kind": "foreign-work-banner",
     "strength": "weak",
     "evidence": "THE EPISTLE OF PAUL TO THE",
     "reason": "names 'THE', not the declared author 'Barnes, Albert'"
    },
    {
     "ordinal": 6524,
     "position": "middle",
     "kind": "foreign-work-banner",
     "strength": "weak",
     "evidence": "THE EPISTLE OF PAUL TO THE",
     "reason": "names 'THE', not the declared author 'Barnes, Albert'"
    },
    {
     "ordinal": 6525,
     "position": "middle",
     "kind": "foreign-work-banner",
     "strength": "weak",
     "evidence": "THE EPISTLE OF PAUL TO THE",
     "reason": "names 'THE', not the declared author 'Barnes, Albert'"
    },
    {
     "ordinal": 6526,
     "position": "middle",
     "kind": "foreign-work-banner",
     "strength": "weak",
     "evidence": "THE EPISTLE OF PAUL TO THE",
     "reason": "names 'THE', not the declared author 'Barnes, Albert'"
    },
    {
     "ordinal": 6527,
     "position": "middle",
     "kind": "foreign-work-banner",
     "strength": "weak",
     "evidence": "THE EPISTLE OF PAUL TO THE",
     "reason": "names 'THE', not the declared author 'Barnes, Albert'"
    },
    {
     "ordinal": 6528,
     "position": "middle",
     "kind": "foreign-work-banner",
     "strength": "weak",
     "evidence": "THE EPISTLE OF PAUL TO THE",
     "reason": "names 'THE', not the declared author 'Barnes, Albert'"
    },
    {
     "ordinal": 6529,
     "position": "middle",
     "kind": "foreign-work-banner",
     "strength": "weak",
     "evidence": "THE EPISTLE OF PAUL TO THE",
     "reason": "names 'THE', not the declared author 'Barnes, Albert'"
    },
    {
     "ordinal": 6530,
     "position": "middle",
     "kind": "foreign-work-banner",
     "strength": "weak",
     "evidence": "THE EPISTLE OF PAUL TO THE",
     "reason": "names 'THE', not the declared author 'Barnes, Albert'"
    },
    {
     "ordinal": 6531,
     "position": "middle",
     "kind": "foreign-work-banner",
     "strength": "weak",
     "evidence": "THE EPISTLE OF PAUL TO THE",
     "reason": "names 'THE', not the declared author 'Barnes, Albert'"
    },
    {
     "ordinal": 6532,
     "position": "middle",
     "kind": "foreign-work-banner",
     "strength": "weak",
     "evidence": "THE EPISTLE OF PAUL TO THE",
     "reason": "names 'THE', not the declared author 'Barnes, Albert'"
    },
    {
     "ordinal": 6533,
     "position": "middle",
     "kind": "foreign-work-banner",
     "strength": "weak",
     "evidence": "THE EPISTLE OF PAUL TO THE",
     "reason": "names 'THE', not the declared author 'Barnes, Albert'"
    },
    {
     "ordinal": 6534,
     "position": "middle",
     "kind": "foreign-work-banner",
     "strength": "weak",
     "evidence": "THE EPISTLE OF PAUL TO THE",
     "reason": "names 'THE', not the declared author 'Barnes, Albert'"
    },
    {
     "ordinal": 6535,
     "position": "middle",
     "kind": "foreign-work-banner",
     "strength": "weak",
     "evidence": "THE EPISTLE OF PAUL TO THE",
     "reason": "names 'THE', not the declared author 'Barnes, Albert'"
    },
    {
     "ordinal": 6536,
     "position": "middle",
     "kind": "foreign-work-banner",
     "strength": "weak",
     "evidence": "THE EPISTLE OF PAUL TO THE",
     "reason": "names 'THE', not the declared author 'Barnes, Albert'"
    },
    {
     "ordinal": 6537,
     "position": "middle",
     "kind": "foreign-work-banner",
     "strength": "weak",
     "evidence": "THE EPISTLE OF PAUL TO THE",
     "reason": "names 'THE', not the declared author 'Barnes, Albert'"
    },
    {
     "ordinal": 6538,
     "position": "middle",
     "kind": "foreign-work-banner",
     "strength": "weak",
     "evidence": "THE EPISTLE OF PAUL TO THE",
     "reason": "names 'THE', not the declared author 'Barnes, Albert'"
    },
    {
     "ordinal": 6938,
     "position": "middle",
     "kind": "foreign-work-banner",
     "strength": "weak",
     "evidence": "EPISTLE OF PAUL TO PHILEMON",
     "reason": "names 'PHILEMON', not the declared author 'Barnes, Albert'"
    },
    {
     "ordinal": 6939,
     "position": "middle",
     "kind": "foreign-work-banner",
     "strength": "weak",
     "evidence": "EPISTLE OF PAUL TO PHILEMON",
     "reason": "names 'PHILEMON', not the declared author 'Barnes, Albert'"
    },
    {
     "ordinal": 6940,
     "position": "middle",
     "kind": "foreign-work-banner",
     "strength": "weak",
     "evidence": "EPISTLE OF PAUL TO PHILEMON",
     "reason": "names 'PHILEMON', not the declared author 'Barnes, Albert'"
    },
    {
     "ordinal": 6941,
     "position": "middle",
     "kind": "foreign-work-banner",
     "strength": "weak",
     "evidence": "EPISTLE OF PAUL TO PHILEMON",
     "reason": "names 'PHILEMON', not the declared author 'Barnes, Albert'"
    },
    {
     "ordinal": 6942,
     "position": "middle",
     "kind": "foreign-work-banner",
     "strength": "weak",
     "evidence": "EPISTLE OF PAUL TO PHILEMON",
     "reason": "names 'PHILEMON', not the declared author 'Barnes, Albert'"
    },
    {
     "ordinal": 6943,
     "position": "middle",
     "kind": "foreign-work-banner",
     "strength": "weak",
     "evidence": "EPISTLE OF PAUL TO PHILEMON",
     "reason": "names 'PHILEMON', not the declared author 'Barnes, Albert'"
    },
    {
     "ordinal": 6944,
     "position": "middle",
     "kind": "foreign-work-banner",
     "strength": "weak",
     "evidence": "EPISTLE OF PAUL TO PHILEMON",
     "reason": "names 'PHILEMON', not the declared author 'Barnes, Albert'"
    },
    {
     "ordinal": 6945,
     "position": "middle",
     "kind": "foreign-work-banner",
     "strength": "weak",
     "evidence": "EPISTLE OF PAUL TO PHILEMON",
     "reason": "names 'PHILEMON', not the declared author 'Barnes, Albert'"
    },
    {
     "ordinal": 6946,
     "position": "middle",
     "kind": "foreign-work-banner",
     "strength": "weak",
     "evidence": "EPISTLE OF PAUL TO PHILEMON",
     "reason": "names 'PHILEMON', not the declared author 'Barnes, Albert'"
    },
    {
     "ordinal": 6947,
     "position": "middle",
     "kind": "foreign-work-banner",
     "strength": "weak",
     "evidence": "EPISTLE OF PAUL TO PHILEMON",
     "reason": "names 'PHILEMON', not the declared author 'Barnes, Albert'"
    },
    {
     "ordinal": 6948,
     "position": "middle",
     "kind": "foreign-work-banner",
     "strength": "weak",
     "evidence": "EPISTLE OF PAUL TO PHILEMON",
     "reason": "names 'PHILEMON', not the declared author 'Barnes, Albert'"
    },
    {
     "ordinal": 6949,
     "position": "middle",
     "kind": "foreign-work-banner",
     "strength": "weak",
     "evidence": "EPISTLE OF PAUL TO PHILEMON",
     "reason": "names 'PHILEMON', not the declared author 'Barnes, Albert'"
    },
    {
     "ordinal": 6950,
     "position": "middle",
     "kind": "foreign-work-banner",
     "strength": "weak",
     "evidence": "EPISTLE OF PAUL TO PHILEMON",
     "reason": "names 'PHILEMON', not the declared author 'Barnes, Albert'"
    },
    {
     "ordinal": 6951,
     "position": "middle",
     "kind": "foreign-work-banner",
     "strength": "weak",
     "evidence": "EPISTLE OF PAUL TO PHILEMON",
     "reason": "names 'PHILEMON', not the declared author 'Barnes, Albert'"
    },
    {
     "ordinal": 6952,
     "position": "middle",
     "kind": "foreign-work-banner",
     "strength": "weak",
     "evidence": "EPISTLE OF PAUL TO PHILEMON",
     "reason": "names 'PHILEMON', not the declared author 'Barnes, Albert'"
    },
    {
     "ordinal": 6953,
     "position": "middle",
     "kind": "foreign-work-banner",
     "strength": "weak",
     "evidence": "EPISTLE OF PAUL TO PHILEMON",
     "reason": "names 'PHILEMON', not the declared author 'Barnes, Albert'"
    },
    {
     "ordinal": 6954,
     "position": "middle",
     "kind": "foreign-work-banner",
     "strength": "weak",
     "evidence": "EPISTLE OF PAUL TO PHILEMON",
     "reason": "names 'PHILEMON', not the declared author 'Barnes, Albert'"
    },
    {
     "ordinal": 6955,
     "position": "middle",
     "kind": "foreign-work-banner",
     "strength": "weak",
     "evidence": "EPISTLE OF PAUL TO PHILEMON",
     "reason": "names 'PHILEMON', not the declared author 'Barnes, Albert'"
    },
    {
     "ordinal": 6956,
     "position": "middle",
     "kind": "foreign-work-banner",
     "strength": "weak",
     "evidence": "EPISTLE OF PAUL TO PHILEMON",
     "reason": "names 'PHILEMON', not the declared author 'Barnes, Albert'"
    },
    {
     "ordinal": 6957,
     "position": "middle",
     "kind": "foreign-work-banner",
     "strength": "weak",
     "evidence": "EPISTLE OF PAUL TO PHILEMON",
     "reason": "names 'PHILEMON', not the declared author 'Barnes, Albert'"
    },
    {
     "ordinal": 6958,
     "position": "middle",
     "kind": "foreign-work-banner",
     "strength": "weak",
     "evidence": "EPISTLE OF PAUL TO PHILEMON",
     "reason": "names 'PHILEMON', not the declared author 'Barnes, Albert'"
    },
    {
     "ordinal": 6959,
     "position": "middle",
     "kind": "foreign-work-banner",
     "strength": "weak",
     "evidence": "EPISTLE OF PAUL TO PHILEMON",
     "reason": "names 'PHILEMON', not the declared author 'Barnes, Albert'"
    },
    {
     "ordinal": 6960,
     "position": "middle",
     "kind": "foreign-work-banner",
     "strength": "weak",
     "evidence": "EPISTLE OF PAUL TO PHILEMON",
     "reason": "names 'PHILEMON', not the declared author 'Barnes, Albert'"
    },
    {
     "ordinal": 6961,
     "position": "middle",
     "kind": "foreign-work-banner",
     "strength": "weak",
     "evidence": "EPISTLE OF PAUL TO PHILEMON",
     "reason": "names 'PHILEMON', not the declared author 'Barnes, Albert'"
    },
    {
     "ordinal": 6962,
     "position": "middle",
     "kind": "foreign-work-banner",
     "strength": "weak",
     "evidence": "EPISTLE OF PAUL TO PHILEMON",
     "reason": "names 'PHILEMON', not the declared author 'Barnes, Albert'"
    }
   ]
  },
  {
   "slug": "bartleman-deity",
   "verdict": "FAIL",
   "author": "Bartleman, Frank",
   "scanned": 7,
   "findings": [
    {
     "ordinal": 1,
     "position": "head",
     "kind": "apparatus-title",
     "strength": "strong",
     "evidence": "INTRODUCTION",
     "reason": null
    }
   ]
  },
  {
   "slug": "bavinck-revelation",
   "verdict": "PASS",
   "author": "Bavinck, Herman",
   "scanned": 10,
   "findings": []
  },
  {
   "slug": "baxter-causes",
   "verdict": "PASS",
   "author": "Baxter, Richard",
   "scanned": 6,
   "findings": []
  },
  {
   "slug": "baxter-pastor",
   "verdict": "PASS",
   "author": "Baxter, Richard",
   "scanned": 17,
   "findings": []
  },
  {
   "slug": "baxter-unconverted",
   "verdict": "PASS",
   "author": "Baxter, Richard",
   "scanned": 5,
   "findings": []
  },
  {
   "slug": "bayly-piety",
   "verdict": "FAIL",
   "author": "Bayly, Lewis",
   "scanned": 37,
   "findings": [
    {
     "ordinal": 1,
     "position": "head",
     "kind": "apparatus-title",
     "strength": "strong",
     "evidence": "CONTENTS.",
     "reason": null
    },
    {
     "ordinal": 2,
     "position": "head",
     "kind": "apparatus-title",
     "strength": "strong",
     "evidence": "The Epistle Dedicatory",
     "reason": null
    }
   ]
  },
  {
   "slug": "benedict-rule",
   "verdict": "PASS",
   "author": "Benedict, Saint, of Nursia",
   "scanned": 75,
   "findings": [
    {
     "ordinal": 3,
     "position": "head",
     "kind": "foreign-work-banner",
     "strength": "weak",
     "evidence": "Life of Monks",
     "reason": "names 'Monks', not the declared author 'Benedict, Saint, of Nursia'"
    },
    {
     "ordinal": 49,
     "position": "middle",
     "kind": "foreign-work-banner",
     "strength": "weak",
     "evidence": "Work of God\n\nLet",
     "reason": "names 'Let', not the declared author 'Benedict, Saint, of Nursia'"
    }
   ]
  },
  {
   "slug": "benson-psalmody",
   "verdict": "PASS",
   "author": "Benson, Louis Fitzgerald",
   "scanned": 12,
   "findings": []
  },
  {
   "slug": "berkhof-newtestament",
   "verdict": "FAIL",
   "author": "Berkhof, Louis",
   "scanned": 31,
   "findings": [
    {
     "ordinal": 1,
     "position": "head",
     "kind": "apparatus-title",
     "strength": "strong",
     "evidence": "Prolegomena",
     "reason": null
    }
   ]
  },
  {
   "slug": "berkhof-summary",
   "verdict": "FAIL",
   "author": "Berkhof, Louis",
   "scanned": 22,
   "findings": [
    {
     "ordinal": 17,
     "position": "tail",
     "kind": "foreign-work-banner",
     "strength": "strong",
     "evidence": "Work of Redemption",
     "reason": "names 'Redemption', not the declared author 'Berkhof, Louis'"
    }
   ]
  },
  {
   "slug": "berkhof-systematictheology",
   "verdict": "FAIL",
   "author": "Berkhof, Louis",
   "scanned": 75,
   "findings": [
    {
     "ordinal": 42,
     "position": "middle",
     "kind": "foreign-work-banner",
     "strength": "weak",
     "evidence": "Work of Christ\nThe",
     "reason": "names 'The', not the declared author 'Berkhof, Louis'"
    },
    {
     "ordinal": 44,
     "position": "middle",
     "kind": "foreign-work-banner",
     "strength": "strong",
     "evidence": "THE WORK OF REDEMPTION",
     "reason": "names 'REDEMPTION', not the declared author 'Berkhof, Louis'"
    }
   ]
  },
  {
   "slug": "bernard-letters",
   "verdict": "FAIL",
   "author": "Bernard, of Clairvaux, Saint",
   "scanned": 77,
   "findings": [
    {
     "ordinal": 77,
     "position": "tail",
     "kind": "word-index-title",
     "strength": "strong",
     "evidence": "Latin Words and Phrases",
     "reason": null
    }
   ]
  },
  {
   "slug": "bernard-loving-god",
   "verdict": "PASS",
   "author": "Bernard, of Clairvaux, Saint",
   "scanned": 15,
   "findings": []
  },
  {
   "slug": "bernard-st-malachy",
   "verdict": "PASS",
   "author": "Bernard, of Clairvaux, Saint",
   "scanned": 18,
   "findings": [
    {
     "ordinal": 15,
     "position": "tail",
     "kind": "foreign-work-banner",
     "strength": "weak",
     "evidence": "SERMONS OF ST. BERNARD ON THE",
     "reason": "names 'THE', not the declared author 'Bernard, of Clairvaux, Saint'"
    }
   ]
  },
  {
   "slug": "beth-miracles",
   "verdict": "PASS",
   "author": "Beth, Karl",
   "scanned": 4,
   "findings": [
    {
     "ordinal": 1,
     "position": "head",
     "kind": "foreign-work-byline",
     "strength": "weak",
     "evidence": "By Professor Richard H. Gr",
     "reason": "names 'Richard', not the declared author 'Beth, Karl'"
    }
   ]
  },
  {
   "slug": "bevan-friends",
   "verdict": "FAIL",
   "author": "Bevan, Frances",
   "scanned": 60,
   "findings": [
    {
     "ordinal": 1,
     "position": "head",
     "kind": "foreign-work-banner",
     "strength": "strong",
     "evidence": "THE SERMON OF DR. TAULER\nIT",
     "reason": "names 'TAULER', not the declared author 'Bevan, Frances'"
    },
    {
     "ordinal": 2,
     "position": "head",
     "kind": "foreign-work-banner",
     "strength": "strong",
     "evidence": "SERMON OF DR. TAULER\n\nAT",
     "reason": "names 'TAULER', not the declared author 'Bevan, Frances'"
    }
   ]
  },
  {
   "slug": "bevan-matelda",
   "verdict": "PASS",
   "author": "Bevan, Frances",
   "scanned": 55,
   "findings": []
  },
  {
   "slug": "beveridge-w-thoughts",
   "verdict": "FAIL",
   "author": "Beveridge, William",
   "scanned": 64,
   "findings": [
    {
     "ordinal": 64,
     "position": "tail",
     "kind": "word-index-title",
     "strength": "strong",
     "evidence": "Latin Words and Phrases",
     "reason": null
    }
   ]
  },
  {
   "slug": "beveridge-w-thoughts2",
   "verdict": "FAIL",
   "author": "Beveridge, William",
   "scanned": 14,
   "findings": [
    {
     "ordinal": 3,
     "position": "head",
     "kind": "apparatus-title",
     "strength": "strong",
     "evidence": "The Contents.",
     "reason": null
    },
    {
     "ordinal": 14,
     "position": "tail",
     "kind": "word-index-title",
     "strength": "strong",
     "evidence": "Latin Words and Phrases",
     "reason": null
    }
   ]
  },
  {
   "slug": "blois-mirror",
   "verdict": "PASS",
   "author": "Blois, Louis of,",
   "scanned": 13,
   "findings": []
  },
  {
   "slug": "blois-oratory",
   "verdict": "PASS",
   "author": "Blois, Louis of,",
   "scanned": 31,
   "findings": []
  },
  {
   "slug": "blois-spiritual",
   "verdict": "PASS",
   "author": "Blois, Louis of,",
   "scanned": 129,
   "findings": []
  },
  {
   "slug": "boehme-supersensual",
   "verdict": "FAIL",
   "author": "Boehme, Jakob",
   "scanned": 149,
   "findings": [
    {
     "ordinal": 2,
     "position": "head",
     "kind": "foreign-work-byline",
     "strength": "weak",
     "evidence": "BY JACOB BEHMEN",
     "reason": "names 'BEHMEN', not the declared author 'Boehme, Jakob'"
    },
    {
     "ordinal": 4,
     "position": "head",
     "kind": "foreign-work-banner",
     "strength": "strong",
     "evidence": "Behmen's Treatises",
     "reason": "names 'Behmen', not the declared author 'Boehme, Jakob'"
    }
   ]
  },
  {
   "slug": "boehme-waytochrist",
   "verdict": "FAIL",
   "author": "Boehme, Jakob",
   "scanned": 27,
   "findings": [
    {
     "ordinal": 27,
     "position": "tail",
     "kind": "apparatus-title",
     "strength": "strong",
     "evidence": "ARGUMENT",
     "reason": null
    }
   ]
  },
  {
   "slug": "boethius-consolation",
   "verdict": "PASS",
   "author": "Boethius, Anicius Manlius Torquatus Severinus",
   "scanned": 8,
   "findings": []
  },
  {
   "slug": "boethius-tracts",
   "verdict": "PASS",
   "author": "Boethius, Anicius Manlius Torquatus Severinus",
   "scanned": 6,
   "findings": []
  },
  {
   "slug": "boettner-predest",
   "verdict": "PASS",
   "author": "Boettner, Loraine",
   "scanned": 41,
   "findings": []
  },
  {
   "slug": "bonar-peace",
   "verdict": "PASS",
   "author": "Bonar, Horatius",
   "scanned": 12,
   "findings": []
  },
  {
   "slug": "bonar-rentveil",
   "verdict": "PASS",
   "author": "Bonar, Horatius",
   "scanned": 12,
   "findings": []
  },
  {
   "slug": "boston-crook",
   "verdict": "PASS",
   "author": "Boston, Thomas",
   "scanned": 3,
   "findings": []
  },
  {
   "slug": "bounds-essentials",
   "verdict": "PASS",
   "author": "Bounds, Edward M.",
   "scanned": 14,
   "findings": []
  },
  {
   "slug": "bounds-necessity",
   "verdict": "PASS",
   "author": "Bounds, Edward M.",
   "scanned": 15,
   "findings": []
  },
  {
   "slug": "bounds-power",
   "verdict": "PASS",
   "author": "Bounds, Edward M.",
   "scanned": 20,
   "findings": []
  },
  {
   "slug": "bounds-prayingmen",
   "verdict": "PASS",
   "author": "Bounds, Edward M.",
   "scanned": 16,
   "findings": []
  },
  {
   "slug": "bounds-purpose",
   "verdict": "PASS",
   "author": "Bounds, Edward M.",
   "scanned": 13,
   "findings": []
  },
  {
   "slug": "bounds-reality",
   "verdict": "PASS",
   "author": "Bounds, Edward M.",
   "scanned": 15,
   "findings": []
  },
  {
   "slug": "bounds-weapon",
   "verdict": "PASS",
   "author": "Bounds, Edward M.",
   "scanned": 12,
   "findings": []
  },
  {
   "slug": "boyce-theology",
   "verdict": "PASS",
   "author": "Boyce, James Petigru",
   "scanned": 42,
   "findings": []
  },
  {
   "slug": "bradford-meditations",
   "verdict": "FAIL",
   "author": "Bradford, John",
   "scanned": 15,
   "findings": [
    {
     "ordinal": 1,
     "position": "head",
     "kind": "apparatus-title",
     "strength": "strong",
     "evidence": "To the Reader",
     "reason": null
    }
   ]
  },
  {
   "slug": "browne-morals",
   "verdict": "FAIL",
   "author": "Browne, Sir Thomas",
   "scanned": 5,
   "findings": [
    {
     "ordinal": 5,
     "position": "head",
     "kind": "word-index-title",
     "strength": "strong",
     "evidence": "Latin Words and Phrases",
     "reason": null
    }
   ]
  },
  {
   "slug": "browne-religio",
   "verdict": "FAIL",
   "author": "Browne, Sir Thomas",
   "scanned": 10,
   "findings": [
    {
     "ordinal": 1,
     "position": "head",
     "kind": "apparatus-title",
     "strength": "strong",
     "evidence": "Title",
     "reason": null
    }
   ]
  },
  {
   "slug": "bruce-twelve",
   "verdict": "FAIL",
   "author": "Bruce, Alexander Balmain",
   "scanned": 61,
   "findings": [
    {
     "ordinal": 60,
     "position": "tail",
     "kind": "word-index-title",
     "strength": "strong",
     "evidence": "Latin Words and Phrases",
     "reason": null
    },
    {
     "ordinal": 61,
     "position": "tail",
     "kind": "word-index-title",
     "strength": "strong",
     "evidence": "German Words and Phrases",
     "reason": null
    }
   ]
  },
  {
   "slug": "burgon-corruption",
   "verdict": "FAIL",
   "author": "Burgon, John William",
   "scanned": 21,
   "findings": [
    {
     "ordinal": 21,
     "position": "tail",
     "kind": "word-index-title",
     "strength": "strong",
     "evidence": "Latin Words and Phrases",
     "reason": null
    }
   ]
  },
  {
   "slug": "burgon-mark",
   "verdict": "FAIL",
   "author": "Burgon, John William",
   "scanned": 19,
   "findings": [
    {
     "ordinal": 19,
     "position": "tail",
     "kind": "word-index-title",
     "strength": "strong",
     "evidence": "Latin Words and Phrases",
     "reason": null
    }
   ]
  },
  {
   "slug": "burgon-revision-revised",
   "verdict": "FAIL",
   "author": "Burgon, John William",
   "scanned": 28,
   "findings": [
    {
     "ordinal": 28,
     "position": "tail",
     "kind": "word-index-title",
     "strength": "strong",
     "evidence": "Latin Words and Phrases",
     "reason": null
    }
   ]
  },
  {
   "slug": "bushnell-nurture",
   "verdict": "FAIL",
   "author": "Bushnell, Horace",
   "scanned": 18,
   "findings": [
    {
     "ordinal": 18,
     "position": "tail",
     "kind": "word-index-title",
     "strength": "strong",
     "evidence": "Latin Words and Phrases",
     "reason": null
    }
   ]
  },
  {
   "slug": "bushnell-vicarious",
   "verdict": "FAIL",
   "author": "Bushnell, Horace",
   "scanned": 23,
   "findings": [
    {
     "ordinal": 23,
     "position": "tail",
     "kind": "word-index-title",
     "strength": "strong",
     "evidence": "Latin Words and Phrases",
     "reason": null
    }
   ]
  },
  {
   "slug": "butler-analogy",
   "verdict": "FAIL",
   "author": "Butler, Joseph",
   "scanned": 23,
   "findings": [
    {
     "ordinal": 23,
     "position": "tail",
     "kind": "word-index-title",
     "strength": "strong",
     "evidence": "Latin Words and Phrases",
     "reason": null
    }
   ]
  },
  {
   "slug": "calvin-chr-life",
   "verdict": "FAIL",
   "author": "Calvin, John",
   "scanned": 7,
   "findings": [
    {
     "ordinal": 7,
     "position": "head",
     "kind": "word-index-title",
     "strength": "strong",
     "evidence": "French Words and Phrases",
     "reason": null
    }
   ]
  },
  {
   "slug": "calvin-treatise-relics",
   "verdict": "FAIL",
   "author": "Calvin, John",
   "scanned": 12,
   "findings": [
    {
     "ordinal": 11,
     "position": "head",
     "kind": "publisher-catalogue-title",
     "strength": "strong",
     "evidence": "List Of Works Published By Johnstone, Hunter, &amp; Co., Edinburgh.",
     "reason": null
    },
    {
     "ordinal": 12,
     "position": "head",
     "kind": "word-index-title",
     "strength": "strong",
     "evidence": "Latin Words and Phrases",
     "reason": null
    }
   ]
  },
  {
   "slug": "campbell-atonement",
   "verdict": "FAIL",
   "author": "Campbell, John McLeod",
   "scanned": 17,
   "findings": [
    {
     "ordinal": 17,
     "position": "tail",
     "kind": "publisher-catalogue-title",
     "strength": "strong",
     "evidence": "LIST OF BOOKS QUOTED",
     "reason": null
    }
   ]
  },
  {
   "slug": "cassian-conferences",
   "verdict": "PASS",
   "author": "Cassian, John",
   "scanned": 516,
   "findings": [
    {
     "ordinal": 313,
     "position": "middle",
     "kind": "foreign-work-banner",
     "strength": "weak",
     "evidence": "Discourse of Abbot Nesteros",
     "reason": "names 'Nesteros', not the declared author 'Cassian, John'"
    },
    {
     "ordinal": 469,
     "position": "middle",
     "kind": "foreign-work-banner",
     "strength": "weak",
     "evidence": "Discourse of Abbot Theonas",
     "reason": "names 'Theonas', not the declared author 'Cassian, John'"
    }
   ]
  },
  {
   "slug": "catherine-dialog",
   "verdict": "FAIL",
   "author": "Catherine of Siena, St.",
   "scanned": 95,
   "findings": [
    {
     "ordinal": 52,
     "position": "middle",
     "kind": "foreign-work-banner",
     "strength": "strong",
     "evidence": "Treatise of Prayer",
     "reason": "names 'Prayer', not the declared author 'Catherine of Siena, St.'"
    },
    {
     "ordinal": 95,
     "position": "tail",
     "kind": "foreign-work-banner",
     "strength": "strong",
     "evidence": "Letter of Ser Barduccio",
     "reason": "names 'Barduccio', not the declared author 'Catherine of Siena, St.'"
    }
   ]
  },
  {
   "slug": "catherine-g-life",
   "verdict": "PASS",
   "author": "Catherine of Genoa, St.",
   "scanned": 109,
   "findings": []
  },
  {
   "slug": "charnock-reconcil",
   "verdict": "PASS",
   "author": "Charnock, Stephen",
   "scanned": 5,
   "findings": []
  },
  {
   "slug": "chesterton-america",
   "verdict": "PASS",
   "author": "Chesterton, Gilbert Keith",
   "scanned": 19,
   "findings": []
  },
  {
   "slug": "chesterton-ball-cross",
   "verdict": "PASS",
   "author": "Chesterton, Gilbert Keith",
   "scanned": 20,
   "findings": []
  },
  {
   "slug": "chesterton-defendant",
   "verdict": "PASS",
   "author": "Chesterton, Gilbert Keith",
   "scanned": 17,
   "findings": []
  },
  {
   "slug": "chesterton-divorce",
   "verdict": "PASS",
   "author": "Chesterton, Gilbert Keith",
   "scanned": 10,
   "findings": []
  },
  {
   "slug": "chesterton-eugenics",
   "verdict": "PASS",
   "author": "Chesterton, Gilbert Keith",
   "scanned": 17,
   "findings": []
  },
  {
   "slug": "chesterton-everlasting",
   "verdict": "PASS",
   "author": "Chesterton, Gilbert Keith",
   "scanned": 14,
   "findings": []
  },
  {
   "slug": "chesterton-heretics",
   "verdict": "PASS",
   "author": "Chesterton, Gilbert Keith",
   "scanned": 20,
   "findings": []
  },
  {
   "slug": "chesterton-innocencebrown",
   "verdict": "PASS",
   "author": "Chesterton, Gilbert Keith",
   "scanned": 12,
   "findings": []
  },
  {
   "slug": "chesterton-longbow",
   "verdict": "PASS",
   "author": "Chesterton, Gilbert Keith",
   "scanned": 8,
   "findings": []
  },
  {
   "slug": "chesterton-magic",
   "verdict": "PASS",
   "author": "Chesterton, Gilbert Keith",
   "scanned": 4,
   "findings": []
  },
  {
   "slug": "chesterton-manalive",
   "verdict": "PASS",
   "author": "Chesterton, Gilbert Keith",
   "scanned": 10,
   "findings": []
  },
  {
   "slug": "chesterton-napoleon",
   "verdict": "PASS",
   "author": "Chesterton, Gilbert Keith",
   "scanned": 15,
   "findings": []
  },
  {
   "slug": "chesterton-orthodoxy",
   "verdict": "PASS",
   "author": "Chesterton, Gilbert Keith",
   "scanned": 9,
   "findings": []
  },
  {
   "slug": "chesterton-thingsconsidered",
   "verdict": "PASS",
   "author": "Chesterton, Gilbert Keith",
   "scanned": 26,
   "findings": []
  },
  {
   "slug": "chesterton-thursday",
   "verdict": "PASS",
   "author": "Chesterton, Gilbert Keith",
   "scanned": 15,
   "findings": []
  },
  {
   "slug": "chesterton-toomuch",
   "verdict": "PASS",
   "author": "Chesterton, Gilbert Keith",
   "scanned": 8,
   "findings": []
  },
  {
   "slug": "chesterton-trifles",
   "verdict": "PASS",
   "author": "Chesterton, Gilbert Keith",
   "scanned": 39,
   "findings": []
  },
  {
   "slug": "chesterton-victorianage",
   "verdict": "PASS",
   "author": "Chesterton, Gilbert Keith",
   "scanned": 4,
   "findings": []
  },
  {
   "slug": "chesterton-whatwrong",
   "verdict": "PASS",
   "author": "Chesterton, Gilbert Keith",
   "scanned": 52,
   "findings": []
  },
  {
   "slug": "chesterton-whitehorse",
   "verdict": "PASS",
   "author": "Chesterton, Gilbert Keith",
   "scanned": 9,
   "findings": []
  },
  {
   "slug": "chesterton-wisdom",
   "verdict": "PASS",
   "author": "Chesterton, Gilbert Keith",
   "scanned": 12,
   "findings": []
  },
  {
   "slug": "coleridge-reflection",
   "verdict": "PASS",
   "author": "Coleridge, Samuel Taylor",
   "scanned": 116,
   "findings": [
    {
     "ordinal": 1,
     "position": "head",
     "kind": "foreign-work-byline",
     "strength": "weak",
     "evidence": "BY THE REV. JOHN M'VICKAR.",
     "reason": "names 'M'VICKAR', not the declared author 'Coleridge, Samuel Taylor'"
    },
    {
     "ordinal": 114,
     "position": "tail",
     "kind": "foreign-work-banner",
     "strength": "weak",
     "evidence": "Wall's Work",
     "reason": "names 'Wall', not the declared author 'Coleridge, Samuel Taylor'"
    }
   ]
  },
  {
   "slug": "collins-divinesongs",
   "verdict": "FAIL",
   "author": "Collins, An",
   "scanned": 18,
   "findings": [
    {
     "ordinal": 4,
     "position": "head",
     "kind": "apparatus-title",
     "strength": "strong",
     "evidence": "The Preface",
     "reason": null
    }
   ]
  },
  {
   "slug": "conybeare-lxxgrammar",
   "verdict": "PASS",
   "author": "Conybeare, Frederick Cornwallis",
   "scanned": 13,
   "findings": []
  },
  {
   "slug": "cotton-john-keyes",
   "verdict": "FAIL",
   "author": "Cotton, John",
   "scanned": 9,
   "findings": [
    {
     "ordinal": 9,
     "position": "head",
     "kind": "word-index-title",
     "strength": "strong",
     "evidence": "Latin Words and Phrases",
     "reason": null
    }
   ]
  },
  {
   "slug": "cowper-guyonpoems",
   "verdict": "PASS",
   "author": "Cowper, William",
   "scanned": 37,
   "findings": []
  },
  {
   "slug": "cross-g-theology",
   "verdict": "FAIL",
   "author": "Cross, George,",
   "scanned": 17,
   "findings": [
    {
     "ordinal": 1,
     "position": "head",
     "kind": "foreign-work-banner",
     "strength": "strong",
     "evidence": "SCHLEIERMACHER’S LIFE",
     "reason": "names 'SCHLEIERMACHER', not the declared author 'Cross, George,'"
    },
    {
     "ordinal": 14,
     "position": "tail",
     "kind": "foreign-work-banner",
     "strength": "strong",
     "evidence": "WORKS OF REFERENCE",
     "reason": "names 'REFERENCE', not the declared author 'Cross, George,'"
    },
    {
     "ordinal": 16,
     "position": "tail",
     "kind": "word-index-title",
     "strength": "strong",
     "evidence": "Latin Words and Phrases",
     "reason": null
    },
    {
     "ordinal": 17,
     "position": "tail",
     "kind": "word-index-title",
     "strength": "strong",
     "evidence": "German Words and Phrases",
     "reason": null
    }
   ]
  },
  {
   "slug": "dante-divinecomedy",
   "verdict": "PASS",
   "author": "Alighieri, Dante",
   "scanned": 102,
   "findings": []
  },
  {
   "slug": "daubney-additions",
   "verdict": "FAIL",
   "author": "Daubney, William Heaford",
   "scanned": 48,
   "findings": [
    {
     "ordinal": 16,
     "position": "middle",
     "kind": "foreign-work-banner",
     "strength": "weak",
     "evidence": "THE HISTORY OF SUSANNA",
     "reason": "names 'SUSANNA', not the declared author 'Daubney, William Heaford'"
    },
    {
     "ordinal": 30,
     "position": "middle",
     "kind": "foreign-work-banner",
     "strength": "weak",
     "evidence": "THE HISTORY OF BEL AND THE",
     "reason": "names 'THE', not the declared author 'Daubney, William Heaford'"
    },
    {
     "ordinal": 31,
     "position": "middle",
     "kind": "foreign-work-banner",
     "strength": "weak",
     "evidence": "THE HISTORY OF BEL AND THE",
     "reason": "names 'THE', not the declared author 'Daubney, William Heaford'"
    },
    {
     "ordinal": 45,
     "position": "tail",
     "kind": "publisher-blurb-body",
     "strength": "strong",
     "evidence": "Price 3s.\n\nA.D.BOOKMAN. —“A lucid setting forth of the Ancient and Modern Use of",
     "reason": null
    },
    {
     "ordinal": 46,
     "position": "tail",
     "kind": "word-index-title",
     "strength": "strong",
     "evidence": "Latin Words and Phrases",
     "reason": null
    },
    {
     "ordinal": 47,
     "position": "tail",
     "kind": "word-index-title",
     "strength": "strong",
     "evidence": "German Words and Phrases",
     "reason": null
    },
    {
     "ordinal": 48,
     "position": "tail",
     "kind": "word-index-title",
     "strength": "strong",
     "evidence": "French Words and Phrases",
     "reason": null
    }
   ]
  },
  {
   "slug": "deane-pseudepig",
   "verdict": "FAIL",
   "author": "Deane, William John",
   "scanned": 11,
   "findings": [
    {
     "ordinal": 1,
     "position": "head",
     "kind": "apparatus-title",
     "strength": "strong",
     "evidence": "CONTENTS.",
     "reason": null
    },
    {
     "ordinal": 11,
     "position": "head",
     "kind": "word-index-title",
     "strength": "strong",
     "evidence": "Latin Words and Phrases",
     "reason": null
    }
   ]
  },
  {
   "slug": "decaussade-abandonment",
   "verdict": "PASS",
   "author": "de Caussade, Jean-Pierre, S.J.",
   "scanned": 224,
   "findings": []
  },
  {
   "slug": "defoe-crusoe",
   "verdict": "PASS",
   "author": "Defoe, Daniel",
   "scanned": 27,
   "findings": []
  },
  {
   "slug": "denney-christ-death",
   "verdict": "FAIL",
   "author": "Denney, James",
   "scanned": 14,
   "findings": [
    {
     "ordinal": 12,
     "position": "head",
     "kind": "word-index-title",
     "strength": "strong",
     "evidence": "Latin Words and Phrases",
     "reason": null
    },
    {
     "ordinal": 13,
     "position": "tail",
     "kind": "word-index-title",
     "strength": "strong",
     "evidence": "German Words and Phrases",
     "reason": null
    },
    {
     "ordinal": 14,
     "position": "tail",
     "kind": "word-index-title",
     "strength": "strong",
     "evidence": "French Words and Phrases",
     "reason": null
    }
   ]
  },
  {
   "slug": "desales-devout-life",
   "verdict": "PASS",
   "author": "Francis of Sales, St.",
   "scanned": 125,
   "findings": []
  },
  {
   "slug": "desales-love",
   "verdict": "FAIL",
   "author": "Francis of Sales, St.",
   "scanned": 206,
   "findings": [
    {
     "ordinal": 205,
     "position": "tail",
     "kind": "word-index-title",
     "strength": "strong",
     "evidence": "Latin Words and Phrases",
     "reason": null
    },
    {
     "ordinal": 206,
     "position": "tail",
     "kind": "word-index-title",
     "strength": "strong",
     "evidence": "French Words and Phrases",
     "reason": null
    }
   ]
  },
  {
   "slug": "dick-j-acts",
   "verdict": "PASS",
   "author": "Dick, John",
   "scanned": 29,
   "findings": [
    {
     "ordinal": 8,
     "position": "head",
     "kind": "foreign-work-banner",
     "strength": "weak",
     "evidence": "THE HISTORY OF STEPHEN",
     "reason": "names 'STEPHEN', not the declared author 'Dick, John'"
    },
    {
     "ordinal": 10,
     "position": "head",
     "kind": "foreign-work-banner",
     "strength": "weak",
     "evidence": "THE HISTORY OF SIMON MAGUS",
     "reason": "names 'MAGUS', not the declared author 'Dick, John'"
    }
   ]
  },
  {
   "slug": "dionysius-works",
   "verdict": "PASS",
   "author": "Dionysius, the Pseudo-Areopagite",
   "scanned": 18,
   "findings": []
  },
  {
   "slug": "doddridge-regen",
   "verdict": "FAIL",
   "author": "Doddridge, Philip",
   "scanned": 12,
   "findings": [
    {
     "ordinal": 12,
     "position": "head",
     "kind": "word-index-title",
     "strength": "strong",
     "evidence": "Latin Words and Phrases",
     "reason": null
    }
   ]
  },
  {
   "slug": "dods-likechrist",
   "verdict": "PASS",
   "author": "Dods, Marcus",
   "scanned": 6,
   "findings": []
  },
  {
   "slug": "dostoevsky-brothers",
   "verdict": "PASS",
   "author": "Dostoevsky, Fyodor",
   "scanned": 96,
   "findings": []
  },
  {
   "slug": "dostoevsky-crimepunish",
   "verdict": "PASS",
   "author": "Dostoevsky, Fyodor",
   "scanned": 41,
   "findings": []
  },
  {
   "slug": "dostoevsky-undernotes",
   "verdict": "PASS",
   "author": "Dostoevsky, Fyodor",
   "scanned": 22,
   "findings": []
  },
  {
   "slug": "drummond-ascent",
   "verdict": "PASS",
   "author": "Drummond, Henry",
   "scanned": 14,
   "findings": [
    {
     "ordinal": 11,
     "position": "head",
     "kind": "foreign-work-banner",
     "strength": "weak",
     "evidence": "THE LIFE OF OTHERS\nWE",
     "reason": "names 'OTHERS', not the declared author 'Drummond, Henry'"
    }
   ]
  },
  {
   "slug": "drummond-bsi",
   "verdict": "PASS",
   "author": "Drummond, Henry",
   "scanned": 7,
   "findings": []
  },
  {
   "slug": "drummond-greatest",
   "verdict": "PASS",
   "author": "Drummond, Henry",
   "scanned": 23,
   "findings": []
  },
  {
   "slug": "drummond-ideal",
   "verdict": "PASS",
   "author": "Drummond, Henry",
   "scanned": 18,
   "findings": []
  },
  {
   "slug": "drummond-life",
   "verdict": "PASS",
   "author": "Drummond, Henry",
   "scanned": 4,
   "findings": []
  },
  {
   "slug": "drummond-monkey",
   "verdict": "PASS",
   "author": "Drummond, Henry",
   "scanned": 13,
   "findings": []
  },
  {
   "slug": "drummond-natural-law",
   "verdict": "FAIL",
   "author": "Drummond, Henry",
   "scanned": 16,
   "findings": [
    {
     "ordinal": 1,
     "position": "head",
     "kind": "publisher-blurb-body",
     "strength": "strong",
     "evidence": "”— CHURCH QUARTERLY REVIEW.\n\n“A most\nremarkable volume. It is perfectly delightf",
     "reason": null
    },
    {
     "ordinal": 16,
     "position": "tail",
     "kind": "word-index-title",
     "strength": "strong",
     "evidence": "Latin Words and Phrases",
     "reason": null
    }
   ]
  },
  {
   "slug": "drummond-new-ev",
   "verdict": "FAIL",
   "author": "Drummond, Henry",
   "scanned": 8,
   "findings": [
    {
     "ordinal": 8,
     "position": "head",
     "kind": "word-index-title",
     "strength": "strong",
     "evidence": "Latin Words and Phrases",
     "reason": null
    }
   ]
  },
  {
   "slug": "drummond-stone-roll",
   "verdict": "PASS",
   "author": "Drummond, Henry",
   "scanned": 7,
   "findings": []
  },
  {
   "slug": "edersheim-sketches",
   "verdict": "PASS",
   "author": "Edersheim, Alfred",
   "scanned": 18,
   "findings": []
  },
  {
   "slug": "edersheim-temple",
   "verdict": "FAIL",
   "author": "Edersheim, Alfred",
   "scanned": 21,
   "findings": [
    {
     "ordinal": 20,
     "position": "tail",
     "kind": "word-index-title",
     "strength": "strong",
     "evidence": "Latin Words and Phrases",
     "reason": null
    }
   ]
  },
  {
   "slug": "edwards-affections",
   "verdict": "PASS",
   "author": "Edwards, Jonathan",
   "scanned": 28,
   "findings": []
  },
  {
   "slug": "edwards-treatiseongrace",
   "verdict": "PASS",
   "author": "Edwards, Jonathan",
   "scanned": 3,
   "findings": []
  },
  {
   "slug": "edwards-will",
   "verdict": "FAIL",
   "author": "Edwards, Jonathan",
   "scanned": 37,
   "findings": [
    {
     "ordinal": 37,
     "position": "tail",
     "kind": "word-index-title",
     "strength": "strong",
     "evidence": "Latin Words and Phrases",
     "reason": null
    }
   ]
  },
  {
   "slug": "edwards-works1",
   "verdict": "FAIL",
   "author": "Edwards, Jonathan",
   "scanned": 302,
   "findings": [
    {
     "ordinal": 1,
     "position": "head",
     "kind": "foreign-work-banner",
     "strength": "weak",
     "evidence": "THE WORKS OF\nJONATHAN EDWARDS\n\nWITH",
     "reason": "names 'WITH', not the declared author 'Edwards, Jonathan'"
    },
    {
     "ordinal": 10,
     "position": "head",
     "kind": "foreign-work-banner",
     "strength": "weak",
     "evidence": "Letter of Rev",
     "reason": "names 'Rev', not the declared author 'Edwards, Jonathan'"
    },
    {
     "ordinal": 24,
     "position": "middle",
     "kind": "foreign-work-banner",
     "strength": "weak",
     "evidence": "Letter of Dr. Bellamy",
     "reason": "names 'Bellamy', not the declared author 'Edwards, Jonathan'"
    },
    {
     "ordinal": 25,
     "position": "middle",
     "kind": "foreign-work-banner",
     "strength": "strong",
     "evidence": "LETTERS OF MRS. BURR",
     "reason": "names 'BURR', not the declared author 'Edwards, Jonathan'"
    },
    {
     "ordinal": 173,
     "position": "middle",
     "kind": "foreign-work-banner",
     "strength": "weak",
     "evidence": "WORK OF GOD\nIN THE",
     "reason": "names 'THE', not the declared author 'Edwards, Jonathan'"
    },
    {
     "ordinal": 266,
     "position": "middle",
     "kind": "foreign-work-banner",
     "strength": "strong",
     "evidence": "THE\nWORK OF REDEMPTION",
     "reason": "names 'REDEMPTION', not the declared author 'Edwards, Jonathan'"
    }
   ]
  },
  {
   "slug": "edwards-works2",
   "verdict": "PASS",
   "author": "Edwards, Jonathan",
   "scanned": 241,
   "findings": [
    {
     "ordinal": 1,
     "position": "head",
     "kind": "foreign-work-banner",
     "strength": "weak",
     "evidence": "THE WORK OF REDEMPTION",
     "reason": "names 'REDEMPTION', not the declared author 'Edwards, Jonathan'"
    },
    {
     "ordinal": 92,
     "position": "middle",
     "kind": "foreign-work-banner",
     "strength": "weak",
     "evidence": "THE WORK OF REDEMPTION",
     "reason": "names 'REDEMPTION', not the declared author 'Edwards, Jonathan'"
    },
    {
     "ordinal": 123,
     "position": "middle",
     "kind": "foreign-work-banner",
     "strength": "weak",
     "evidence": "CHRISTIAN’S LIFE",
     "reason": "names 'CHRISTIAN', not the declared author 'Edwards, Jonathan'"
    }
   ]
  },
  {
   "slug": "emmerich-lifemary",
   "verdict": "PASS",
   "author": "Emmerich, Anne Catherine",
   "scanned": 21,
   "findings": [
    {
     "ordinal": 5,
     "position": "head",
     "kind": "foreign-work-banner",
     "strength": "weak",
     "evidence": "LIFE OF ST. JOSEPH",
     "reason": "names 'JOSEPH', not the declared author 'Emmerich, Anne Catherine'"
    }
   ]
  },
  {
   "slug": "emmerich-passion",
   "verdict": "FAIL",
   "author": "Emmerich, Anne Catherine",
   "scanned": 78,
   "findings": [
    {
     "ordinal": 78,
     "position": "tail",
     "kind": "word-index-title",
     "strength": "strong",
     "evidence": "Latin Words and Phrases",
     "reason": null
    }
   ]
  },
  {
   "slug": "erasmus-colloquies1",
   "verdict": "FAIL",
   "author": "Erasmus, Desiderius",
   "scanned": 41,
   "findings": [
    {
     "ordinal": 5,
     "position": "head",
     "kind": "apparatus-title",
     "strength": "strong",
     "evidence": "THE PREFACE.",
     "reason": null
    },
    {
     "ordinal": 7,
     "position": "head",
     "kind": "apparatus-title",
     "strength": "strong",
     "evidence": "The ARGUMENT.",
     "reason": null
    },
    {
     "ordinal": 11,
     "position": "head",
     "kind": "foreign-work-banner",
     "strength": "weak",
     "evidence": "Life of Soldiers",
     "reason": "names 'Soldiers', not the declared author 'Erasmus, Desiderius'"
    }
   ]
  },
  {
   "slug": "farrar-clouds",
   "verdict": "FAIL",
   "author": "Farrar, Frederic William",
   "scanned": 80,
   "findings": [
    {
     "ordinal": 79,
     "position": "tail",
     "kind": "word-index-title",
     "strength": "strong",
     "evidence": "Latin Words and Phrases",
     "reason": null
    },
    {
     "ordinal": 80,
     "position": "tail",
     "kind": "word-index-title",
     "strength": "strong",
     "evidence": "French Words and Phrases",
     "reason": null
    }
   ]
  },
  {
   "slug": "feltoe-dionysius",
   "verdict": "PASS",
   "author": "Feltoe, Charles Lett, D.D.",
   "scanned": 42,
   "findings": []
  },
  {
   "slug": "fenelon-existence-god",
   "verdict": "FAIL",
   "author": "Fénelon, François de Salignac de la Mothe",
   "scanned": 92,
   "findings": [
    {
     "ordinal": 76,
     "position": "middle",
     "kind": "foreign-work-banner",
     "strength": "strong",
     "evidence": "Works of Art",
     "reason": "names 'Art', not the declared author 'Fénelon, François de Salignac de la Mothe'"
    }
   ]
  },
  {
   "slug": "fenelon-maxims",
   "verdict": "PASS",
   "author": "Fénelon, François de Salignac de la Mothe",
   "scanned": 5,
   "findings": []
  },
  {
   "slug": "fenelon-progress",
   "verdict": "PASS",
   "author": "Fénelon, François de Salignac de la Mothe",
   "scanned": 108,
   "findings": []
  },
  {
   "slug": "finney-backslide",
   "verdict": "PASS",
   "author": "Finney, Charles Grandison",
   "scanned": 6,
   "findings": []
  },
  {
   "slug": "finney-power",
   "verdict": "PASS",
   "author": "Finney, Charles Grandison",
   "scanned": 17,
   "findings": []
  },
  {
   "slug": "finney-revivals",
   "verdict": "PASS",
   "author": "Finney, Charles Grandison",
   "scanned": 23,
   "findings": []
  },
  {
   "slug": "finney-theology",
   "verdict": "FAIL",
   "author": "Finney, Charles Grandison",
   "scanned": 54,
   "findings": [
    {
     "ordinal": 54,
     "position": "tail",
     "kind": "word-index-title",
     "strength": "strong",
     "evidence": "Latin Words and Phrases",
     "reason": null
    }
   ]
  },
  {
   "slug": "finney-toprofessingchristians",
   "verdict": "PASS",
   "author": "Finney, Charles Grandison",
   "scanned": 24,
   "findings": []
  },
  {
   "slug": "fisher-e-marrow",
   "verdict": "PASS",
   "author": "Fisher, Edward",
   "scanned": 21,
   "findings": []
  },
  {
   "slug": "flavel-fountain",
   "verdict": "PASS",
   "author": "Flavel, John",
   "scanned": 44,
   "findings": []
  },
  {
   "slug": "flavel-grace",
   "verdict": "FAIL",
   "author": "Flavel, John",
   "scanned": 37,
   "findings": [
    {
     "ordinal": 1,
     "position": "head",
     "kind": "apparatus-title",
     "strength": "strong",
     "evidence": "The Epistle Dedicatory",
     "reason": null
    }
   ]
  },
  {
   "slug": "flavel-lovely",
   "verdict": "PASS",
   "author": "Flavel, John",
   "scanned": 8,
   "findings": []
  },
  {
   "slug": "flavel-pneum",
   "verdict": "FAIL",
   "author": "Flavel, John",
   "scanned": 10,
   "findings": [
    {
     "ordinal": 1,
     "position": "head",
     "kind": "apparatus-title",
     "strength": "strong",
     "evidence": "The Epistle Dedicatory",
     "reason": null
    },
    {
     "ordinal": 2,
     "position": "head",
     "kind": "apparatus-title",
     "strength": "strong",
     "evidence": "The Preface",
     "reason": null
    }
   ]
  },
  {
   "slug": "flavel-saintindeed",
   "verdict": "PASS",
   "author": "Flavel, John",
   "scanned": 24,
   "findings": []
  },
  {
   "slug": "forsyth-prayer",
   "verdict": "PASS",
   "author": "Forsyth, Peter Taylor",
   "scanned": 7,
   "findings": []
  },
  {
   "slug": "forsyth-work",
   "verdict": "PASS",
   "author": "Forsyth, Peter Taylor",
   "scanned": 8,
   "findings": []
  },
  {
   "slug": "fosdick-meaningprayer",
   "verdict": "PASS",
   "author": "Fosdick, Harry Emerson",
   "scanned": 31,
   "findings": []
  },
  {
   "slug": "fox-g-autobio",
   "verdict": "FAIL",
   "author": "Fox, George",
   "scanned": 21,
   "findings": [
    {
     "ordinal": 18,
     "position": "tail",
     "kind": "foreign-work-banner",
     "strength": "strong",
     "evidence": "Work of Organizing",
     "reason": "names 'Organizing', not the declared author 'Fox, George'"
    }
   ]
  },
  {
   "slug": "fuller-david",
   "verdict": "PASS",
   "author": "Fuller, Thomas",
   "scanned": 3,
   "findings": []
  },
  {
   "slug": "fuller-goodthoughts",
   "verdict": "FAIL",
   "author": "Fuller, Thomas",
   "scanned": 226,
   "findings": [
    {
     "ordinal": 189,
     "position": "middle",
     "kind": "foreign-work-byline",
     "strength": "weak",
     "evidence": ". BY HOOK AND BY CROOK",
     "reason": "names 'CROOK', not the declared author 'Fuller, Thomas'"
    },
    {
     "ordinal": 226,
     "position": "tail",
     "kind": "word-index-title",
     "strength": "strong",
     "evidence": "Latin Words and Phrases",
     "reason": null
    }
   ]
  },
  {
   "slug": "gardner-cell",
   "verdict": "PASS",
   "author": "Gardner, Edmund Garratt",
   "scanned": 17,
   "findings": [
    {
     "ordinal": 13,
     "position": "tail",
     "kind": "foreign-work-banner",
     "strength": "weak",
     "evidence": "TREATISE OF CONTEMPLATION\n\nHERE BEGINNETH",
     "reason": "names 'BEGINNETH', not the declared author 'Gardner, Edmund Garratt'"
    },
    {
     "ordinal": 15,
     "position": "tail",
     "kind": "foreign-work-banner",
     "strength": "weak",
     "evidence": "EPISTLE OF PRAYER\nHERE AFTER",
     "reason": "names 'AFTER', not the declared author 'Gardner, Edmund Garratt'"
    },
    {
     "ordinal": 16,
     "position": "tail",
     "kind": "foreign-work-banner",
     "strength": "weak",
     "evidence": "EPISTLE OF DISCRETION\n\nHERE FOLLOWETH",
     "reason": "names 'FOLLOWETH', not the declared author 'Gardner, Edmund Garratt'"
    },
    {
     "ordinal": 17,
     "position": "tail",
     "kind": "foreign-work-banner",
     "strength": "weak",
     "evidence": "TREATISE OF\nDISCERNING OF SPIRITS",
     "reason": "names 'SPIRITS', not the declared author 'Gardner, Edmund Garratt'"
    }
   ]
  },
  {
   "slug": "gerson-snares",
   "verdict": "PASS",
   "author": "Gerson, Jean le Charlier de",
   "scanned": 6,
   "findings": []
  },
  {
   "slug": "gill-doctrinal",
   "verdict": "FAIL",
   "author": "Gill, John",
   "scanned": 112,
   "findings": [
    {
     "ordinal": 112,
     "position": "tail",
     "kind": "word-index-title",
     "strength": "strong",
     "evidence": "Latin Words and Phrases",
     "reason": null
    }
   ]
  },
  {
   "slug": "gill-practical",
   "verdict": "FAIL",
   "author": "Gill, John",
   "scanned": 53,
   "findings": [
    {
     "ordinal": 53,
     "position": "tail",
     "kind": "word-index-title",
     "strength": "strong",
     "evidence": "Latin Words and Phrases",
     "reason": null
    }
   ]
  },
  {
   "slug": "gordon-talkschrist",
   "verdict": "PASS",
   "author": "Gordon, Samuel Dickey",
   "scanned": 8,
   "findings": []
  },
  {
   "slug": "gordon-talksfollowingchrist",
   "verdict": "PASS",
   "author": "Gordon, Samuel Dickey",
   "scanned": 11,
   "findings": []
  },
  {
   "slug": "gordon-talksjesus",
   "verdict": "PASS",
   "author": "Gordon, Samuel Dickey",
   "scanned": 21,
   "findings": []
  },
  {
   "slug": "gordon-talksjohn",
   "verdict": "PASS",
   "author": "Gordon, Samuel Dickey",
   "scanned": 7,
   "findings": []
  },
  {
   "slug": "gordon-talkspower",
   "verdict": "PASS",
   "author": "Gordon, Samuel Dickey",
   "scanned": 8,
   "findings": []
  },
  {
   "slug": "gordon-talkswinners",
   "verdict": "PASS",
   "author": "Gordon, Samuel Dickey",
   "scanned": 14,
   "findings": []
  },
  {
   "slug": "gray-jm-synthetic",
   "verdict": "PASS",
   "author": "Gray, James",
   "scanned": 63,
   "findings": []
  },
  {
   "slug": "griffin-sufferings",
   "verdict": "PASS",
   "author": "Griffin, George",
   "scanned": 23,
   "findings": []
  },
  {
   "slug": "groom-bible",
   "verdict": "PASS",
   "author": "Groom, William M.",
   "scanned": 61,
   "findings": []
  },
  {
   "slug": "guthrie-interest2",
   "verdict": "PASS",
   "author": "Guthrie, William",
   "scanned": 25,
   "findings": []
  },
  {
   "slug": "guyon-auto",
   "verdict": "PASS",
   "author": "Guyon, Madame Jeanne Marie Bouvier de la Mothe",
   "scanned": 50,
   "findings": []
  },
  {
   "slug": "guyon-song",
   "verdict": "PASS",
   "author": "Guyon, Madame Jeanne Marie Bouvier de la Mothe",
   "scanned": 10,
   "findings": []
  },
  {
   "slug": "guyon-spiritual-torrents",
   "verdict": "PASS",
   "author": "Guyon, Madame Jeanne Marie Bouvier de la Mothe",
   "scanned": 16,
   "findings": []
  },
  {
   "slug": "handel-messiah",
   "verdict": "PASS",
   "author": "Handel, George Frideric",
   "scanned": 17,
   "findings": []
  },
  {
   "slug": "harnack-origin-nt",
   "verdict": "FAIL",
   "author": "Harnack, Adolf",
   "scanned": 22,
   "findings": [
    {
     "ordinal": 1,
     "position": "head",
     "kind": "apparatus-title",
     "strength": "strong",
     "evidence": "PREFACE",
     "reason": null
    },
    {
     "ordinal": 22,
     "position": "tail",
     "kind": "word-index-title",
     "strength": "strong",
     "evidence": "Latin Words and Phrases",
     "reason": null
    }
   ]
  },
  {
   "slug": "havergal-keptuse",
   "verdict": "PASS",
   "author": "Havergal, Frances Ridley",
   "scanned": 33,
   "findings": []
  },
  {
   "slug": "herbert-temple2",
   "verdict": "PASS",
   "author": "Herbert, George",
   "scanned": 41,
   "findings": []
  },
  {
   "slug": "hoadly-acceptance",
   "verdict": "PASS",
   "author": "Hoadly, Benjamin",
   "scanned": 18,
   "findings": []
  },
  {
   "slug": "hodge-darwinism",
   "verdict": "PASS",
   "author": "Hodge, Charles",
   "scanned": 23,
   "findings": []
  },
  {
   "slug": "hoskier-codexb1",
   "verdict": "PASS",
   "author": "Hoskier, Herman Charles",
   "scanned": 5,
   "findings": []
  },
  {
   "slug": "howe-john-howe05",
   "verdict": "FAIL",
   "author": "Howe, John",
   "scanned": 53,
   "findings": [
    {
     "ordinal": 21,
     "position": "middle",
     "kind": "foreign-work-byline",
     "strength": "weak",
     "evidence": "BY A PLENTIFUL EFFUSION\nOF",
     "reason": "names 'EFFUSION', not the declared author 'Howe, John'"
    },
    {
     "ordinal": 53,
     "position": "tail",
     "kind": "word-index-title",
     "strength": "strong",
     "evidence": "Latin Words and Phrases",
     "reason": null
    }
   ]
  },
  {
   "slug": "howe-john-howe06",
   "verdict": "FAIL",
   "author": "Howe, John",
   "scanned": 43,
   "findings": [
    {
     "ordinal": 43,
     "position": "tail",
     "kind": "word-index-title",
     "strength": "strong",
     "evidence": "Latin Words and Phrases",
     "reason": null
    }
   ]
  },
  {
   "slug": "howe-john-howe07",
   "verdict": "FAIL",
   "author": "Howe, John",
   "scanned": 62,
   "findings": [
    {
     "ordinal": 62,
     "position": "tail",
     "kind": "word-index-title",
     "strength": "strong",
     "evidence": "Latin Words and Phrases",
     "reason": null
    }
   ]
  },
  {
   "slug": "howe-john-howe08",
   "verdict": "FAIL",
   "author": "Howe, John",
   "scanned": 56,
   "findings": [
    {
     "ordinal": 56,
     "position": "tail",
     "kind": "word-index-title",
     "strength": "strong",
     "evidence": "Latin Words and Phrases",
     "reason": null
    }
   ]
  },
  {
   "slug": "iecm-ojibway",
   "verdict": "PASS",
   "author": "International Evangelical and Colportage Mission of Algoma and the Northwest",
   "scanned": 80,
   "findings": []
  },
  {
   "slug": "inge-mysticism",
   "verdict": "PASS",
   "author": "Inge, William Ralph",
   "scanned": 9,
   "findings": []
  },
  {
   "slug": "inge-outspoken",
   "verdict": "PASS",
   "author": "Inge, William Ralph",
   "scanned": 12,
   "findings": []
  },
  {
   "slug": "james-varieties",
   "verdict": "FAIL",
   "author": "James, William",
   "scanned": 18,
   "findings": [
    {
     "ordinal": 17,
     "position": "tail",
     "kind": "word-index-title",
     "strength": "strong",
     "evidence": "Latin Words and Phrases",
     "reason": null
    },
    {
     "ordinal": 18,
     "position": "tail",
     "kind": "word-index-title",
     "strength": "strong",
     "evidence": "German Words and Phrases",
     "reason": null
    }
   ]
  },
  {
   "slug": "jenyns-evil",
   "verdict": "FAIL",
   "author": "Jenyns, Soame",
   "scanned": 7,
   "findings": [
    {
     "ordinal": 7,
     "position": "head",
     "kind": "word-index-title",
     "strength": "strong",
     "evidence": "Latin Words and Phrases",
     "reason": null
    }
   ]
  },
  {
   "slug": "jenyns-internal1776",
   "verdict": "PASS",
   "author": "Jenyns, Soame",
   "scanned": 5,
   "findings": []
  },
  {
   "slug": "jenyns-internal1799",
   "verdict": "PASS",
   "author": "Jenyns, Soame",
   "scanned": 5,
   "findings": []
  },
  {
   "slug": "jfb",
   "verdict": "PASS",
   "author": "Jamieson, Fausset & Brown",
   "scanned": 15473,
   "findings": [
    {
     "ordinal": 245,
     "position": "middle",
     "kind": "foreign-work-banner",
     "strength": "weak",
     "evidence": "HISTORY OF ISAAC",
     "reason": "names 'ISAAC', not the declared author 'Jamieson, Fausset & Brown'"
    },
    {
     "ordinal": 2736,
     "position": "middle",
     "kind": "foreign-work-banner",
     "strength": "weak",
     "evidence": "HIRAM'S WORKS",
     "reason": "names 'HIRAM', not the declared author 'Jamieson, Fausset & Brown'"
    }
   ]
  },
  {
   "slug": "john-cross-ascent",
   "verdict": "FAIL",
   "author": "John of the Cross, St.",
   "scanned": 108,
   "findings": [
    {
     "ordinal": 5,
     "position": "head",
     "kind": "foreign-work-banner",
     "strength": "weak",
     "evidence": "THE LIFE OF ST. JOHN OF THE",
     "reason": "names 'THE', not the declared author 'John of the Cross, St.'"
    },
    {
     "ordinal": 6,
     "position": "head",
     "kind": "foreign-work-banner",
     "strength": "weak",
     "evidence": "THE WORKS OF ST. JOHN OF THE",
     "reason": "names 'THE', not the declared author 'John of the Cross, St.'"
    },
    {
     "ordinal": 9,
     "position": "head",
     "kind": "apparatus-title",
     "strength": "strong",
     "evidence": "Argument.",
     "reason": null
    },
    {
     "ordinal": 107,
     "position": "tail",
     "kind": "word-index-title",
     "strength": "strong",
     "evidence": "Latin Words and Phrases",
     "reason": null
    }
   ]
  },
  {
   "slug": "john-cross-canticle",
   "verdict": "FAIL",
   "author": "John of the Cross, St.",
   "scanned": 44,
   "findings": [
    {
     "ordinal": 3,
     "position": "head",
     "kind": "apparatus-title",
     "strength": "strong",
     "evidence": "Argument",
     "reason": null
    },
    {
     "ordinal": 44,
     "position": "tail",
     "kind": "word-index-title",
     "strength": "strong",
     "evidence": "Latin Words and Phrases",
     "reason": null
    }
   ]
  },
  {
   "slug": "john-cross-dark-night",
   "verdict": "FAIL",
   "author": "John of the Cross, St.",
   "scanned": 46,
   "findings": [
    {
     "ordinal": 45,
     "position": "tail",
     "kind": "word-index-title",
     "strength": "strong",
     "evidence": "Latin Words and Phrases",
     "reason": null
    }
   ]
  },
  {
   "slug": "johnson-bw-pnt",
   "verdict": "PASS",
   "author": "Johnson, Barton Warren",
   "scanned": 298,
   "findings": [
    {
     "ordinal": 164,
     "position": "middle",
     "kind": "foreign-work-banner",
     "strength": "weak",
     "evidence": "Letters of Commendation",
     "reason": "names 'Commendation', not the declared author 'Johnson, Barton Warren'"
    }
   ]
  },
  {
   "slug": "jowett-b-essays",
   "verdict": "FAIL",
   "author": "Jowett, Benjamin",
   "scanned": 13,
   "findings": [
    {
     "ordinal": 13,
     "position": "tail",
     "kind": "word-index-title",
     "strength": "strong",
     "evidence": "Latin Words and Phrases",
     "reason": null
    }
   ]
  },
  {
   "slug": "jowett-b-scripture",
   "verdict": "FAIL",
   "author": "Jowett, Benjamin",
   "scanned": 9,
   "findings": [
    {
     "ordinal": 9,
     "position": "head",
     "kind": "word-index-title",
     "strength": "strong",
     "evidence": "Latin Words and Phrases",
     "reason": null
    }
   ]
  },
  {
   "slug": "jowett-b-theological",
   "verdict": "FAIL",
   "author": "Jowett, Benjamin",
   "scanned": 8,
   "findings": [
    {
     "ordinal": 8,
     "position": "head",
     "kind": "word-index-title",
     "strength": "strong",
     "evidence": "Latin Words and Phrases",
     "reason": null
    }
   ]
  },
  {
   "slug": "jowett-calvary",
   "verdict": "PASS",
   "author": "Jowett, John Henry",
   "scanned": 7,
   "findings": []
  },
  {
   "slug": "jowett-epistpeter",
   "verdict": "FAIL",
   "author": "Jowett, John Henry",
   "scanned": 31,
   "findings": [
    {
     "ordinal": 31,
     "position": "tail",
     "kind": "word-index-title",
     "strength": "strong",
     "evidence": "Latin Words and Phrases",
     "reason": null
    }
   ]
  },
  {
   "slug": "jowett-friendonroad",
   "verdict": "PASS",
   "author": "Jowett, John Henry",
   "scanned": 59,
   "findings": []
  },
  {
   "slug": "jowett-passion",
   "verdict": "PASS",
   "author": "Jowett, John Henry",
   "scanned": 8,
   "findings": [
    {
     "ordinal": 1,
     "position": "head",
     "kind": "foreign-work-banner",
     "strength": "weak",
     "evidence": "WORKS OF\nREV",
     "reason": "names 'REV', not the declared author 'Jowett, John Henry'"
    }
   ]
  },
  {
   "slug": "jowett-silverlining",
   "verdict": "PASS",
   "author": "Jowett, John Henry",
   "scanned": 26,
   "findings": []
  },
  {
   "slug": "keble-year",
   "verdict": "PASS",
   "author": "Keble, John",
   "scanned": 109,
   "findings": []
  },
  {
   "slug": "kelly-gerhardtsong",
   "verdict": "PASS",
   "author": "Gerhardt, Paul",
   "scanned": 78,
   "findings": []
  },
  {
   "slug": "kierkegaard-selections",
   "verdict": "PASS",
   "author": "Kierkegaard, Soren",
   "scanned": 5,
   "findings": [
    {
     "ordinal": 5,
     "position": "head",
     "kind": "foreign-work-byline",
     "strength": "weak",
     "evidence": "BY WAY OF INTRODUCTION",
     "reason": "names 'INTRODUCTION', not the declared author 'Kierkegaard, Soren'"
    }
   ]
  },
  {
   "slug": "knox-blast",
   "verdict": "PASS",
   "author": "Knox, John",
   "scanned": 5,
   "findings": []
  },
  {
   "slug": "knox-works1",
   "verdict": "PASS",
   "author": "Knox, John",
   "scanned": 24,
   "findings": []
  },
  {
   "slug": "kuyper-holy-spirit",
   "verdict": "FAIL",
   "author": "Kuyper, Abraham",
   "scanned": 134,
   "findings": [
    {
     "ordinal": 2,
     "position": "head",
     "kind": "foreign-work-byline",
     "strength": "weak",
     "evidence": ".\n\nBy PROF. BENJAMIN B. WARFIELD",
     "reason": "names 'WARFIELD', not the declared author 'Kuyper, Abraham'"
    },
    {
     "ordinal": 70,
     "position": "middle",
     "kind": "foreign-work-banner",
     "strength": "strong",
     "evidence": "The Work of Regeneration",
     "reason": "names 'Regeneration', not the declared author 'Kuyper, Abraham'"
    }
   ]
  },
  {
   "slug": "kuyper-near",
   "verdict": "PASS",
   "author": "Kuyper, Abraham",
   "scanned": 110,
   "findings": []
  },
  {
   "slug": "lardner-n-miracles",
   "verdict": "FAIL",
   "author": "Lardner, Nathaniel",
   "scanned": 15,
   "findings": [
    {
     "ordinal": 1,
     "position": "head",
     "kind": "apparatus-title",
     "strength": "strong",
     "evidence": "The Preface.",
     "reason": null
    },
    {
     "ordinal": 15,
     "position": "tail",
     "kind": "word-index-title",
     "strength": "strong",
     "evidence": "Latin Words and Phrases",
     "reason": null
    }
   ]
  },
  {
   "slug": "law-apracticaltreat",
   "verdict": "PASS",
   "author": "Law, William",
   "scanned": 16,
   "findings": []
  },
  {
   "slug": "law-collection",
   "verdict": "PASS",
   "author": "Law, William",
   "scanned": 25,
   "findings": []
  },
  {
   "slug": "law-doubt",
   "verdict": "PASS",
   "author": "Law, William",
   "scanned": 5,
   "findings": []
  },
  {
   "slug": "law-humbleearnest",
   "verdict": "PASS",
   "author": "Law, William",
   "scanned": 35,
   "findings": []
  },
  {
   "slug": "law-love2",
   "verdict": "PASS",
   "author": "Law, William",
   "scanned": 5,
   "findings": []
  },
  {
   "slug": "law-prayer",
   "verdict": "PASS",
   "author": "Law, William",
   "scanned": 5,
   "findings": []
  },
  {
   "slug": "law-serious-call",
   "verdict": "PASS",
   "author": "Law, William",
   "scanned": 25,
   "findings": []
  },
  {
   "slug": "law-waytodivine",
   "verdict": "PASS",
   "author": "Law, William",
   "scanned": 3,
   "findings": []
  },
  {
   "slug": "leightonpullan-earlychristian",
   "verdict": "PASS",
   "author": "Pullan, Leighton",
   "scanned": 10,
   "findings": []
  },
  {
   "slug": "lewis-he-sswales",
   "verdict": "PASS",
   "author": "Lewis, Howell Elvet",
   "scanned": 4,
   "findings": []
  },
  {
   "slug": "lightfoot-fathers",
   "verdict": "FAIL",
   "author": "Lightfoot, John",
   "scanned": 15,
   "findings": [
    {
     "ordinal": 1,
     "position": "head",
     "kind": "foreign-work-banner",
     "strength": "weak",
     "evidence": "THE FIRST EPISTLE OF CLEMENT TO THE",
     "reason": "names 'THE', not the declared author 'Lightfoot, John'"
    },
    {
     "ordinal": 3,
     "position": "head",
     "kind": "foreign-work-banner",
     "strength": "weak",
     "evidence": "THE EPISTLE OF IGNATIUS TO THE",
     "reason": "names 'THE', not the declared author 'Lightfoot, John'"
    },
    {
     "ordinal": 4,
     "position": "head",
     "kind": "foreign-work-banner",
     "strength": "weak",
     "evidence": "THE EPISTLE OF IGNATIUS TO THE",
     "reason": "names 'THE', not the declared author 'Lightfoot, John'"
    },
    {
     "ordinal": 5,
     "position": "head",
     "kind": "foreign-work-banner",
     "strength": "weak",
     "evidence": "THE EPISTLE OF IGNATIUS TO THE",
     "reason": "names 'THE', not the declared author 'Lightfoot, John'"
    },
    {
     "ordinal": 6,
     "position": "head",
     "kind": "foreign-work-banner",
     "strength": "weak",
     "evidence": "THE EPISTLE OF IGNATIUS TO THE",
     "reason": "names 'THE', not the declared author 'Lightfoot, John'"
    },
    {
     "ordinal": 7,
     "position": "head",
     "kind": "foreign-work-banner",
     "strength": "weak",
     "evidence": "THE EPISTLE OF IGNATIUS TO THE",
     "reason": "names 'THE', not the declared author 'Lightfoot, John'"
    },
    {
     "ordinal": 8,
     "position": "head",
     "kind": "foreign-work-banner",
     "strength": "weak",
     "evidence": "THE EPISTLE OF IGNATIUS TO THE",
     "reason": "names 'THE', not the declared author 'Lightfoot, John'"
    },
    {
     "ordinal": 9,
     "position": "head",
     "kind": "foreign-work-banner",
     "strength": "weak",
     "evidence": "THE EPISTLE OF IGNATIUS TO POLYCARP",
     "reason": "names 'POLYCARP', not the declared author 'Lightfoot, John'"
    },
    {
     "ordinal": 10,
     "position": "head",
     "kind": "foreign-work-banner",
     "strength": "strong",
     "evidence": "THE EPISTLE OF POLYCARP",
     "reason": "names 'POLYCARP', not the declared author 'Lightfoot, John'"
    }
   ]
  },
  {
   "slug": "lightfoot-talmud",
   "verdict": "PASS",
   "author": "Lightfoot, John",
   "scanned": 62,
   "findings": []
  },
  {
   "slug": "lindsay-early-church",
   "verdict": "FAIL",
   "author": "Lindsay, Thomas Martin",
   "scanned": 11,
   "findings": [
    {
     "ordinal": 10,
     "position": "head",
     "kind": "word-index-title",
     "strength": "strong",
     "evidence": "Latin Words and Phrases",
     "reason": null
    },
    {
     "ordinal": 11,
     "position": "head",
     "kind": "word-index-title",
     "strength": "strong",
     "evidence": "French Words and Phrases",
     "reason": null
    }
   ]
  },
  {
   "slug": "luckock-h-studies",
   "verdict": "FAIL",
   "author": "Luckock, Herbert Mortimer, 1833-1909",
   "scanned": 7,
   "findings": [
    {
     "ordinal": 7,
     "position": "head",
     "kind": "word-index-title",
     "strength": "strong",
     "evidence": "Latin Words and Phrases",
     "reason": null
    }
   ]
  },
  {
   "slug": "macdonald-adela1",
   "verdict": "PASS",
   "author": "MacDonald, George",
   "scanned": 7,
   "findings": []
  },
  {
   "slug": "macdonald-adela2",
   "verdict": "PASS",
   "author": "MacDonald, George",
   "scanned": 7,
   "findings": []
  },
  {
   "slug": "macdonald-adela3",
   "verdict": "PASS",
   "author": "MacDonald, George",
   "scanned": 10,
   "findings": []
  },
  {
   "slug": "macdonald-backofnorth",
   "verdict": "PASS",
   "author": "MacDonald, George",
   "scanned": 38,
   "findings": []
  },
  {
   "slug": "macdonald-dayboy",
   "verdict": "PASS",
   "author": "MacDonald, George",
   "scanned": 21,
   "findings": []
  },
  {
   "slug": "macdonald-donal-grant",
   "verdict": "PASS",
   "author": "MacDonald, George",
   "scanned": 86,
   "findings": []
  },
  {
   "slug": "macdonald-doublestory",
   "verdict": "PASS",
   "author": "MacDonald, George",
   "scanned": 14,
   "findings": []
  },
  {
   "slug": "macdonald-elginbrod",
   "verdict": "PASS",
   "author": "MacDonald, George",
   "scanned": 76,
   "findings": []
  },
  {
   "slug": "macdonald-heatherandsnow",
   "verdict": "PASS",
   "author": "MacDonald, George",
   "scanned": 45,
   "findings": []
  },
  {
   "slug": "macdonald-hope",
   "verdict": "PASS",
   "author": "MacDonald, George",
   "scanned": 12,
   "findings": []
  },
  {
   "slug": "macdonald-lady",
   "verdict": "PASS",
   "author": "MacDonald, George",
   "scanned": 36,
   "findings": []
  },
  {
   "slug": "macdonald-lilith",
   "verdict": "PASS",
   "author": "MacDonald, George",
   "scanned": 47,
   "findings": []
  },
  {
   "slug": "macdonald-miracles",
   "verdict": "PASS",
   "author": "MacDonald, George",
   "scanned": 12,
   "findings": []
  },
  {
   "slug": "macdonald-neighbourhood",
   "verdict": "PASS",
   "author": "MacDonald, George",
   "scanned": 34,
   "findings": []
  },
  {
   "slug": "macdonald-phantastes-faerie",
   "verdict": "PASS",
   "author": "MacDonald, George",
   "scanned": 27,
   "findings": []
  },
  {
   "slug": "macdonald-portent",
   "verdict": "PASS",
   "author": "MacDonald, George",
   "scanned": 33,
   "findings": []
  },
  {
   "slug": "macdonald-princess",
   "verdict": "PASS",
   "author": "MacDonald, George",
   "scanned": 15,
   "findings": []
  },
  {
   "slug": "macdonald-princesscurdie",
   "verdict": "PASS",
   "author": "MacDonald, George",
   "scanned": 35,
   "findings": []
  },
  {
   "slug": "macdonald-princessgoblin",
   "verdict": "FAIL",
   "author": "MacDonald, George",
   "scanned": 34,
   "findings": [
    {
     "ordinal": 1,
     "position": "head",
     "kind": "apparatus-title",
     "strength": "strong",
     "evidence": "Title",
     "reason": null
    }
   ]
  },
  {
   "slug": "macdonald-purposes-shadows",
   "verdict": "PASS",
   "author": "MacDonald, George",
   "scanned": 5,
   "findings": []
  },
  {
   "slug": "macdonald-rfalconer",
   "verdict": "PASS",
   "author": "MacDonald, George",
   "scanned": 73,
   "findings": []
  },
  {
   "slug": "macdonald-salted",
   "verdict": "PASS",
   "author": "MacDonald, George",
   "scanned": 27,
   "findings": []
  },
  {
   "slug": "macdonald-saltedfire",
   "verdict": "PASS",
   "author": "MacDonald, George",
   "scanned": 26,
   "findings": []
  },
  {
   "slug": "macdonald-seaboardparish",
   "verdict": "PASS",
   "author": "MacDonald, George",
   "scanned": 43,
   "findings": []
  },
  {
   "slug": "macdonald-sirgibbie",
   "verdict": "PASS",
   "author": "MacDonald, George",
   "scanned": 64,
   "findings": []
  },
  {
   "slug": "macdonald-strife",
   "verdict": "PASS",
   "author": "MacDonald, George",
   "scanned": 12,
   "findings": []
  },
  {
   "slug": "macdonald-there-back",
   "verdict": "PASS",
   "author": "MacDonald, George",
   "scanned": 67,
   "findings": []
  },
  {
   "slug": "macdonald-thomaswingfold",
   "verdict": "PASS",
   "author": "MacDonald, George",
   "scanned": 98,
   "findings": []
  },
  {
   "slug": "macdonald-vicardaughter",
   "verdict": "PASS",
   "author": "MacDonald, George",
   "scanned": 44,
   "findings": []
  },
  {
   "slug": "maclaren-david",
   "verdict": "FAIL",
   "author": "MacLaren, Alexander",
   "scanned": 18,
   "findings": [
    {
     "ordinal": 17,
     "position": "tail",
     "kind": "publisher-blurb-body",
     "strength": "strong",
     "evidence": "8vo, cloth, price 7s. 6d. each.\n\nTHE PSALMS.\n\nVol. I.—Psalms I.-XXXVIII.\n\"  II.—",
     "reason": null
    }
   ]
  },
  {
   "slug": "maimonides-guide",
   "verdict": "FAIL",
   "author": "Maimonides, Moses",
   "scanned": 187,
   "findings": [
    {
     "ordinal": 82,
     "position": "middle",
     "kind": "apparatus-title",
     "strength": "strong",
     "evidence": "INTRODUCTION",
     "reason": null
    },
    {
     "ordinal": 131,
     "position": "middle",
     "kind": "apparatus-title",
     "strength": "strong",
     "evidence": "INTRODUCTION",
     "reason": null
    },
    {
     "ordinal": 187,
     "position": "tail",
     "kind": "word-index-title",
     "strength": "strong",
     "evidence": "Latin Words and Phrases",
     "reason": null
    }
   ]
  },
  {
   "slug": "manning-henry-grounds",
   "verdict": "PASS",
   "author": "Manning, Henry Edward",
   "scanned": 4,
   "findings": []
  },
  {
   "slug": "mcgarvey-gospels",
   "verdict": "PASS",
   "author": "McGarvey, John William",
   "scanned": 201,
   "findings": []
  },
  {
   "slug": "mead-matthew-almost",
   "verdict": "FAIL",
   "author": "Mead, Matthew",
   "scanned": 11,
   "findings": [
    {
     "ordinal": 11,
     "position": "head",
     "kind": "word-index-title",
     "strength": "strong",
     "evidence": "Latin Words and Phrases",
     "reason": null
    }
   ]
  },
  {
   "slug": "mead-matthew-name",
   "verdict": "PASS",
   "author": "Mead, Matthew",
   "scanned": 4,
   "findings": []
  },
  {
   "slug": "mede-key",
   "verdict": "FAIL",
   "author": "Mede, Joseph",
   "scanned": 59,
   "findings": [
    {
     "ordinal": 59,
     "position": "tail",
     "kind": "word-index-title",
     "strength": "strong",
     "evidence": "Latin Words and Phrases",
     "reason": null
    }
   ]
  },
  {
   "slug": "meyer-guidance",
   "verdict": "PASS",
   "author": "Meyer, Frederick Brotherton",
   "scanned": 9,
   "findings": []
  },
  {
   "slug": "meyer-into-holiest",
   "verdict": "PASS",
   "author": "Meyer, Frederick Brotherton",
   "scanned": 36,
   "findings": []
  },
  {
   "slug": "milton-paradiselost",
   "verdict": "PASS",
   "author": "Milton, John",
   "scanned": 10,
   "findings": []
  },
  {
   "slug": "moffat-jampetjud",
   "verdict": "FAIL",
   "author": "Moffat, James, D.D.",
   "scanned": 7,
   "findings": [
    {
     "ordinal": 6,
     "position": "head",
     "kind": "word-index-title",
     "strength": "strong",
     "evidence": "Latin Words and Phrases",
     "reason": null
    },
    {
     "ordinal": 7,
     "position": "head",
     "kind": "word-index-title",
     "strength": "strong",
     "evidence": "French Words and Phrases",
     "reason": null
    }
   ]
  },
  {
   "slug": "molinos-guide",
   "verdict": "PASS",
   "author": "Molinos, Miguel de",
   "scanned": 59,
   "findings": []
  },
  {
   "slug": "moody-anecdotes",
   "verdict": "PASS",
   "author": "Moody, Dwight Lyman",
   "scanned": 63,
   "findings": []
  },
  {
   "slug": "more-comfort",
   "verdict": "PASS",
   "author": "More, St. Thomas",
   "scanned": 69,
   "findings": []
  },
  {
   "slug": "moule-brethren",
   "verdict": "FAIL",
   "author": "Moule, Handley Carr Glyn",
   "scanned": 15,
   "findings": [
    {
     "ordinal": 15,
     "position": "tail",
     "kind": "publisher-blurb-body",
     "strength": "strong",
     "evidence": "cloth, 5s.\n\nTO MY YOUNGER BRETHREN ON PASTORAL LIFE AND WORK. 5s.\n\nOUTLINES OF C",
     "reason": null
    }
   ]
  },
  {
   "slug": "moule-hebrews",
   "verdict": "PASS",
   "author": "Moule, Handley Carr Glyn",
   "scanned": 14,
   "findings": []
  },
  {
   "slug": "murray-covenants",
   "verdict": "PASS",
   "author": "Murray, Andrew",
   "scanned": 24,
   "findings": []
  },
  {
   "slug": "murray-deeper",
   "verdict": "PASS",
   "author": "Murray, Andrew",
   "scanned": 8,
   "findings": []
  },
  {
   "slug": "murray-indwelling",
   "verdict": "PASS",
   "author": "Murray, Andrew",
   "scanned": 13,
   "findings": []
  },
  {
   "slug": "murray-lords-table",
   "verdict": "PASS",
   "author": "Murray, Andrew",
   "scanned": 31,
   "findings": []
  },
  {
   "slug": "murray-new-life",
   "verdict": "PASS",
   "author": "Murray, Andrew",
   "scanned": 53,
   "findings": [
    {
     "ordinal": 22,
     "position": "middle",
     "kind": "foreign-work-banner",
     "strength": "weak",
     "evidence": "THE LIFE OF FEELING",
     "reason": "names 'FEELING', not the declared author 'Murray, Andrew'"
    }
   ]
  },
  {
   "slug": "murray-obedience",
   "verdict": "PASS",
   "author": "Murray, Andrew",
   "scanned": 9,
   "findings": [
    {
     "ordinal": 4,
     "position": "head",
     "kind": "foreign-work-banner",
     "strength": "weak",
     "evidence": "Life of Obedience",
     "reason": "names 'Obedience', not the declared author 'Murray, Andrew'"
    },
    {
     "ordinal": 5,
     "position": "head",
     "kind": "foreign-work-banner",
     "strength": "weak",
     "evidence": "THE LIFE OF FULL OBEDIENCE",
     "reason": "names 'OBEDIENCE', not the declared author 'Murray, Andrew'"
    }
   ]
  },
  {
   "slug": "murray-prayer",
   "verdict": "PASS",
   "author": "Murray, Andrew",
   "scanned": 32,
   "findings": [
    {
     "ordinal": 31,
     "position": "tail",
     "kind": "foreign-work-banner",
     "strength": "weak",
     "evidence": "Life of Prayer",
     "reason": "names 'Prayer', not the declared author 'Murray, Andrew'"
    }
   ]
  },
  {
   "slug": "murray-surrender",
   "verdict": "PASS",
   "author": "Murray, Andrew",
   "scanned": 9,
   "findings": []
  },
  {
   "slug": "murray-true-vine",
   "verdict": "PASS",
   "author": "Murray, Andrew",
   "scanned": 31,
   "findings": []
  },
  {
   "slug": "murray-waiting",
   "verdict": "PASS",
   "author": "Murray, Andrew",
   "scanned": 33,
   "findings": []
  },
  {
   "slug": "murray-working",
   "verdict": "FAIL",
   "author": "Murray, Andrew",
   "scanned": 31,
   "findings": [
    {
     "ordinal": 15,
     "position": "middle",
     "kind": "foreign-work-banner",
     "strength": "strong",
     "evidence": "Work of\nMinistering",
     "reason": "names 'Ministering', not the declared author 'Murray, Andrew'"
    }
   ]
  },
  {
   "slug": "nave-bible",
   "verdict": "PASS",
   "author": "Nave, Orville James",
   "scanned": 25,
   "findings": []
  },
  {
   "slug": "neander-a-life",
   "verdict": "FAIL",
   "author": "Neander, Augustus Johann",
   "scanned": 358,
   "findings": [
    {
     "ordinal": 3,
     "position": "head",
     "kind": "foreign-work-banner",
     "strength": "weak",
     "evidence": "THE HISTORY OF CHRIST IN GENERAL",
     "reason": "names 'GENERAL', not the declared author 'Neander, Augustus Johann'"
    },
    {
     "ordinal": 62,
     "position": "middle",
     "kind": "foreign-work-banner",
     "strength": "strong",
     "evidence": "Work of Satan",
     "reason": "names 'Satan', not the declared author 'Neander, Augustus Johann'"
    },
    {
     "ordinal": 183,
     "position": "middle",
     "kind": "apparatus-title",
     "strength": "strong",
     "evidence": "Introduction.",
     "reason": null
    },
    {
     "ordinal": 321,
     "position": "middle",
     "kind": "foreign-work-banner",
     "strength": "strong",
     "evidence": "DISCOURSES OF CHRIST AFTER RISING",
     "reason": "names 'RISING', not the declared author 'Neander, Augustus Johann'"
    },
    {
     "ordinal": 357,
     "position": "tail",
     "kind": "word-index-title",
     "strength": "strong",
     "evidence": "Latin Words and Phrases",
     "reason": null
    },
    {
     "ordinal": 358,
     "position": "tail",
     "kind": "word-index-title",
     "strength": "strong",
     "evidence": "German Words and Phrases",
     "reason": null
    }
   ]
  },
  {
   "slug": "neander-a-light",
   "verdict": "FAIL",
   "author": "Neander, Augustus Johann",
   "scanned": 29,
   "findings": [
    {
     "ordinal": 13,
     "position": "middle",
     "kind": "foreign-work-banner",
     "strength": "weak",
     "evidence": "THE HISTORY OF MISSIONS IN THE",
     "reason": "names 'THE', not the declared author 'Neander, Augustus Johann'"
    },
    {
     "ordinal": 29,
     "position": "tail",
     "kind": "word-index-title",
     "strength": "strong",
     "evidence": "Latin Words and Phrases",
     "reason": null
    }
   ]
  },
  {
   "slug": "newman-callista",
   "verdict": "PASS",
   "author": "Newman, John Henry",
   "scanned": 36,
   "findings": []
  },
  {
   "slug": "newman-gerontius",
   "verdict": "PASS",
   "author": "Newman, John Henry",
   "scanned": 7,
   "findings": []
  },
  {
   "slug": "newman-tractstimes",
   "verdict": "FAIL",
   "author": "Newman, John Henry",
   "scanned": 11,
   "findings": [
    {
     "ordinal": 11,
     "position": "head",
     "kind": "publisher-blurb-body",
     "strength": "strong",
     "evidence": "second edition of my tract, I alluded (p. 23) to the ^r]po(payiaf the less rigid",
     "reason": null
    }
   ]
  },
  {
   "slug": "newton-messiah1",
   "verdict": "PASS",
   "author": "Newton, John",
   "scanned": 25,
   "findings": []
  },
  {
   "slug": "newton-messiah2",
   "verdict": "PASS",
   "author": "Newton, John",
   "scanned": 25,
   "findings": []
  },
  {
   "slug": "oman-grace",
   "verdict": "PASS",
   "author": "Oman, John",
   "scanned": 26,
   "findings": []
  },
  {
   "slug": "orr-view",
   "verdict": "FAIL",
   "author": "Orr, James",
   "scanned": 67,
   "findings": [
    {
     "ordinal": 66,
     "position": "tail",
     "kind": "word-index-title",
     "strength": "strong",
     "evidence": "Latin Words and Phrases",
     "reason": null
    },
    {
     "ordinal": 67,
     "position": "tail",
     "kind": "word-index-title",
     "strength": "strong",
     "evidence": "German Words and Phrases",
     "reason": null
    }
   ]
  },
  {
   "slug": "orrce-holylife",
   "verdict": "PASS",
   "author": "Orr, Charles Ebert",
   "scanned": 46,
   "findings": []
  },
  {
   "slug": "orrce-lambs",
   "verdict": "PASS",
   "author": "Orr, Charles Ebert",
   "scanned": 53,
   "findings": []
  },
  {
   "slug": "otto-ideaholy",
   "verdict": "PASS",
   "author": "Otto, Rudolph",
   "scanned": 23,
   "findings": []
  },
  {
   "slug": "owen-apostasy",
   "verdict": "PASS",
   "author": "Owen, John",
   "scanned": 13,
   "findings": []
  },
  {
   "slug": "owen-churchlove",
   "verdict": "PASS",
   "author": "Owen, John",
   "scanned": 5,
   "findings": []
  },
  {
   "slug": "owen-communion",
   "verdict": "PASS",
   "author": "Owen, John",
   "scanned": 24,
   "findings": []
  },
  {
   "slug": "owen-conscience",
   "verdict": "PASS",
   "author": "Owen, John",
   "scanned": 14,
   "findings": []
  },
  {
   "slug": "owen-deathofdeath",
   "verdict": "PASS",
   "author": "Owen, John",
   "scanned": 31,
   "findings": []
  },
  {
   "slug": "owen-discourses",
   "verdict": "PASS",
   "author": "Owen, John",
   "scanned": 28,
   "findings": []
  },
  {
   "slug": "owen-display",
   "verdict": "PASS",
   "author": "Owen, John",
   "scanned": 14,
   "findings": []
  },
  {
   "slug": "owen-eshcol",
   "verdict": "PASS",
   "author": "Owen, John",
   "scanned": 24,
   "findings": []
  },
  {
   "slug": "owen-evangelicalchurches",
   "verdict": "PASS",
   "author": "Owen, John",
   "scanned": 26,
   "findings": []
  },
  {
   "slug": "owen-faith",
   "verdict": "PASS",
   "author": "Owen, John",
   "scanned": 7,
   "findings": []
  },
  {
   "slug": "owen-glory",
   "verdict": "PASS",
   "author": "Owen, John",
   "scanned": 16,
   "findings": []
  },
  {
   "slug": "owen-grotius",
   "verdict": "FAIL",
   "author": "Owen, John",
   "scanned": 4,
   "findings": [
    {
     "ordinal": 2,
     "position": "head",
     "kind": "apparatus-title",
     "strength": "strong",
     "evidence": "Title.",
     "reason": null
    },
    {
     "ordinal": 4,
     "position": "head",
     "kind": "word-index-title",
     "strength": "strong",
     "evidence": "Latin Words and Phrases",
     "reason": null
    }
   ]
  },
  {
   "slug": "owen-indwellingsin",
   "verdict": "PASS",
   "author": "Owen, John",
   "scanned": 17,
   "findings": []
  },
  {
   "slug": "owen-just",
   "verdict": "FAIL",
   "author": "Owen, John",
   "scanned": 41,
   "findings": [
    {
     "ordinal": 41,
     "position": "tail",
     "kind": "word-index-title",
     "strength": "strong",
     "evidence": "Latin Words and Phrases",
     "reason": null
    }
   ]
  },
  {
   "slug": "owen-justice",
   "verdict": "PASS",
   "author": "Owen, John",
   "scanned": 18,
   "findings": []
  },
  {
   "slug": "owen-liturgies",
   "verdict": "PASS",
   "author": "Owen, John",
   "scanned": 10,
   "findings": []
  },
  {
   "slug": "owen-mort",
   "verdict": "PASS",
   "author": "Owen, John",
   "scanned": 14,
   "findings": []
  },
  {
   "slug": "owen-pastorspeople",
   "verdict": "PASS",
   "author": "Owen, John",
   "scanned": 8,
   "findings": []
  },
  {
   "slug": "owen-perseverance",
   "verdict": "PASS",
   "author": "Owen, John",
   "scanned": 17,
   "findings": []
  },
  {
   "slug": "owen-pneum",
   "verdict": "PASS",
   "author": "Owen, John",
   "scanned": 72,
   "findings": []
  },
  {
   "slug": "owen-poema",
   "verdict": "FAIL",
   "author": "Owen, John",
   "scanned": 3,
   "findings": [
    {
     "ordinal": 3,
     "position": "head",
     "kind": "word-index-title",
     "strength": "strong",
     "evidence": "Latin Words and Phrases",
     "reason": null
    }
   ]
  },
  {
   "slug": "owen-schism",
   "verdict": "PASS",
   "author": "Owen, John",
   "scanned": 20,
   "findings": [
    {
     "ordinal": 19,
     "position": "tail",
     "kind": "foreign-work-banner",
     "strength": "weak",
     "evidence": "Treatise of Mr Cawdrey",
     "reason": "names 'Cawdrey', not the declared author 'Owen, John'"
    }
   ]
  },
  {
   "slug": "owen-sin-grace",
   "verdict": "PASS",
   "author": "Owen, John",
   "scanned": 6,
   "findings": []
  },
  {
   "slug": "owen-spirituallyminded",
   "verdict": "PASS",
   "author": "Owen, John",
   "scanned": 21,
   "findings": []
  },
  {
   "slug": "owen-temptation",
   "verdict": "PASS",
   "author": "Owen, John",
   "scanned": 9,
   "findings": []
  },
  {
   "slug": "owen-trinity",
   "verdict": "FAIL",
   "author": "Owen, John",
   "scanned": 8,
   "findings": [
    {
     "ordinal": 3,
     "position": "head",
     "kind": "apparatus-title",
     "strength": "strong",
     "evidence": "The Preface",
     "reason": null
    },
    {
     "ordinal": 8,
     "position": "head",
     "kind": "word-index-title",
     "strength": "strong",
     "evidence": "Latin Words and Phrases",
     "reason": null
    }
   ]
  },
  {
   "slug": "owen-truthinnocence",
   "verdict": "PASS",
   "author": "Owen, John",
   "scanned": 7,
   "findings": []
  },
  {
   "slug": "owen-vindicevang",
   "verdict": "PASS",
   "author": "Owen, John",
   "scanned": 36,
   "findings": []
  },
  {
   "slug": "owen-worship",
   "verdict": "PASS",
   "author": "Owen, John",
   "scanned": 53,
   "findings": []
  },
  {
   "slug": "paley-evidence",
   "verdict": "FAIL",
   "author": "Paley, William",
   "scanned": 48,
   "findings": [
    {
     "ordinal": 48,
     "position": "tail",
     "kind": "word-index-title",
     "strength": "strong",
     "evidence": "Latin Words and Phrases",
     "reason": null
    }
   ]
  },
  {
   "slug": "paley-paleysnatural",
   "verdict": "PASS",
   "author": "Paley, William",
   "scanned": 20,
   "findings": []
  },
  {
   "slug": "palgrave-sacredsong",
   "verdict": "PASS",
   "author": "Palgrave, Francis Turner",
   "scanned": 423,
   "findings": []
  },
  {
   "slug": "pascal-provincial",
   "verdict": "PASS",
   "author": "Pascal, Blaise",
   "scanned": 20,
   "findings": []
  },
  {
   "slug": "penn-primitivechristianity",
   "verdict": "FAIL",
   "author": "Penn, William",
   "scanned": 20,
   "findings": [
    {
     "ordinal": 1,
     "position": "head",
     "kind": "publisher-catalogue-title",
     "strength": "strong",
     "evidence": "OPINIONS OF THE PRESS.",
     "reason": null
    }
   ]
  },
  {
   "slug": "penn-quakers",
   "verdict": "PASS",
   "author": "Penn, William",
   "scanned": 8,
   "findings": []
  },
  {
   "slug": "philo-works",
   "verdict": "PASS",
   "author": "Philo",
   "scanned": 44,
   "findings": [
    {
     "ordinal": 12,
     "position": "head",
     "kind": "foreign-work-banner",
     "strength": "weak",
     "evidence": "NOAH'S WORK",
     "reason": "names 'NOAH', not the declared author 'Philo'"
    }
   ]
  },
  {
   "slug": "pink-antichrist",
   "verdict": "PASS",
   "author": "Pink, Arthur Walkington",
   "scanned": 60,
   "findings": []
  },
  {
   "slug": "pink-godhood",
   "verdict": "PASS",
   "author": "Pink, Arthur Walkington",
   "scanned": 4,
   "findings": []
  },
  {
   "slug": "pink-gospels",
   "verdict": "FAIL",
   "author": "Pink, Arthur Walkington",
   "scanned": 12,
   "findings": [
    {
     "ordinal": 1,
     "position": "head",
     "kind": "apparatus-title",
     "strength": "strong",
     "evidence": "Title",
     "reason": null
    }
   ]
  },
  {
   "slug": "pink-inspiration",
   "verdict": "FAIL",
   "author": "Pink, Arthur Walkington",
   "scanned": 23,
   "findings": [
    {
     "ordinal": 1,
     "position": "head",
     "kind": "apparatus-title",
     "strength": "strong",
     "evidence": "Title",
     "reason": null
    }
   ]
  },
  {
   "slug": "pink-just",
   "verdict": "PASS",
   "author": "Pink, Arthur Walkington",
   "scanned": 10,
   "findings": []
  },
  {
   "slug": "pink-return",
   "verdict": "PASS",
   "author": "Pink, Arthur Walkington",
   "scanned": 103,
   "findings": []
  },
  {
   "slug": "pink-sovereignty",
   "verdict": "PASS",
   "author": "Pink, Arthur Walkington",
   "scanned": 17,
   "findings": []
  },
  {
   "slug": "pressense-early",
   "verdict": "FAIL",
   "author": "Pressensé, Edmund Dehault de",
   "scanned": 70,
   "findings": [
    {
     "ordinal": 62,
     "position": "tail",
     "kind": "foreign-work-banner",
     "strength": "weak",
     "evidence": "THE EPISTLES OF JAMES AND OF",
     "reason": "names 'AND', not the declared author 'Pressensé, Edmund Dehault de'"
    },
    {
     "ordinal": 69,
     "position": "tail",
     "kind": "word-index-title",
     "strength": "strong",
     "evidence": "Latin Words and Phrases",
     "reason": null
    },
    {
     "ordinal": 70,
     "position": "tail",
     "kind": "word-index-title",
     "strength": "strong",
     "evidence": "German Words and Phrases",
     "reason": null
    }
   ]
  },
  {
   "slug": "prideaux-directions",
   "verdict": "FAIL",
   "author": "Prideaux, Humphrey",
   "scanned": 13,
   "findings": [
    {
     "ordinal": 13,
     "position": "tail",
     "kind": "word-index-title",
     "strength": "strong",
     "evidence": "Latin Words and Phrases",
     "reason": null
    }
   ]
  },
  {
   "slug": "pusey-eirenicon",
   "verdict": "PASS",
   "author": "Pusey, Edward Bouverie",
   "scanned": 5,
   "findings": []
  },
  {
   "slug": "quadrupani-light",
   "verdict": "PASS",
   "author": "Quadrupani, Carlo Giuseppe",
   "scanned": 28,
   "findings": []
  },
  {
   "slug": "ramsay-bethlehem",
   "verdict": "FAIL",
   "author": "Ramsay, William Mitchell",
   "scanned": 18,
   "findings": [
    {
     "ordinal": 17,
     "position": "tail",
     "kind": "word-index-title",
     "strength": "strong",
     "evidence": "Latin Words and Phrases",
     "reason": null
    },
    {
     "ordinal": 18,
     "position": "tail",
     "kind": "word-index-title",
     "strength": "strong",
     "evidence": "German Words and Phrases",
     "reason": null
    }
   ]
  },
  {
   "slug": "ray-persuasive",
   "verdict": "FAIL",
   "author": "Ray, John",
   "scanned": 15,
   "findings": [
    {
     "ordinal": 1,
     "position": "head",
     "kind": "apparatus-title",
     "strength": "strong",
     "evidence": "The Preface to the Reader.",
     "reason": null
    },
    {
     "ordinal": 15,
     "position": "tail",
     "kind": "word-index-title",
     "strength": "strong",
     "evidence": "Latin Words and Phrases",
     "reason": null
    }
   ]
  },
  {
   "slug": "richardson-fathers",
   "verdict": "FAIL",
   "author": "Richardson, Cyril C.",
   "scanned": 40,
   "findings": [
    {
     "ordinal": 2,
     "position": "head",
     "kind": "apparatus-title",
     "strength": "strong",
     "evidence": "CONTENTS",
     "reason": null
    },
    {
     "ordinal": 9,
     "position": "head",
     "kind": "foreign-work-banner",
     "strength": "strong",
     "evidence": "The Letters of Ignatius",
     "reason": "names 'Ignatius', not the declared author 'Richardson, Cyril C.'"
    },
    {
     "ordinal": 11,
     "position": "head",
     "kind": "foreign-work-banner",
     "strength": "weak",
     "evidence": "The Letter of Ignatius",
     "reason": "names 'Ignatius', not the declared author 'Richardson, Cyril C.'"
    },
    {
     "ordinal": 19,
     "position": "middle",
     "kind": "foreign-work-banner",
     "strength": "strong",
     "evidence": "The Letter of Polycarp",
     "reason": "names 'Polycarp', not the declared author 'Richardson, Cyril C.'"
    },
    {
     "ordinal": 21,
     "position": "middle",
     "kind": "foreign-work-banner",
     "strength": "weak",
     "evidence": "The Letter of Saint Polycarp",
     "reason": "names 'Polycarp', not the declared author 'Richardson, Cyril C.'"
    },
    {
     "ordinal": 33,
     "position": "tail",
     "kind": "foreign-work-banner",
     "strength": "weak",
     "evidence": "The First Apology of Justin",
     "reason": "names 'Justin', not the declared author 'Richardson, Cyril C.'"
    },
    {
     "ordinal": 38,
     "position": "tail",
     "kind": "foreign-work-banner",
     "strength": "weak",
     "evidence": "The Works of Irenaeus",
     "reason": "names 'Irenaeus', not the declared author 'Richardson, Cyril C.'"
    },
    {
     "ordinal": 40,
     "position": "tail",
     "kind": "word-index-title",
     "strength": "strong",
     "evidence": "Latin Words and Phrases",
     "reason": null
    }
   ]
  },
  {
   "slug": "robertson-at-word",
   "verdict": "PASS",
   "author": "Robertson, Archibald Thomas",
   "scanned": 287,
   "findings": [
    {
     "ordinal": 1,
     "position": "head",
     "kind": "foreign-work-byline",
     "strength": "weak",
     "evidence": "BY WAY OF INTRODUCTION",
     "reason": "names 'INTRODUCTION', not the declared author 'Robertson, Archibald Thomas'"
    },
    {
     "ordinal": 30,
     "position": "middle",
     "kind": "foreign-work-byline",
     "strength": "weak",
     "evidence": "BY WAY OF INTRODUCTION",
     "reason": "names 'INTRODUCTION', not the declared author 'Robertson, Archibald Thomas'"
    },
    {
     "ordinal": 47,
     "position": "middle",
     "kind": "foreign-work-byline",
     "strength": "weak",
     "evidence": "BY WAY OF INTRODUCTION",
     "reason": "names 'INTRODUCTION', not the declared author 'Robertson, Archibald Thomas'"
    },
    {
     "ordinal": 72,
     "position": "middle",
     "kind": "foreign-work-byline",
     "strength": "weak",
     "evidence": "BY WAY OF INTRODUCTION",
     "reason": "names 'INTRODUCTION', not the declared author 'Robertson, Archibald Thomas'"
    },
    {
     "ordinal": 94,
     "position": "middle",
     "kind": "foreign-work-byline",
     "strength": "weak",
     "evidence": "BY WAY OF INTRODUCTION",
     "reason": "names 'INTRODUCTION', not the declared author 'Robertson, Archibald Thomas'"
    },
    {
     "ordinal": 123,
     "position": "middle",
     "kind": "foreign-work-banner",
     "strength": "weak",
     "evidence": "THE EPISTLES OF PAUL\n\nBY WAY",
     "reason": "names 'WAY', not the declared author 'Robertson, Archibald Thomas'"
    },
    {
     "ordinal": 140,
     "position": "middle",
     "kind": "foreign-work-byline",
     "strength": "weak",
     "evidence": "BY WAY OF INTRODUCTION",
     "reason": "names 'INTRODUCTION', not the declared author 'Robertson, Archibald Thomas'"
    },
    {
     "ordinal": 157,
     "position": "middle",
     "kind": "foreign-work-byline",
     "strength": "weak",
     "evidence": "BY WAY OF INTRODUCTION",
     "reason": "names 'INTRODUCTION', not the declared author 'Robertson, Archibald Thomas'"
    },
    {
     "ordinal": 171,
     "position": "middle",
     "kind": "foreign-work-byline",
     "strength": "weak",
     "evidence": "BY WAY OF INTRODUCTION",
     "reason": "names 'INTRODUCTION', not the declared author 'Robertson, Archibald Thomas'"
    },
    {
     "ordinal": 178,
     "position": "middle",
     "kind": "foreign-work-byline",
     "strength": "weak",
     "evidence": "BY WAY OF INTRODUCTION",
     "reason": "names 'INTRODUCTION', not the declared author 'Robertson, Archibald Thomas'"
    },
    {
     "ordinal": 185,
     "position": "middle",
     "kind": "foreign-work-byline",
     "strength": "weak",
     "evidence": "BY WAY OF INTRODUCTION",
     "reason": "names 'INTRODUCTION', not the declared author 'Robertson, Archibald Thomas'"
    },
    {
     "ordinal": 190,
     "position": "middle",
     "kind": "foreign-work-byline",
     "strength": "weak",
     "evidence": "BY WAY OF INTRODUCTION\n\nGENUINENESS",
     "reason": "names 'GENUINENESS', not the declared author 'Robertson, Archibald Thomas'"
    },
    {
     "ordinal": 195,
     "position": "middle",
     "kind": "foreign-work-byline",
     "strength": "weak",
     "evidence": "BY WAY OF INTRODUCTION",
     "reason": "names 'INTRODUCTION', not the declared author 'Robertson, Archibald Thomas'"
    },
    {
     "ordinal": 201,
     "position": "middle",
     "kind": "foreign-work-byline",
     "strength": "weak",
     "evidence": "BY WAY OF INTRODUCTION",
     "reason": "names 'INTRODUCTION', not the declared author 'Robertson, Archibald Thomas'"
    },
    {
     "ordinal": 205,
     "position": "middle",
     "kind": "foreign-work-byline",
     "strength": "weak",
     "evidence": "BY WAY OF INTRODUCTION\nIt",
     "reason": "names 'INTRODUCTION', not the declared author 'Robertson, Archibald Thomas'"
    },
    {
     "ordinal": 221,
     "position": "middle",
     "kind": "foreign-work-byline",
     "strength": "weak",
     "evidence": "BY WAY OF INTRODUCTION",
     "reason": "names 'INTRODUCTION', not the declared author 'Robertson, Archibald Thomas'"
    },
    {
     "ordinal": 223,
     "position": "middle",
     "kind": "foreign-work-byline",
     "strength": "weak",
     "evidence": "BY WAY OF INTRODUCTION",
     "reason": "names 'INTRODUCTION', not the declared author 'Robertson, Archibald Thomas'"
    },
    {
     "ordinal": 237,
     "position": "middle",
     "kind": "foreign-work-byline",
     "strength": "weak",
     "evidence": "BY WAY OF INTRODUCTION",
     "reason": "names 'INTRODUCTION', not the declared author 'Robertson, Archibald Thomas'"
    },
    {
     "ordinal": 243,
     "position": "middle",
     "kind": "foreign-work-byline",
     "strength": "weak",
     "evidence": "BY WAY OF INTRODUCTION",
     "reason": "names 'INTRODUCTION', not the declared author 'Robertson, Archibald Thomas'"
    },
    {
     "ordinal": 249,
     "position": "middle",
     "kind": "foreign-work-banner",
     "strength": "weak",
     "evidence": "THE SECOND EPISTLE OF PETER\n\nABOUT",
     "reason": "names 'ABOUT', not the declared author 'Robertson, Archibald Thomas'"
    },
    {
     "ordinal": 253,
     "position": "middle",
     "kind": "foreign-work-banner",
     "strength": "weak",
     "evidence": "THE FIRST EPISTLE OF JOHN\n\nABOUT",
     "reason": "names 'ABOUT', not the declared author 'Robertson, Archibald Thomas'"
    },
    {
     "ordinal": 259,
     "position": "middle",
     "kind": "foreign-work-byline",
     "strength": "weak",
     "evidence": "BY WAY OF INTRODUCTION",
     "reason": "names 'INTRODUCTION', not the declared author 'Robertson, Archibald Thomas'"
    },
    {
     "ordinal": 261,
     "position": "middle",
     "kind": "foreign-work-byline",
     "strength": "weak",
     "evidence": "BY WAY OF INTRODUCTION",
     "reason": "names 'INTRODUCTION', not the declared author 'Robertson, Archibald Thomas'"
    },
    {
     "ordinal": 263,
     "position": "middle",
     "kind": "foreign-work-banner",
     "strength": "weak",
     "evidence": "THE EPISTLE OF JUDE\n\nABOUT",
     "reason": "names 'ABOUT', not the declared author 'Robertson, Archibald Thomas'"
    },
    {
     "ordinal": 265,
     "position": "middle",
     "kind": "foreign-work-byline",
     "strength": "weak",
     "evidence": "BY WAY OF INTRODUCTION",
     "reason": "names 'INTRODUCTION', not the declared author 'Robertson, Archibald Thomas'"
    }
   ]
  },
  {
   "slug": "robinson-j-words",
   "verdict": "PASS",
   "author": "Robinson, John",
   "scanned": 15,
   "findings": []
  },
  {
   "slug": "rolt-dionysius",
   "verdict": "FAIL",
   "author": "Rolt, Clarence Edwin",
   "scanned": 27,
   "findings": [
    {
     "ordinal": 13,
     "position": "middle",
     "kind": "foreign-work-banner",
     "strength": "weak",
     "evidence": "Writing of Divinity",
     "reason": "names 'Divinity', not the declared author 'Rolt, Clarence Edwin'"
    },
    {
     "ordinal": 26,
     "position": "tail",
     "kind": "word-index-title",
     "strength": "strong",
     "evidence": "Latin Words and Phrases",
     "reason": null
    },
    {
     "ordinal": 27,
     "position": "tail",
     "kind": "word-index-title",
     "strength": "strong",
     "evidence": "French Words and Phrases",
     "reason": null
    }
   ]
  },
  {
   "slug": "ruysbroeck-adornment",
   "verdict": "PASS",
   "author": "Ruysbroeck, John of, St.",
   "scanned": 129,
   "findings": []
  },
  {
   "slug": "ryle-upper-room",
   "verdict": "PASS",
   "author": "Ryle, John Charles",
   "scanned": 23,
   "findings": []
  },
  {
   "slug": "schaff-romance",
   "verdict": "FAIL",
   "author": "Schaff, Philip",
   "scanned": 7,
   "findings": [
    {
     "ordinal": 4,
     "position": "head",
     "kind": "foreign-work-byline",
     "strength": "weak",
     "evidence": "By Napoleon Roussel .",
     "reason": "names 'Roussel', not the declared author 'Schaff, Philip'"
    },
    {
     "ordinal": 7,
     "position": "head",
     "kind": "word-index-title",
     "strength": "strong",
     "evidence": "Latin Words and Phrases",
     "reason": null
    }
   ]
  },
  {
   "slug": "schleiermach-religion",
   "verdict": "PASS",
   "author": "Schleiermacher, Friedrich",
   "scanned": 8,
   "findings": []
  },
  {
   "slug": "schmid-theology",
   "verdict": "FAIL",
   "author": "Schmid, Heinrich",
   "scanned": 79,
   "findings": [
    {
     "ordinal": 78,
     "position": "tail",
     "kind": "word-index-title",
     "strength": "strong",
     "evidence": "Latin Words and Phrases",
     "reason": null
    },
    {
     "ordinal": 79,
     "position": "tail",
     "kind": "word-index-title",
     "strength": "strong",
     "evidence": "German Words and Phrases",
     "reason": null
    }
   ]
  },
  {
   "slug": "sheldon-ihsteps",
   "verdict": "PASS",
   "author": "Sheldon, Charles Monroe",
   "scanned": 31,
   "findings": []
  },
  {
   "slug": "shepard-worksthomas",
   "verdict": "FAIL",
   "author": "Shepard, Thomas",
   "scanned": 30,
   "findings": [
    {
     "ordinal": 1,
     "position": "head",
     "kind": "apparatus-title",
     "strength": "strong",
     "evidence": "Title",
     "reason": null
    },
    {
     "ordinal": 2,
     "position": "head",
     "kind": "foreign-work-byline",
     "strength": "weak",
     "evidence": ".\n\nBY\n\nJOHN A. ALBRO",
     "reason": "names 'ALBRO', not the declared author 'Shepard, Thomas'"
    },
    {
     "ordinal": 3,
     "position": "head",
     "kind": "foreign-work-banner",
     "strength": "weak",
     "evidence": "LIFE OF THOMAS SHEPARD\n\nCHAPTER",
     "reason": "names 'CHAPTER', not the declared author 'Shepard, Thomas'"
    },
    {
     "ordinal": 14,
     "position": "middle",
     "kind": "publisher-blurb-body",
     "strength": "strong",
     "evidence": "\"--Mr. Shepard marries Margaret Boradel.--Sickness and death.--Last will.--Mr. S",
     "reason": null
    },
    {
     "ordinal": 23,
     "position": "tail",
     "kind": "foreign-work-banner",
     "strength": "weak",
     "evidence": "TREATISE OF EVANGELICAL CONVERSION\n\nDISCOVERING",
     "reason": "names 'DISCOVERING', not the declared author 'Shepard, Thomas'"
    }
   ]
  },
  {
   "slug": "simon-works1",
   "verdict": "PASS",
   "author": "Simons, Menno",
   "scanned": 75,
   "findings": []
  },
  {
   "slug": "simon-works2",
   "verdict": "FAIL",
   "author": "Simons, Menno",
   "scanned": 87,
   "findings": [
    {
     "ordinal": 15,
     "position": "middle",
     "kind": "foreign-work-banner",
     "strength": "strong",
     "evidence": "LETTER OF CONSOLATION",
     "reason": "names 'CONSOLATION', not the declared author 'Simons, Menno'"
    },
    {
     "ordinal": 34,
     "position": "middle",
     "kind": "foreign-work-banner",
     "strength": "strong",
     "evidence": "LETTER OF CAUTION ON DISCORD",
     "reason": "names 'DISCORD', not the declared author 'Simons, Menno'"
    }
   ]
  },
  {
   "slug": "singh-feet",
   "verdict": "PASS",
   "author": "Singh, Sadhu Sundar",
   "scanned": 16,
   "findings": []
  },
  {
   "slug": "smith-ga-jeremiah",
   "verdict": "PASS",
   "author": "Smith, George Adam",
   "scanned": 24,
   "findings": []
  },
  {
   "slug": "smith-geo-carey",
   "verdict": "PASS",
   "author": "Smith, George",
   "scanned": 16,
   "findings": []
  },
  {
   "slug": "smith-hw-comfort",
   "verdict": "PASS",
   "author": "Smith, Hannah Whitall",
   "scanned": 17,
   "findings": []
  },
  {
   "slug": "smith-hw-secret",
   "verdict": "PASS",
   "author": "Smith, Hannah Whitall",
   "scanned": 22,
   "findings": [
    {
     "ordinal": 21,
     "position": "tail",
     "kind": "foreign-work-banner",
     "strength": "weak",
     "evidence": "THE LIFE OF DIVINE UNION IN",
     "reason": "names 'UNION', not the declared author 'Smith, Hannah Whitall'"
    }
   ]
  },
  {
   "slug": "smith-hw-types",
   "verdict": "PASS",
   "author": "Smith, Hannah Whitall",
   "scanned": 24,
   "findings": []
  },
  {
   "slug": "spurgeon-grace",
   "verdict": "PASS",
   "author": "Spurgeon, Charles Haddon",
   "scanned": 20,
   "findings": []
  },
  {
   "slug": "spurgeon-till-he-come",
   "verdict": "PASS",
   "author": "Spurgeon, Charles Haddon",
   "scanned": 23,
   "findings": []
  },
  {
   "slug": "steele-love",
   "verdict": "PASS",
   "author": "Steele, Daniel",
   "scanned": 23,
   "findings": []
  },
  {
   "slug": "swete-greekot",
   "verdict": "FAIL",
   "author": "Swete, Henry Barclay",
   "scanned": 28,
   "findings": [
    {
     "ordinal": 16,
     "position": "middle",
     "kind": "foreign-work-byline",
     "strength": "weak",
     "evidence": ". by Non-Christian Hellenists.",
     "reason": "names 'Hellenists', not the declared author 'Swete, Henry Barclay'"
    },
    {
     "ordinal": 22,
     "position": "tail",
     "kind": "foreign-work-banner",
     "strength": "weak",
     "evidence": "Letter of Aristeas",
     "reason": "names 'Aristeas', not the declared author 'Swete, Henry Barclay'"
    },
    {
     "ordinal": 27,
     "position": "tail",
     "kind": "word-index-title",
     "strength": "strong",
     "evidence": "Latin Words and Phrases",
     "reason": null
    },
    {
     "ordinal": 28,
     "position": "tail",
     "kind": "word-index-title",
     "strength": "strong",
     "evidence": "German Words and Phrases",
     "reason": null
    }
   ]
  },
  {
   "slug": "taylor-holy-dying",
   "verdict": "FAIL",
   "author": "Taylor, Jeremy",
   "scanned": 42,
   "findings": [
    {
     "ordinal": 42,
     "position": "tail",
     "kind": "word-index-title",
     "strength": "strong",
     "evidence": "Latin Words and Phrases",
     "reason": null
    }
   ]
  },
  {
   "slug": "taylor-jh-union",
   "verdict": "FAIL",
   "author": "Taylor, James Hudson",
   "scanned": 10,
   "findings": [
    {
     "ordinal": 1,
     "position": "head",
     "kind": "apparatus-title",
     "strength": "strong",
     "evidence": "Title",
     "reason": null
    },
    {
     "ordinal": 4,
     "position": "head",
     "kind": "apparatus-title",
     "strength": "strong",
     "evidence": "The Title",
     "reason": null
    }
   ]
  },
  {
   "slug": "teresa-castle2",
   "verdict": "PASS",
   "author": "Teresa of Avila, St.",
   "scanned": 31,
   "findings": [
    {
     "ordinal": 16,
     "position": "middle",
     "kind": "foreign-work-byline",
     "strength": "weak",
     "evidence": "BY\nTHE EDITOR\n\nTHE",
     "reason": "names 'THE', not the declared author 'Teresa of Avila, St.'"
    }
   ]
  },
  {
   "slug": "teresa-life",
   "verdict": "PASS",
   "author": "Teresa of Avila, St.",
   "scanned": 40,
   "findings": [
    {
     "ordinal": 5,
     "position": "head",
     "kind": "foreign-work-banner",
     "strength": "weak",
     "evidence": "Life of Sin",
     "reason": "names 'Sin', not the declared author 'Teresa of Avila, St.'"
    }
   ]
  },
  {
   "slug": "therese-autobio",
   "verdict": "FAIL",
   "author": "Therese, of Lisieux, St.",
   "scanned": 89,
   "findings": [
    {
     "ordinal": 18,
     "position": "middle",
     "kind": "foreign-work-banner",
     "strength": "strong",
     "evidence": "LETTERS OF SOEUR TH",
     "reason": "names 'SOEUR', not the declared author 'Therese, of Lisieux, St.'"
    },
    {
     "ordinal": 83,
     "position": "tail",
     "kind": "foreign-work-banner",
     "strength": "strong",
     "evidence": "POEMS OF SOEUR TH",
     "reason": "names 'SOEUR', not the declared author 'Therese, of Lisieux, St.'"
    }
   ]
  },
  {
   "slug": "thomson-owenlife",
   "verdict": "FAIL",
   "author": "Thomson, Andrew",
   "scanned": 17,
   "findings": [
    {
     "ordinal": 1,
     "position": "head",
     "kind": "foreign-work-banner",
     "strength": "weak",
     "evidence": "Life of Dr Owen",
     "reason": "names 'Owen', not the declared author 'Thomson, Andrew'"
    },
    {
     "ordinal": 16,
     "position": "tail",
     "kind": "foreign-work-banner",
     "strength": "weak",
     "evidence": "Owen’s Works",
     "reason": "names 'Owen', not the declared author 'Thomson, Andrew'"
    },
    {
     "ordinal": 17,
     "position": "tail",
     "kind": "word-index-title",
     "strength": "strong",
     "evidence": "Latin Words and Phrases",
     "reason": null
    }
   ]
  },
  {
   "slug": "tillotson-works04",
   "verdict": "FAIL",
   "author": "Tillotson, John",
   "scanned": 32,
   "findings": [
    {
     "ordinal": 32,
     "position": "tail",
     "kind": "word-index-title",
     "strength": "strong",
     "evidence": "Latin Words and Phrases",
     "reason": null
    }
   ]
  },
  {
   "slug": "tillotson-works05",
   "verdict": "FAIL",
   "author": "Tillotson, John",
   "scanned": 32,
   "findings": [
    {
     "ordinal": 32,
     "position": "tail",
     "kind": "word-index-title",
     "strength": "strong",
     "evidence": "Latin Words and Phrases",
     "reason": null
    }
   ]
  },
  {
   "slug": "tillotson-works06",
   "verdict": "FAIL",
   "author": "Tillotson, John",
   "scanned": 28,
   "findings": [
    {
     "ordinal": 28,
     "position": "tail",
     "kind": "word-index-title",
     "strength": "strong",
     "evidence": "Latin Words and Phrases",
     "reason": null
    }
   ]
  },
  {
   "slug": "tillotson-works07",
   "verdict": "FAIL",
   "author": "Tillotson, John",
   "scanned": 33,
   "findings": [
    {
     "ordinal": 31,
     "position": "tail",
     "kind": "foreign-work-byline",
     "strength": "weak",
     "evidence": "BY NATURE AND BY REVELATION.",
     "reason": "names 'REVELATION', not the declared author 'Tillotson, John'"
    },
    {
     "ordinal": 32,
     "position": "tail",
     "kind": "foreign-work-byline",
     "strength": "weak",
     "evidence": "BY NATURE AND BY REVELATION.",
     "reason": "names 'REVELATION', not the declared author 'Tillotson, John'"
    },
    {
     "ordinal": 33,
     "position": "tail",
     "kind": "word-index-title",
     "strength": "strong",
     "evidence": "Latin Words and Phrases",
     "reason": null
    }
   ]
  },
  {
   "slug": "tillotson-works08",
   "verdict": "FAIL",
   "author": "Tillotson, John",
   "scanned": 32,
   "findings": [
    {
     "ordinal": 1,
     "position": "head",
     "kind": "foreign-work-byline",
     "strength": "weak",
     "evidence": "BY NATURE AND BY REVELATION.",
     "reason": "names 'REVELATION', not the declared author 'Tillotson, John'"
    },
    {
     "ordinal": 13,
     "position": "middle",
     "kind": "foreign-work-banner",
     "strength": "weak",
     "evidence": "THE LIFE OF JESUS CHRIST CONSIDERED",
     "reason": "names 'CONSIDERED', not the declared author 'Tillotson, John'"
    },
    {
     "ordinal": 14,
     "position": "middle",
     "kind": "foreign-work-banner",
     "strength": "weak",
     "evidence": "THE LIFE OF JESUS CHRIST CONSIDERED",
     "reason": "names 'CONSIDERED', not the declared author 'Tillotson, John'"
    },
    {
     "ordinal": 15,
     "position": "middle",
     "kind": "foreign-work-banner",
     "strength": "weak",
     "evidence": "THE LIFE OF JESUS CHRIST CONSIDERED",
     "reason": "names 'CONSIDERED', not the declared author 'Tillotson, John'"
    },
    {
     "ordinal": 32,
     "position": "tail",
     "kind": "word-index-title",
     "strength": "strong",
     "evidence": "Latin Words and Phrases",
     "reason": null
    }
   ]
  },
  {
   "slug": "tillotson-works09",
   "verdict": "FAIL",
   "author": "Tillotson, John",
   "scanned": 36,
   "findings": [
    {
     "ordinal": 36,
     "position": "tail",
     "kind": "word-index-title",
     "strength": "strong",
     "evidence": "Latin Words and Phrases",
     "reason": null
    }
   ]
  },
  {
   "slug": "tillotson-works10",
   "verdict": "FAIL",
   "author": "Tillotson, John",
   "scanned": 57,
   "findings": [
    {
     "ordinal": 24,
     "position": "middle",
     "kind": "foreign-work-banner",
     "strength": "weak",
     "evidence": "THE\nTREATISE OF MR",
     "reason": "names 'MR', not the declared author 'Tillotson, John'"
    },
    {
     "ordinal": 53,
     "position": "tail",
     "kind": "foreign-work-banner",
     "strength": "weak",
     "evidence": "Birch’s Life",
     "reason": "names 'Birch', not the declared author 'Tillotson, John'"
    },
    {
     "ordinal": 57,
     "position": "tail",
     "kind": "word-index-title",
     "strength": "strong",
     "evidence": "Latin Words and Phrases",
     "reason": null
    }
   ]
  },
  {
   "slug": "tischendorf-gospels",
   "verdict": "PASS",
   "author": "Tischendorf, Constantine von",
   "scanned": 7,
   "findings": []
  },
  {
   "slug": "tischendorf-origins",
   "verdict": "FAIL",
   "author": "Tischendorf, Constantine von",
   "scanned": 5,
   "findings": [
    {
     "ordinal": 4,
     "position": "head",
     "kind": "word-index-title",
     "strength": "strong",
     "evidence": "Latin Words and Phrases",
     "reason": null
    },
    {
     "ordinal": 5,
     "position": "head",
     "kind": "word-index-title",
     "strength": "strong",
     "evidence": "French Words and Phrases",
     "reason": null
    }
   ]
  },
  {
   "slug": "tolstoy-23-tales",
   "verdict": "PASS",
   "author": "Tolstoy, Leo Nikolayevich",
   "scanned": 24,
   "findings": []
  },
  {
   "slug": "tolstoy-family",
   "verdict": "PASS",
   "author": "Tolstoy, Leo Nikolayevich",
   "scanned": 9,
   "findings": []
  },
  {
   "slug": "tolstoy-gospel",
   "verdict": "PASS",
   "author": "Tolstoy, Leo Nikolayevich",
   "scanned": 15,
   "findings": []
  },
  {
   "slug": "tolstoy-hadij",
   "verdict": "FAIL",
   "author": "Tolstoy, Leo Nikolayevich",
   "scanned": 19,
   "findings": [
    {
     "ordinal": 19,
     "position": "tail",
     "kind": "word-index-title",
     "strength": "strong",
     "evidence": "French Words and Phrases",
     "reason": null
    }
   ]
  },
  {
   "slug": "tolstoy-ivan",
   "verdict": "FAIL",
   "author": "Tolstoy, Leo Nikolayevich",
   "scanned": 13,
   "findings": [
    {
     "ordinal": 13,
     "position": "tail",
     "kind": "word-index-title",
     "strength": "strong",
     "evidence": "French Words and Phrases",
     "reason": null
    }
   ]
  },
  {
   "slug": "tolstoy-karenina",
   "verdict": "FAIL",
   "author": "Tolstoy, Leo Nikolayevich",
   "scanned": 242,
   "findings": [
    {
     "ordinal": 241,
     "position": "tail",
     "kind": "word-index-title",
     "strength": "strong",
     "evidence": "German Words and Phrases",
     "reason": null
    },
    {
     "ordinal": 242,
     "position": "tail",
     "kind": "word-index-title",
     "strength": "strong",
     "evidence": "French Words and Phrases",
     "reason": null
    }
   ]
  },
  {
   "slug": "tolstoy-master",
   "verdict": "PASS",
   "author": "Tolstoy, Leo Nikolayevich",
   "scanned": 10,
   "findings": []
  },
  {
   "slug": "tolstoy-sergius",
   "verdict": "PASS",
   "author": "Tolstoy, Leo Nikolayevich",
   "scanned": 6,
   "findings": []
  },
  {
   "slug": "torrey-pray",
   "verdict": "PASS",
   "author": "Torrey, Reuben Archer",
   "scanned": 13,
   "findings": []
  },
  {
   "slug": "torrey-revival",
   "verdict": "FAIL",
   "author": "Torrey, Reuben Archer",
   "scanned": 42,
   "findings": [
    {
     "ordinal": 40,
     "position": "tail",
     "kind": "foreign-work-banner",
     "strength": "strong",
     "evidence": "BELIEVER’S WORKS",
     "reason": "names 'BELIEVER', not the declared author 'Torrey, Reuben Archer'"
    },
    {
     "ordinal": 42,
     "position": "tail",
     "kind": "publisher-blurb-body",
     "strength": "strong",
     "evidence": "Cloth, net $1.00.\n\nDifficulties and Alleged Errors and Contradictions in the Bib",
     "reason": null
    }
   ]
  },
  {
   "slug": "torrey-ttt",
   "verdict": "PASS",
   "author": "Torrey, Reuben Archer",
   "scanned": 24,
   "findings": []
  },
  {
   "slug": "torrey-work-holy-spirit",
   "verdict": "PASS",
   "author": "Torrey, Reuben Archer",
   "scanned": 22,
   "findings": []
  },
  {
   "slug": "traherne-centuries",
   "verdict": "PASS",
   "author": "Traherne, Thomas,",
   "scanned": 6,
   "findings": []
  },
  {
   "slug": "trench-7churches",
   "verdict": "FAIL",
   "author": "Trench, Richard Chenevix",
   "scanned": 11,
   "findings": [
    {
     "ordinal": 10,
     "position": "head",
     "kind": "word-index-title",
     "strength": "strong",
     "evidence": "Latin Words and Phrases",
     "reason": null
    },
    {
     "ordinal": 11,
     "position": "head",
     "kind": "word-index-title",
     "strength": "strong",
     "evidence": "German Words and Phrases",
     "reason": null
    }
   ]
  },
  {
   "slug": "tulloch-luther",
   "verdict": "FAIL",
   "author": "Tulloch, John",
   "scanned": 9,
   "findings": [
    {
     "ordinal": 7,
     "position": "head",
     "kind": "word-index-title",
     "strength": "strong",
     "evidence": "Latin Words and Phrases",
     "reason": null
    },
    {
     "ordinal": 8,
     "position": "head",
     "kind": "word-index-title",
     "strength": "strong",
     "evidence": "German Words and Phrases",
     "reason": null
    },
    {
     "ordinal": 9,
     "position": "head",
     "kind": "word-index-title",
     "strength": "strong",
     "evidence": "French Words and Phrases",
     "reason": null
    }
   ]
  },
  {
   "slug": "tulloch-sin",
   "verdict": "FAIL",
   "author": "Tulloch, John",
   "scanned": 9,
   "findings": [
    {
     "ordinal": 9,
     "position": "head",
     "kind": "word-index-title",
     "strength": "strong",
     "evidence": "Latin Words and Phrases",
     "reason": null
    }
   ]
  },
  {
   "slug": "tulloch-theism",
   "verdict": "FAIL",
   "author": "Tulloch, John",
   "scanned": 40,
   "findings": [
    {
     "ordinal": 39,
     "position": "tail",
     "kind": "word-index-title",
     "strength": "strong",
     "evidence": "Latin Words and Phrases",
     "reason": null
    },
    {
     "ordinal": 40,
     "position": "tail",
     "kind": "word-index-title",
     "strength": "strong",
     "evidence": "French Words and Phrases",
     "reason": null
    }
   ]
  },
  {
   "slug": "ullmann-sinlessness",
   "verdict": "FAIL",
   "author": "Ullmann, Carl",
   "scanned": 38,
   "findings": [
    {
     "ordinal": 9,
     "position": "head",
     "kind": "foreign-work-banner",
     "strength": "weak",
     "evidence": "Life of Christianity",
     "reason": "names 'Christianity', not the declared author 'Ullmann, Carl'"
    },
    {
     "ordinal": 38,
     "position": "tail",
     "kind": "word-index-title",
     "strength": "strong",
     "evidence": "Latin Words and Phrases",
     "reason": null
    }
   ]
  },
  {
   "slug": "underhill-essentials",
   "verdict": "PASS",
   "author": "Underhill, Evelyn",
   "scanned": 13,
   "findings": []
  },
  {
   "slug": "underhill-life",
   "verdict": "PASS",
   "author": "Underhill, Evelyn",
   "scanned": 10,
   "findings": []
  },
  {
   "slug": "underhill-mysticism",
   "verdict": "FAIL",
   "author": "Underhill, Evelyn",
   "scanned": 22,
   "findings": [
    {
     "ordinal": 21,
     "position": "tail",
     "kind": "word-index-title",
     "strength": "strong",
     "evidence": "Latin Words and Phrases",
     "reason": null
    },
    {
     "ordinal": 22,
     "position": "tail",
     "kind": "word-index-title",
     "strength": "strong",
     "evidence": "French Words and Phrases",
     "reason": null
    }
   ]
  },
  {
   "slug": "underhill-practical",
   "verdict": "PASS",
   "author": "Underhill, Evelyn",
   "scanned": 10,
   "findings": []
  },
  {
   "slug": "upham-maxims",
   "verdict": "PASS",
   "author": "Upham, Thomas Cogswell",
   "scanned": 45,
   "findings": []
  },
  {
   "slug": "ursinus-gospel",
   "verdict": "PASS",
   "author": "Ursinus, Zacharias",
   "scanned": 5,
   "findings": []
  },
  {
   "slug": "vandyke-otherwiseman",
   "verdict": "PASS",
   "author": "Van Dyke, Henry",
   "scanned": 5,
   "findings": [
    {
     "ordinal": 2,
     "position": "head",
     "kind": "foreign-work-byline",
     "strength": "weak",
     "evidence": "BY THE WATERS OF BABYLON",
     "reason": "names 'BABYLON', not the declared author 'Van Dyke, Henry'"
    }
   ]
  },
  {
   "slug": "walker-harmony2",
   "verdict": "FAIL",
   "author": "Walker, William",
   "scanned": 342,
   "findings": [
    {
     "ordinal": 1,
     "position": "head",
     "kind": "apparatus-title",
     "strength": "strong",
     "evidence": "Title Page",
     "reason": null
    }
   ]
  },
  {
   "slug": "watson-commandments",
   "verdict": "FAIL",
   "author": "Watson, Thomas",
   "scanned": 24,
   "findings": [
    {
     "ordinal": 24,
     "position": "tail",
     "kind": "word-index-title",
     "strength": "strong",
     "evidence": "Latin Words and Phrases",
     "reason": null
    }
   ]
  },
  {
   "slug": "watson-cordial",
   "verdict": "PASS",
   "author": "Watson, Thomas",
   "scanned": 10,
   "findings": []
  },
  {
   "slug": "watts-divsongs",
   "verdict": "PASS",
   "author": "Watts, Isaac",
   "scanned": 46,
   "findings": []
  },
  {
   "slug": "wesley-journal",
   "verdict": "PASS",
   "author": "Wesley, John",
   "scanned": 392,
   "findings": [
    {
     "ordinal": 257,
     "position": "middle",
     "kind": "foreign-work-banner",
     "strength": "weak",
     "evidence": "Life of Mahomet",
     "reason": "names 'Mahomet', not the declared author 'Wesley, John'"
    },
    {
     "ordinal": 369,
     "position": "middle",
     "kind": "foreign-work-banner",
     "strength": "weak",
     "evidence": "Life of Sir William",
     "reason": "names 'William', not the declared author 'Wesley, John'"
    },
    {
     "ordinal": 392,
     "position": "tail",
     "kind": "foreign-work-byline",
     "strength": "weak",
     "evidence": "BY ONE WHO WAS PRESENT",
     "reason": "names 'PRESENT', not the declared author 'Wesley, John'"
    }
   ]
  },
  {
   "slug": "wesley-perfection",
   "verdict": "PASS",
   "author": "Wesley, John",
   "scanned": 7,
   "findings": []
  },
  {
   "slug": "wesley-works",
   "verdict": "FAIL",
   "author": "Wesley, John",
   "scanned": 257,
   "findings": [
    {
     "ordinal": 2,
     "position": "head",
     "kind": "apparatus-title",
     "strength": "strong",
     "evidence": "The Preface",
     "reason": null
    },
    {
     "ordinal": 12,
     "position": "head",
     "kind": "foreign-work-banner",
     "strength": "strong",
     "evidence": "Renty’s Life",
     "reason": "names 'Renty', not the declared author 'Wesley, John'"
    },
    {
     "ordinal": 142,
     "position": "middle",
     "kind": "apparatus-title",
     "strength": "strong",
     "evidence": "The Preface",
     "reason": null
    },
    {
     "ordinal": 144,
     "position": "middle",
     "kind": "foreign-work-banner",
     "strength": "weak",
     "evidence": "The Life of Faith\nExemplified",
     "reason": "names 'Exemplified', not the declared author 'Wesley, John'"
    }
   ]
  },
  {
   "slug": "west-ce-analogy",
   "verdict": "FAIL",
   "author": "West, Charles Edward",
   "scanned": 18,
   "findings": [
    {
     "ordinal": 18,
     "position": "tail",
     "kind": "word-index-title",
     "strength": "strong",
     "evidence": "Latin Words and Phrases",
     "reason": null
    }
   ]
  },
  {
   "slug": "westcott-epistlehebrews",
   "verdict": "PASS",
   "author": "Westcott, Brooke Foss",
   "scanned": 27,
   "findings": []
  },
  {
   "slug": "white-acts",
   "verdict": "PASS",
   "author": "White, Ellen Gould",
   "scanned": 58,
   "findings": []
  },
  {
   "slug": "white-controversy",
   "verdict": "PASS",
   "author": "White, Ellen Gould",
   "scanned": 43,
   "findings": [
    {
     "ordinal": 26,
     "position": "middle",
     "kind": "foreign-work-banner",
     "strength": "weak",
     "evidence": "Work of Reform\n\nThe",
     "reason": "names 'The', not the declared author 'White, Ellen Gould'"
    }
   ]
  },
  {
   "slug": "white-desire",
   "verdict": "PASS",
   "author": "White, Ellen Gould",
   "scanned": 87,
   "findings": []
  },
  {
   "slug": "white-prophets",
   "verdict": "PASS",
   "author": "White, Ellen Gould",
   "scanned": 68,
   "findings": []
  },
  {
   "slug": "white-steps",
   "verdict": "PASS",
   "author": "White, Ellen Gould",
   "scanned": 14,
   "findings": []
  },
  {
   "slug": "whyte-pray",
   "verdict": "PASS",
   "author": "Whyte, Alexander",
   "scanned": 24,
   "findings": []
  },
  {
   "slug": "whyte-teresa",
   "verdict": "PASS",
   "author": "Whyte, Alexander",
   "scanned": 17,
   "findings": []
  },
  {
   "slug": "willison-testimony",
   "verdict": "FAIL",
   "author": "Willison, John",
   "scanned": 8,
   "findings": [
    {
     "ordinal": 2,
     "position": "head",
     "kind": "apparatus-title",
     "strength": "strong",
     "evidence": "The Preface",
     "reason": null
    },
    {
     "ordinal": 8,
     "position": "head",
     "kind": "word-index-title",
     "strength": "strong",
     "evidence": "Latin Words and Phrases",
     "reason": null
    }
   ]
  },
  {
   "slug": "winkworth-chorales",
   "verdict": "PASS",
   "author": "Winkworth, Catherine",
   "scanned": 206,
   "findings": []
  },
  {
   "slug": "winkworth-life",
   "verdict": "PASS",
   "author": "Winkworth, Catherine",
   "scanned": 121,
   "findings": []
  },
  {
   "slug": "winkworth-lyra",
   "verdict": "PASS",
   "author": "Winkworth, Catherine",
   "scanned": 104,
   "findings": []
  },
  {
   "slug": "winkworth-singers",
   "verdict": "PASS",
   "author": "Winkworth, Catherine",
   "scanned": 62,
   "findings": [
    {
     "ordinal": 55,
     "position": "tail",
     "kind": "foreign-work-banner",
     "strength": "weak",
     "evidence": "LIFE'S VOYAGE",
     "reason": "names 'LIFE', not the declared author 'Winkworth, Catherine'"
    }
   ]
  },
  {
   "slug": "woolman-journal",
   "verdict": "PASS",
   "author": "Woolman, John",
   "scanned": 16,
   "findings": []
  },
  {
   "slug": "wuttke-ethics2",
   "verdict": "FAIL",
   "author": "Wuttke, Adolf",
   "scanned": 38,
   "findings": [
    {
     "ordinal": 38,
     "position": "tail",
     "kind": "word-index-title",
     "strength": "strong",
     "evidence": "Latin Words and Phrases",
     "reason": null
    }
   ]
  },
  {
   "slug": "wyss-swiss",
   "verdict": "PASS",
   "author": "Wyss, Johann David",
   "scanned": 18,
   "findings": []
  },
  {
   "slug": "young-e-night",
   "verdict": "FAIL",
   "author": "Young, Edward",
   "scanned": 4,
   "findings": [
    {
     "ordinal": 4,
     "position": "head",
     "kind": "publisher-blurb-body",
     "strength": "strong",
     "evidence": "8vo, Pica Type, Extra Cloth Boards.\nEDITED BY REV. G. GILFILLAN.\n\nNow ready, Vol",
     "reason": null
    }
   ]
  }
 ]
}
JSON_DETAIL_END
